{
"type": "FeatureCollection",
"name": "Hidrografia_Aiquemes",
"crs": { "type": "name", "properties": { "name": "urn:ogc:def:crs:OGC:1.3:CRS84" } },
"features": [
{ "type": "Feature", "properties": { "NUCOMPTREC": 3.566, "NUDISTBACT": 2371.529, "NUDISTCDAG": 0.0, "NUAREACONT": 6.774, "NUAREAMONT": 1722.793, "NUDISTBACC": 2371.529, "NUAREABACC": 1722.793, "NUCOMPCDA": 81.292, "Shape__Len": 0, "OBJECTID": 267, "ID": 84540, "COTRECHO": 84540, "COCURSODAG": "46364", "COBACIA": "463641", "NOGENERICO": "Rio", "NOLIGACAO": null, "NOESPECIF": "Jamari", "NORIOCOMP": "Rio Jamari", "NOORIGINAL": "Rio Jamari", "COCDADESAG": "4636", "NUTRJUS": 2549, "NUORDEMCDA": 4, "NUNIVOTTO": 6, "NUNIVOTCDA": 5, "NUSTRAHLER": 3, "DEDOMINIAL": "Estadual", "DSVERSAO": "BHO bho_2017_v_01_05_50k de 2018-06-22" }, "geometry": { "type": "MultiLineString", "coordinates": [ [ [ -63.109736600000019, -9.488924099692786 ], [ -63.1106039, -9.491003099692698 ], [ -63.1133001, -9.491335199692674 ], [ -63.116654499999967, -9.487283799692829 ], [ -63.1183671, -9.485413799692877 ], [ -63.118771, -9.481219099692991 ], [ -63.119423, -9.478739899693085 ], [ -63.1224441, -9.475113299693179 ], [ -63.123718, -9.467464399693432 ] ] ] } },
{ "type": "Feature", "properties": { "NUCOMPTREC": 30.321, "NUDISTBACT": 2446.21, "NUDISTCDAG": 0.0, "NUAREACONT": 340.075, "NUAREAMONT": 962.899, "NUDISTBACC": 2446.21, "NUAREABACC": 962.899, "NUCOMPCDA": 63.843, "Shape__Len": 0, "OBJECTID": 269, "ID": 91115, "COTRECHO": 91115, "COCURSODAG": "463682", "COBACIA": "4636821", "NOGENERICO": "Rio", "NOLIGACAO": null, "NOESPECIF": "Quatro Cachoeiras", "NORIOCOMP": "Rio Quatro Cachoeiras", "NOORIGINAL": "Rio Quatro Cachoeiras", "COCDADESAG": "46368", "NUTRJUS": 91112, "NUORDEMCDA": 5, "NUNIVOTTO": 7, "NUNIVOTCDA": 6, "NUSTRAHLER": 2, "DEDOMINIAL": "Estadual", "DSVERSAO": "BHO bho_2017_v_01_05_50k de 2018-06-22" }, "geometry": { "type": "MultiLineString", "coordinates": [ [ [ -62.8501807, -10.184825099671178 ], [ -62.8592564, -10.180753999671261 ], [ -62.8656459, -10.175287299671442 ], [ -62.87305420000002, -10.165222099671757 ], [ -62.885692100000028, -10.156305299672027 ], [ -62.890208799999982, -10.154784199672083 ], [ -62.9033923, -10.159185299671954 ], [ -62.9063185, -10.15868949967196 ], [ -62.906776200000024, -10.158611999671981 ], [ -62.924213500000015, -10.136931799672659 ], [ -62.929005899999979, -10.133106399672746 ], [ -62.9303208, -10.132056799672791 ], [ -62.937824200000023, -10.128413899672902 ], [ -62.948513199999987, -10.126580599672986 ], [ -62.953518799999976, -10.12358269967304 ], [ -62.9548266, -10.1227993996731 ], [ -62.9588777, -10.118345499673193 ], [ -62.962509399999981, -10.111009799673425 ], [ -62.977752800000026, -10.097630799673855 ], [ -62.9919818, -10.088136799674135 ], [ -62.998078, -10.081666199674331 ], [ -63.009544699999985, -10.063394399674911 ], [ -63.0226103, -10.046130899675445 ], [ -63.034802099999979, -10.037784099675726 ], [ -63.048733299999981, -10.030593499675941 ], [ -63.054176700000028, -10.024627699676113 ], [ -63.05510060000001, -10.023615099676123 ] ] ] } },
{ "type": "Feature", "properties": { "NUCOMPTREC": 1.635, "NUDISTBACT": 2599.727, "NUDISTCDAG": 10.118, "NUAREACONT": 1.776, "NUAREAMONT": 555.911, "NUDISTBACC": 2589.609, "NUAREABACC": 1144.58, "NUCOMPCDA": 54.331, "Shape__Len": 0, "OBJECTID": 948, "ID": 88919, "COTRECHO": 88919, "COCURSODAG": "463448", "COBACIA": "4634483", "NOGENERICO": "Rio", "NOLIGACAO": null, "NOESPECIF": "Branco", "NORIOCOMP": "Rio Branco", "NOORIGINAL": "Rio Branco", "COCDADESAG": "46344", "NUTRJUS": 88912, "NUORDEMCDA": 5, "NUNIVOTTO": 7, "NUNIVOTCDA": 6, "NUSTRAHLER": 2, "DEDOMINIAL": "Estadual", "DSVERSAO": "BHO bho_2017_v_01_05_50k de 2018-06-22" }, "geometry": { "type": "MultiLineString", "coordinates": [ [ [ -62.557458699999984, -10.632896899657352 ], [ -62.560529299999985, -10.627595099657523 ], [ -62.5669681, -10.62433139965764 ], [ -62.5682693, -10.623671799657659 ] ] ] } },
{ "type": "Feature", "properties": { "NUCOMPTREC": 9.483, "NUDISTBACT": 2397.583, "NUDISTCDAG": 122.273, "NUAREACONT": 88.578, "NUAREAMONT": 244.134, "NUDISTBACC": 2275.31, "NUAREABACC": 2395.833, "NUCOMPCDA": 149.933, "Shape__Len": 0, "OBJECTID": 4522, "ID": 90118, "COTRECHO": 90118, "COCURSODAG": "463526", "COBACIA": "463526991", "NOGENERICO": "Rio", "NOLIGACAO": null, "NOESPECIF": "Jacundá", "NORIOCOMP": "Rio Jacundá", "NOORIGINAL": "Rio Jacundá", "COCDADESAG": "46352", "NUTRJUS": 90183, "NUORDEMCDA": 4, "NUNIVOTTO": 9, "NUNIVOTCDA": 6, "NUSTRAHLER": 2, "DEDOMINIAL": "Estadual", "DSVERSAO": "BHO bho_2017_v_01_05_50k de 2018-06-22" }, "geometry": { "type": "MultiLineString", "coordinates": [ [ [ -62.805115199999989, -9.414790999695061 ], [ -62.806103, -9.40665209969532 ], [ -62.8222086, -9.36722779969659 ], [ -62.822882100000015, -9.363496999696675 ], [ -62.823117, -9.362196099696737 ], [ -62.822674099999958, -9.354969999696941 ], [ -62.820658808252574, -9.351298934121331 ] ] ] } },
{ "type": "Feature", "properties": { "NUCOMPTREC": 4.05, "NUDISTBACT": 2507.215, "NUDISTCDAG": 17.249, "NUAREACONT": 6.462, "NUAREAMONT": 123.055, "NUDISTBACC": 2489.965, "NUAREABACC": 396.831, "NUCOMPCDA": 34.171, "Shape__Len": 0, "OBJECTID": 5726, "ID": 77225, "COTRECHO": 77225, "COCURSODAG": "4636282", "COBACIA": "46362825", "NOGENERICO": null, "NOLIGACAO": null, "NOESPECIF": null, "NORIOCOMP": null, "NOORIGINAL": null, "COCDADESAG": "463628", "NUTRJUS": 91056, "NUORDEMCDA": 6, "NUNIVOTTO": 8, "NUNIVOTCDA": 7, "NUSTRAHLER": 2, "DEDOMINIAL": "Estadual", "DSVERSAO": "BHO bho_2017_v_01_05_50k de 2018-06-22" }, "geometry": { "type": "MultiLineString", "coordinates": [ [ [ -63.452320199999967, -9.74877919968467 ], [ -63.4639547, -9.741386399684917 ], [ -63.4697076, -9.740160299684968 ], [ -63.484718199999961, -9.741021599684938 ], [ -63.486835499999977, -9.741142899684929 ] ] ] } },
{ "type": "Feature", "properties": { "NUCOMPTREC": 7.793, "NUDISTBACT": 2550.215, "NUDISTCDAG": 7.163, "NUAREACONT": 33.387, "NUAREAMONT": 522.909, "NUDISTBACC": 2543.052, "NUAREABACC": 676.929, "NUCOMPCDA": 54.409, "Shape__Len": 0, "OBJECTID": 6661, "ID": 75186, "COTRECHO": 75186, "COCURSODAG": "463444", "COBACIA": "4634443", "NOGENERICO": "Rio", "NOLIGACAO": null, "NOESPECIF": "Taquifone", "NORIOCOMP": "Rio Taquifone", "NOORIGINAL": "Rio Taquifone", "COCDADESAG": "46344", "NUTRJUS": 16544, "NUORDEMCDA": 5, "NUNIVOTTO": 7, "NUNIVOTCDA": 6, "NUSTRAHLER": 3, "DEDOMINIAL": "Estadual", "DSVERSAO": "BHO bho_2017_v_01_05_50k de 2018-06-22" }, "geometry": { "type": "MultiLineString", "coordinates": [ [ [ -62.4591939, -10.296534899667703 ], [ -62.458357499999977, -10.296496499667708 ], [ -62.437503100000022, -10.295539399667746 ], [ -62.421519600000011, -10.297667799667687 ], [ -62.415701800000015, -10.300823299667577 ], [ -62.408282299999989, -10.308581699667334 ], [ -62.403193400000021, -10.309436199667324 ], [ -62.393161, -10.305967899667415 ] ] ] } },
{ "type": "Feature", "properties": { "NUCOMPTREC": 8.278, "NUDISTBACT": 2469.005, "NUDISTCDAG": 293.593, "NUAREACONT": 54.874, "NUAREAMONT": 4190.301, "NUDISTBACC": 2175.413, "NUAREABACC": 29090.417, "NUCOMPCDA": 441.457, "Shape__Len": 0, "OBJECTID": 10381, "ID": 91154, "COTRECHO": 91154, "COCURSODAG": "4636", "COBACIA": "4636933", "NOGENERICO": "Rio", "NOLIGACAO": null, "NOESPECIF": "Jamari", "NORIOCOMP": "Rio Jamari", "NOORIGINAL": "Rio Jamari", "COCDADESAG": "46", "NUTRJUS": 91122, "NUORDEMCDA": 3, "NUNIVOTTO": 7, "NUNIVOTCDA": 4, "NUSTRAHLER": 4, "DEDOMINIAL": "Estadual", "DSVERSAO": "BHO bho_2017_v_01_05_50k de 2018-06-22" }, "geometry": { "type": "MultiLineString", "coordinates": [ [ [ -63.222369399999984, -10.196206299670784 ], [ -63.22135830000002, -10.192910199670891 ], [ -63.2190355, -10.191572899670934 ], [ -63.202983, -10.192619699670955 ], [ -63.2021092, -10.191470199670983 ], [ -63.2021092, -10.188591899671053 ], [ -63.211257, -10.183115699671189 ], [ -63.212996499999974, -10.179229499671356 ], [ -63.212988699999983, -10.172324999671551 ], [ -63.208890499999988, -10.14980769967225 ], [ -63.208304100000021, -10.146584399672355 ] ] ] } },
{ "type": "Feature", "properties": { "NUCOMPTREC": 2.944, "NUDISTBACT": 2424.348, "NUDISTCDAG": 0.0, "NUAREACONT": 11.686, "NUAREAMONT": 1238.507, "NUDISTBACC": 2424.348, "NUAREABACC": 1238.507, "NUCOMPCDA": 73.723, "Shape__Len": 0, "OBJECTID": 19734, "ID": 91019, "COTRECHO": 91019, "COCURSODAG": "46366", "COBACIA": "463661", "NOGENERICO": "Braço", "NOLIGACAO": null, "NOESPECIF": "Sul Rio Branco", "NORIOCOMP": "Braço Sul Rio Branco", "NOORIGINAL": "Braço Sul Rio Branco", "COCDADESAG": "4636", "NUTRJUS": 87764, "NUORDEMCDA": 4, "NUNIVOTTO": 6, "NUNIVOTCDA": 5, "NUSTRAHLER": 3, "DEDOMINIAL": "Estadual", "DSVERSAO": "BHO bho_2017_v_01_05_50k de 2018-06-22" }, "geometry": { "type": "MultiLineString", "coordinates": [ [ [ -63.040168800000011, -9.8416071996818 ], [ -63.0443194, -9.841222699681808 ], [ -63.0577012, -9.849036099681539 ], [ -63.0643245, -9.847186299681594 ], [ -63.0645224, -9.847131099681629 ] ] ] } },
{ "type": "Feature", "properties": { "NUCOMPTREC": 6.428, "NUDISTBACT": 2592.909, "NUDISTCDAG": 373.07, "NUAREACONT": 54.82, "NUAREAMONT": 809.796, "NUDISTBACC": 2219.839, "NUAREABACC": 13132.064, "NUCOMPCDA": 435.326, "Shape__Len": 0, "OBJECTID": 21339, "ID": 91066, "COTRECHO": 91066, "COCURSODAG": "46362", "COBACIA": "46362991", "NOGENERICO": "Braço", "NOLIGACAO": null, "NOESPECIF": "Esquerdo", "NORIOCOMP": "Braço Esquerdo", "NOORIGINAL": "Braço Esquerdo", "COCDADESAG": "4636", "NUTRJUS": 91061, "NUORDEMCDA": 4, "NUNIVOTTO": 8, "NUNIVOTCDA": 5, "NUSTRAHLER": 2, "DEDOMINIAL": "Estadual", "DSVERSAO": "BHO bho_2017_v_01_05_50k de 2018-06-22" }, "geometry": { "type": "MultiLineString", "coordinates": [ [ [ -63.756255413488589, -10.362739630928402 ], [ -63.755887200000018, -10.35249459966599 ], [ -63.746580300000012, -10.341676399666309 ], [ -63.744374199999982, -10.339111799666412 ] ] ] } },
{ "type": "Feature", "properties": { "NUCOMPTREC": 14.042, "NUDISTBACT": 2545.519, "NUDISTCDAG": 325.681, "NUAREACONT": 72.203, "NUAREAMONT": 2673.535, "NUDISTBACC": 2219.839, "NUAREABACC": 13132.064, "NUCOMPCDA": 435.326, "Shape__Len": 0, "OBJECTID": 21488, "ID": 91042, "COTRECHO": 91042, "COCURSODAG": "46362", "COBACIA": "46362931", "NOGENERICO": "Rio", "NOLIGACAO": null, "NOESPECIF": "Candeias", "NORIOCOMP": "Rio Candeias", "NOORIGINAL": "Rio Candeias", "COCDADESAG": "4636", "NUTRJUS": 91036, "NUORDEMCDA": 4, "NUNIVOTTO": 8, "NUNIVOTCDA": 5, "NUSTRAHLER": 3, "DEDOMINIAL": "Estadual", "DSVERSAO": "BHO bho_2017_v_01_05_50k de 2018-06-22" }, "geometry": { "type": "MultiLineString", "coordinates": [ [ [ -63.7668076, -10.083589999674308 ], [ -63.767040300000012, -10.083295599674292 ], [ -63.775295299999968, -10.07285049967464 ], [ -63.775429200000012, -10.068678199674784 ], [ -63.7678641, -10.061355999674978 ], [ -63.7661708, -10.050922599675289 ], [ -63.7697031, -10.041787599675612 ], [ -63.7763675, -10.036162499675754 ], [ -63.777542499999981, -10.032715699675853 ], [ -63.777248600000014, -10.029749099675964 ], [ -63.7708091, -10.017616199676363 ], [ -63.7736891, -10.008545699676635 ], [ -63.7707785, -10.004813999676745 ], [ -63.762645700000014, -10.00252999967679 ], [ -63.7600289, -10.00023169967686 ], [ -63.7610244, -9.991022199677142 ], [ -63.759128299999986, -9.987291099677279 ], [ -63.761617600000022, -9.979429299677513 ], [ -63.761695499999966, -9.979183199677555 ] ] ] } },
{ "type": "Feature", "properties": { "NUCOMPTREC": 15.288, "NUDISTBACT": 2570.953, "NUDISTCDAG": 0.0, "NUAREACONT": 84.204, "NUAREAMONT": 84.204, "NUDISTBACC": 2570.953, "NUAREABACC": 84.204, "NUCOMPCDA": 15.288, "Shape__Len": 0, "OBJECTID": 21489, "ID": 91041, "COTRECHO": 91041, "COCURSODAG": "46362934", "COBACIA": "46362934", "NOGENERICO": null, "NOLIGACAO": null, "NOESPECIF": null, "NORIOCOMP": null, "NOORIGINAL": null, "COCDADESAG": "46362", "NUTRJUS": 91046, "NUORDEMCDA": 5, "NUNIVOTTO": 8, "NUNIVOTCDA": 8, "NUSTRAHLER": 1, "DEDOMINIAL": "Estadual", "DSVERSAO": "BHO bho_2017_v_01_05_50k de 2018-06-22" }, "geometry": { "type": "MultiLineString", "coordinates": [ [ [ -63.623309399999982, -10.221138099670066 ], [ -63.6272272, -10.211086799670335 ], [ -63.632639900000022, -10.188467799671059 ], [ -63.635333300000013, -10.183109999671219 ], [ -63.6417, -10.178312699671366 ], [ -63.650733399999972, -10.177242099671405 ], [ -63.656241799999961, -10.17866879967138 ], [ -63.6636158, -10.18422149967116 ], [ -63.667697499999974, -10.18554829967114 ], [ -63.694416100000012, -10.184051999671198 ], [ -63.7019578, -10.179434199671338 ], [ -63.711658399999976, -10.165316899671771 ], [ -63.717799, -10.162602399671874 ], [ -63.719970699999976, -10.161642399671882 ] ] ] } },
{ "type": "Feature", "properties": { "NUCOMPTREC": 16.614, "NUDISTBACT": 2399.408, "NUDISTCDAG": 0.0, "NUAREACONT": 91.008, "NUAREAMONT": 91.008, "NUDISTBACC": 2399.408, "NUAREABACC": 91.008, "NUCOMPCDA": 16.614, "Shape__Len": 0, "OBJECTID": 21536, "ID": 89909, "COTRECHO": 89909, "COCURSODAG": "4636442", "COBACIA": "4636442", "NOGENERICO": "Igarapé", "NOLIGACAO": null, "NOESPECIF": "Duas Nações", "NORIOCOMP": "Igarapé Duas Nações", "NOORIGINAL": "Igarapé Duas Nações", "COCDADESAG": "463644", "NUTRJUS": 91093, "NUORDEMCDA": 6, "NUNIVOTTO": 7, "NUNIVOTCDA": 7, "NUSTRAHLER": 1, "DEDOMINIAL": "Estadual", "DSVERSAO": "BHO bho_2017_v_01_05_50k de 2018-06-22" }, "geometry": { "type": "MultiLineString", "coordinates": [ [ [ -62.803795499999971, -9.501762699692341 ], [ -62.814503300000013, -9.486296999692838 ], [ -62.827587900000019, -9.477967499693099 ], [ -62.835324, -9.475588599693166 ], [ -62.8478136, -9.466071799693498 ], [ -62.8549547, -9.466071199693479 ], [ -62.859116500000027, -9.470827899693354 ], [ -62.8614971, -9.476776299693135 ], [ -62.86566269999998, -9.479753499693068 ], [ -62.881722799999977, -9.485104599692896 ], [ -62.9025436, -9.477967799693095 ], [ -62.912061499999986, -9.47618279969317 ], [ -62.918307, -9.473375499693235 ], [ -62.920366, -9.472449999693263 ], [ -62.92905, -9.471396799693293 ], [ -62.929990499999981, -9.47128269969334 ] ] ] } },
{ "type": "Feature", "properties": { "NUCOMPTREC": 13.001, "NUDISTBACT": 2424.412, "NUDISTCDAG": 0.0, "NUAREACONT": 54.088, "NUAREAMONT": 54.088, "NUDISTBACC": 2424.412, "NUAREABACC": 54.088, "NUCOMPCDA": 13.001, "Shape__Len": 0, "OBJECTID": 21561, "ID": 91096, "COTRECHO": 91096, "COCURSODAG": "4636464", "COBACIA": "4636464", "NOGENERICO": "Igarapé", "NOLIGACAO": "do", "NOESPECIF": "Mineiro", "NORIOCOMP": "Igarapé do Mineiro", "NOORIGINAL": "Igarapé do Mineiro", "COCDADESAG": "463646", "NUTRJUS": 91095, "NUORDEMCDA": 6, "NUNIVOTTO": 7, "NUNIVOTCDA": 7, "NUSTRAHLER": 1, "DEDOMINIAL": "Estadual", "DSVERSAO": "BHO bho_2017_v_01_05_50k de 2018-06-22" }, "geometry": { "type": "MultiLineString", "coordinates": [ [ [ -62.8879649, -9.789645699683396 ], [ -62.9005072, -9.783983299683575 ], [ -62.919638500000012, -9.778423299683745 ], [ -62.9226408, -9.776309899683826 ], [ -62.928015300000027, -9.765514199684143 ], [ -62.930483499999973, -9.749685799684654 ], [ -62.9248301, -9.730981199685214 ], [ -62.9246928, -9.708395499685933 ], [ -62.9184555, -9.705081599686064 ], [ -62.918449599999981, -9.705070999686013 ], [ -62.917307100000016, -9.702998799686092 ] ] ] } },
{ "type": "Feature", "properties": { "NUCOMPTREC": 10.817, "NUDISTBACT": 2449.641, "NUDISTCDAG": 0.0, "NUAREACONT": 67.022, "NUAREAMONT": 67.022, "NUDISTBACC": 2449.641, "NUAREABACC": 67.022, "NUCOMPCDA": 10.817, "Shape__Len": 0, "OBJECTID": 21762, "ID": 89315, "COTRECHO": 89315, "COCURSODAG": "4636922", "COBACIA": "4636922", "NOGENERICO": null, "NOLIGACAO": null, "NOESPECIF": null, "NORIOCOMP": null, "NOORIGINAL": null, "COCDADESAG": "463692", "NUTRJUS": 90318, "NUORDEMCDA": 5, "NUNIVOTTO": 7, "NUNIVOTCDA": 7, "NUSTRAHLER": 1, "DEDOMINIAL": "Estadual", "DSVERSAO": "BHO bho_2017_v_01_05_50k de 2018-06-22" }, "geometry": { "type": "MultiLineString", "coordinates": [ [ [ -63.2496096, -9.981646999677467 ], [ -63.242125, -9.977058599677616 ], [ -63.225199299999979, -9.971616399677789 ], [ -63.2116952, -9.964000299678011 ], [ -63.207342400000016, -9.963714799677996 ], [ -63.200376800000022, -9.966453099677947 ], [ -63.1953029, -9.974660399677681 ], [ -63.191965, -9.975955499677626 ], [ -63.180353299999979, -9.969194899677825 ], [ -63.173379899999986, -9.959850999678148 ], [ -63.1697875, -9.958319999678189 ], [ -63.168035299999985, -9.957573199678221 ] ] ] } },
{ "type": "Feature", "properties": { "NUCOMPTREC": 15.296, "NUDISTBACT": 2450.226, "NUDISTCDAG": 0.0, "NUAREACONT": 103.191, "NUAREAMONT": 103.191, "NUDISTBACC": 2450.226, "NUAREABACC": 103.191, "NUCOMPCDA": 15.296, "Shape__Len": 0, "OBJECTID": 21787, "ID": 89311, "COTRECHO": 89311, "COCURSODAG": "4636566", "COBACIA": "4636566", "NOGENERICO": null, "NOLIGACAO": null, "NOESPECIF": null, "NORIOCOMP": null, "NOORIGINAL": null, "COCDADESAG": "463656", "NUTRJUS": 90342, "NUORDEMCDA": 5, "NUNIVOTTO": 7, "NUNIVOTCDA": 7, "NUSTRAHLER": 1, "DEDOMINIAL": "Estadual", "DSVERSAO": "BHO bho_2017_v_01_05_50k de 2018-06-22" }, "geometry": { "type": "MultiLineString", "coordinates": [ [ [ -63.366497, -10.050048199675327 ], [ -63.3516651, -10.026903599676077 ], [ -63.348751199999981, -10.015392499676432 ], [ -63.348743399999989, -10.008485199676615 ], [ -63.349898900000014, -10.001870199676807 ], [ -63.354827800000017, -9.997400699676986 ], [ -63.3641129, -9.99307839967709 ], [ -63.370201300000012, -9.987603399677273 ], [ -63.3765752, -9.97795769967756 ], [ -63.380913, -9.96040029967812 ], [ -63.378280599999982, -9.945441899678563 ], [ -63.379755499999987, -9.933541999678944 ], [ -63.380035099999986, -9.931285699679005 ] ] ] } },
{ "type": "Feature", "properties": { "NUCOMPTREC": 12.502, "NUDISTBACT": 2450.226, "NUDISTCDAG": 47.783, "NUAREACONT": 68.203, "NUAREAMONT": 494.697, "NUDISTBACC": 2402.443, "NUAREABACC": 1103.938, "NUCOMPCDA": 110.558, "Shape__Len": 0, "OBJECTID": 21788, "ID": 90359, "COTRECHO": 90359, "COCURSODAG": "463656", "COBACIA": "4636567", "NOGENERICO": "Rio", "NOLIGACAO": null, "NOESPECIF": "Maçangana", "NORIOCOMP": "Rio Maçangana", "NOORIGINAL": "Rio Maçangana", "COCDADESAG": "4636", "NUTRJUS": 90342, "NUORDEMCDA": 4, "NUNIVOTTO": 7, "NUNIVOTCDA": 6, "NUSTRAHLER": 2, "DEDOMINIAL": "Estadual", "DSVERSAO": "BHO bho_2017_v_01_05_50k de 2018-06-22" }, "geometry": { "type": "MultiLineString", "coordinates": [ [ [ -63.438042600000017, -10.016306199676356 ], [ -63.4340636, -10.012961699676481 ], [ -63.4306758, -10.007227199676652 ], [ -63.430126799999968, -9.991183199677181 ], [ -63.4272196, -9.987307699677253 ], [ -63.422428399999987, -9.984432099677356 ], [ -63.418640499999967, -9.97379199967769 ], [ -63.415295, -9.969336399677809 ], [ -63.407166, -9.964310299678015 ], [ -63.4033665, -9.943891299678651 ], [ -63.396538, -9.937709599678824 ], [ -63.381920700000023, -9.932019799678974 ], [ -63.380035099999986, -9.931285699679005 ] ] ] } },
{ "type": "Feature", "properties": { "NUCOMPTREC": 14.6, "NUDISTBACT": 2462.728, "NUDISTCDAG": 0.0, "NUAREACONT": 91.356, "NUAREAMONT": 91.356, "NUDISTBACC": 2462.728, "NUAREABACC": 91.356, "NUCOMPCDA": 14.6, "Shape__Len": 0, "OBJECTID": 21789, "ID": 89345, "COTRECHO": 89345, "COCURSODAG": "4636568", "COBACIA": "4636568", "NOGENERICO": null, "NOLIGACAO": null, "NOESPECIF": null, "NORIOCOMP": null, "NOORIGINAL": null, "COCDADESAG": "463656", "NUTRJUS": 90359, "NUORDEMCDA": 5, "NUNIVOTTO": 7, "NUNIVOTCDA": 7, "NUSTRAHLER": 1, "DEDOMINIAL": "Estadual", "DSVERSAO": "BHO bho_2017_v_01_05_50k de 2018-06-22" }, "geometry": { "type": "MultiLineString", "coordinates": [ [ [ -63.399410900000028, -10.139211499672564 ], [ -63.415612, -10.087832199674155 ], [ -63.431534300000017, -10.052416399675284 ], [ -63.4357231, -10.03687509967572 ], [ -63.439343199999975, -10.030825099675955 ], [ -63.4399193, -10.024784499676128 ], [ -63.4382256, -10.017132799676363 ], [ -63.438042600000017, -10.016306199676356 ] ] ] } },
{ "type": "Feature", "properties": { "NUCOMPTREC": 13.562, "NUDISTBACT": 2456.272, "NUDISTCDAG": 0.0, "NUAREACONT": 65.139, "NUAREAMONT": 65.139, "NUDISTBACC": 2456.272, "NUAREABACC": 65.139, "NUCOMPCDA": 13.562, "Shape__Len": 0, "OBJECTID": 21886, "ID": 89506, "COTRECHO": 89506, "COCURSODAG": "4636644", "COBACIA": "4636644", "NOGENERICO": "Igarapé", "NOLIGACAO": null, "NOESPECIF": "Mato Grosso", "NORIOCOMP": "Igarapé Mato Grosso", "NOORIGINAL": "Igarapé Mato Grosso", "COCDADESAG": "463664", "NUTRJUS": 89349, "NUORDEMCDA": 6, "NUNIVOTTO": 7, "NUNIVOTCDA": 7, "NUSTRAHLER": 1, "DEDOMINIAL": "Estadual", "DSVERSAO": "BHO bho_2017_v_01_05_50k de 2018-06-22" }, "geometry": { "type": "MultiLineString", "coordinates": [ [ [ -62.77170719999998, -10.005524699676736 ], [ -62.785665699999981, -10.00046239967687 ], [ -62.788950100000022, -9.997022299677013 ], [ -62.790884, -9.991282299677174 ], [ -62.793299, -9.990325599677195 ], [ -62.8099542, -9.990912199677199 ], [ -62.82259590000001, -9.984884999677384 ], [ -62.8389995, -9.983306599677396 ], [ -62.850611300000025, -9.976120299677614 ], [ -62.866869699999988, -9.969507499677851 ], [ -62.880625800000018, -9.968800699677837 ], [ -62.881128199999985, -9.96877479967786 ], [ -62.8835288, -9.968651299677832 ] ] ] } },
{ "type": "Feature", "properties": { "NUCOMPTREC": 8.669, "NUDISTBACT": 2456.272, "NUDISTCDAG": 14.855, "NUAREACONT": 60.882, "NUAREAMONT": 238.374, "NUDISTBACC": 2441.417, "NUAREABACC": 465.139, "NUCOMPCDA": 41.627, "Shape__Len": 0, "OBJECTID": 21888, "ID": 89080, "COTRECHO": 89080, "COCURSODAG": "463664", "COBACIA": "4636645", "NOGENERICO": "Braço", "NOLIGACAO": null, "NOESPECIF": "Sul Rio Branco", "NORIOCOMP": "Braço Sul Rio Branco", "NOORIGINAL": "Braço Sul Rio Branco", "COCDADESAG": "46366", "NUTRJUS": 89349, "NUORDEMCDA": 5, "NUNIVOTTO": 7, "NUNIVOTCDA": 6, "NUSTRAHLER": 2, "DEDOMINIAL": "Estadual", "DSVERSAO": "BHO bho_2017_v_01_05_50k de 2018-06-22" }, "geometry": { "type": "MultiLineString", "coordinates": [ [ [ -62.840265699999961, -10.026238499676056 ], [ -62.878405400000013, -9.995897099676993 ], [ -62.879870700000012, -9.988357999677259 ], [ -62.880099299999983, -9.987181499677304 ], [ -62.877482600000015, -9.979356399677501 ], [ -62.8830239, -9.96954529967782 ], [ -62.8835288, -9.968651299677832 ] ] ] } },
{ "type": "Feature", "properties": { "NUCOMPTREC": 16.309, "NUDISTBACT": 2491.225, "NUDISTCDAG": 0.0, "NUAREACONT": 86.795, "NUAREAMONT": 86.795, "NUDISTBACC": 2491.225, "NUAREABACC": 86.795, "NUCOMPCDA": 16.309, "Shape__Len": 0, "OBJECTID": 21911, "ID": 90156, "COTRECHO": 90156, "COCURSODAG": "4636844", "COBACIA": "4636844", "NOGENERICO": null, "NOLIGACAO": null, "NOESPECIF": null, "NORIOCOMP": null, "NOORIGINAL": null, "COCDADESAG": "463684", "NUTRJUS": 91119, "NUORDEMCDA": 6, "NUNIVOTTO": 7, "NUNIVOTCDA": 7, "NUSTRAHLER": 1, "DEDOMINIAL": "Estadual", "DSVERSAO": "BHO bho_2017_v_01_05_50k de 2018-06-22" }, "geometry": { "type": "MultiLineString", "coordinates": [ [ [ -62.9658217, -10.496251299661539 ], [ -62.967660599999988, -10.491371299661743 ], [ -62.961145, -10.475228399662202 ], [ -62.9605649, -10.470478899662339 ], [ -62.962018300000011, -10.466448299662501 ], [ -62.968995500000013, -10.460984999662637 ], [ -62.970303899999969, -10.456524399662763 ], [ -62.9691444, -10.451778199662911 ], [ -62.9649288, -10.449620999662971 ], [ -62.9518481, -10.44832489966303 ], [ -62.9463247, -10.443861599663165 ], [ -62.945164700000028, -10.440123199663301 ], [ -62.945893500000011, -10.429334299663617 ], [ -62.944005199999985, -10.421564899663874 ], [ -62.926861599999981, -10.391637399664768 ], [ -62.923006400000027, -10.380134599665157 ], [ -62.922306499999976, -10.378046199665233 ] ] ] } },
{ "type": "Feature", "properties": { "NUCOMPTREC": 14.041, "NUDISTBACT": 2466.644, "NUDISTCDAG": 0.0, "NUAREACONT": 67.215, "NUAREAMONT": 67.215, "NUDISTBACC": 2466.644, "NUAREABACC": 67.215, "NUCOMPCDA": 14.041, "Shape__Len": 0, "OBJECTID": 21916, "ID": 90877, "COTRECHO": 90877, "COCURSODAG": "4636852", "COBACIA": "4636852", "NOGENERICO": null, "NOLIGACAO": null, "NOESPECIF": null, "NORIOCOMP": null, "NOORIGINAL": null, "COCDADESAG": "46368", "NUTRJUS": 90202, "NUORDEMCDA": 5, "NUNIVOTTO": 7, "NUNIVOTCDA": 7, "NUSTRAHLER": 1, "DEDOMINIAL": "Estadual", "DSVERSAO": "BHO bho_2017_v_01_05_50k de 2018-06-22" }, "geometry": { "type": "MultiLineString", "coordinates": [ [ [ -63.184729800000021, -10.273195299668435 ], [ -63.178190799999975, -10.268593599668549 ], [ -63.164244600000018, -10.263997999668728 ], [ -63.157412299999969, -10.258532499668885 ], [ -63.154360600000018, -10.25465079966898 ], [ -63.1494166, -10.242712399669395 ], [ -63.136480899999981, -10.229987899669801 ], [ -63.126604, -10.217543999670132 ], [ -63.121805100000017, -10.206034999670505 ], [ -63.122667200000024, -10.18445599967119 ], [ -63.118481299999985, -10.178672899671342 ], [ -63.117368899999974, -10.177135899671404 ] ] ] } },
{ "type": "Feature", "properties": { "NUCOMPTREC": 16.243, "NUDISTBACT": 2450.376, "NUDISTCDAG": 0.0, "NUAREACONT": 53.011, "NUAREAMONT": 53.011, "NUDISTBACC": 2450.376, "NUAREABACC": 53.011, "NUCOMPCDA": 16.243, "Shape__Len": 0, "OBJECTID": 23581, "ID": 88748, "COTRECHO": 88748, "COCURSODAG": "46342942", "COBACIA": "46342942", "NOGENERICO": "Igarapé", "NOLIGACAO": null, "NOESPECIF": "Jandaia", "NORIOCOMP": "Igarapé Jandaia", "NOORIGINAL": "Igarapé Jandaia", "COCDADESAG": "4634294", "NUTRJUS": 88751, "NUORDEMCDA": 6, "NUNIVOTTO": 8, "NUNIVOTCDA": 8, "NUSTRAHLER": 1, "DEDOMINIAL": "Estadual", "DSVERSAO": "BHO bho_2017_v_01_05_50k de 2018-06-22" }, "geometry": { "type": "MultiLineString", "coordinates": [ [ [ -62.641129299999974, -10.038756999675655 ], [ -62.6351398, -10.038558699675706 ], [ -62.6319087, -10.03673919967575 ], [ -62.626026299999978, -10.028984699676016 ], [ -62.615368400000023, -10.019310899676285 ], [ -62.607547899999986, -10.017290799676358 ], [ -62.5926594, -10.01806419967636 ], [ -62.587002100000014, -10.015037499676424 ], [ -62.5835265, -10.010425299676575 ], [ -62.5768658, -9.995452499677018 ], [ -62.5722313, -9.989549099677181 ], [ -62.566719, -9.985083999677325 ], [ -62.5517805, -9.978159599677591 ], [ -62.546271600000019, -9.973834599677673 ], [ -62.544246, -9.968076199677865 ], [ -62.544723099999985, -9.953678299678298 ], [ -62.543948699999973, -9.952032199678387 ], [ -62.543521399999975, -9.951123899678434 ] ] ] } },
{ "type": "Feature", "properties": { "NUCOMPTREC": 4.744, "NUDISTBACT": 2437.931, "NUDISTCDAG": 158.951, "NUAREACONT": 49.713, "NUAREAMONT": 567.32, "NUDISTBACC": 2278.98, "NUAREABACC": 5511.716, "NUCOMPCDA": 202.14, "Shape__Len": 0, "OBJECTID": 23582, "ID": 80225, "COTRECHO": 80225, "COCURSODAG": "46342", "COBACIA": "4634295", "NOGENERICO": "Rio", "NOLIGACAO": null, "NOESPECIF": "Machadinho", "NORIOCOMP": "Rio Machadinho", "NOORIGINAL": "Rio Machadinho", "COCDADESAG": "4634", "NUTRJUS": 88750, "NUORDEMCDA": 4, "NUNIVOTTO": 7, "NUNIVOTCDA": 5, "NUSTRAHLER": 2, "DEDOMINIAL": "Estadual", "DSVERSAO": "BHO bho_2017_v_01_05_50k de 2018-06-22" }, "geometry": { "type": "MultiLineString", "coordinates": [ [ [ -62.467356199999983, -9.925350499679174 ], [ -62.46655879999998, -9.921615599679319 ], [ -62.466475100000011, -9.921223299679339 ], [ -62.4626905, -9.908019399679727 ], [ -62.454153200000015, -9.89203759968021 ], [ -62.4551783, -9.887209199680358 ], [ -62.45549590000001, -9.885712599680399 ] ] ] } },
{ "type": "Feature", "properties": { "NUCOMPTREC": 19.42, "NUDISTBACT": 2601.362, "NUDISTCDAG": 0.0, "NUAREACONT": 65.514, "NUAREAMONT": 65.514, "NUDISTBACC": 2601.362, "NUAREABACC": 65.514, "NUCOMPCDA": 19.42, "Shape__Len": 0, "OBJECTID": 24121, "ID": 88931, "COTRECHO": 88931, "COCURSODAG": "4634484", "COBACIA": "4634484", "NOGENERICO": null, "NOLIGACAO": null, "NOESPECIF": null, "NORIOCOMP": null, "NOORIGINAL": null, "COCDADESAG": "463448", "NUTRJUS": 88919, "NUORDEMCDA": 6, "NUNIVOTTO": 7, "NUNIVOTCDA": 7, "NUSTRAHLER": 1, "DEDOMINIAL": "Estadual", "DSVERSAO": "BHO bho_2017_v_01_05_50k de 2018-06-22" }, "geometry": { "type": "MultiLineString", "coordinates": [ [ [ -62.543765610565416, -10.662730327361343 ], [ -62.54343979999998, -10.661072099656502 ], [ -62.5568443, -10.643108599657042 ], [ -62.557386800000018, -10.634092999657323 ], [ -62.557458699999984, -10.632896899657352 ] ] ] } },
{ "type": "Feature", "properties": { "NUCOMPTREC": 2.32, "NUDISTBACT": 2527.539, "NUDISTCDAG": 43.649, "NUAREACONT": 45.929, "NUAREAMONT": 5650.107, "NUDISTBACC": 2483.89, "NUAREABACC": 7273.882, "NUCOMPCDA": 211.426, "Shape__Len": 0, "OBJECTID": 24332, "ID": 80283, "COTRECHO": 80283, "COCURSODAG": "46344", "COBACIA": "4634433", "NOGENERICO": "Rio", "NOLIGACAO": null, "NOESPECIF": "Jaru", "NORIOCOMP": "Rio Jaru", "NOORIGINAL": "Rio Jaru", "COCDADESAG": "4634", "NUTRJUS": 86667, "NUORDEMCDA": 4, "NUNIVOTTO": 7, "NUNIVOTCDA": 5, "NUSTRAHLER": 4, "DEDOMINIAL": "Estadual", "DSVERSAO": "BHO bho_2017_v_01_05_50k de 2018-06-22" }, "geometry": { "type": "MultiLineString", "coordinates": [ [ [ -62.249497799999965, -10.246283999669265 ], [ -62.249468299999975, -10.246273999669292 ], [ -62.2438788, -10.244379599669317 ], [ -62.2373093, -10.247320799669243 ], [ -62.2354254, -10.247555599669223 ], [ -62.2293856, -10.248308499669211 ], [ -62.229367599999989, -10.248310799669211 ] ] ] } },
{ "type": "Feature", "properties": { "NUCOMPTREC": 8.692, "NUDISTBACT": 2529.859, "NUDISTCDAG": 45.969, "NUAREACONT": 77.755, "NUAREAMONT": 5529.605, "NUDISTBACC": 2483.89, "NUAREABACC": 7273.882, "NUCOMPCDA": 211.426, "Shape__Len": 0, "OBJECTID": 24361, "ID": 75210, "COTRECHO": 75210, "COCURSODAG": "46344", "COBACIA": "4634435", "NOGENERICO": "Rio", "NOLIGACAO": null, "NOESPECIF": "Jaru", "NORIOCOMP": "Rio Jaru", "NOORIGINAL": "Rio Jaru", "COCDADESAG": "4634", "NUTRJUS": 80283, "NUORDEMCDA": 4, "NUNIVOTTO": 7, "NUNIVOTCDA": 5, "NUSTRAHLER": 4, "DEDOMINIAL": "Estadual", "DSVERSAO": "BHO bho_2017_v_01_05_50k de 2018-06-22" }, "geometry": { "type": "MultiLineString", "coordinates": [ [ [ -62.312940700000013, -10.280945199668219 ], [ -62.298536099999978, -10.272114099668476 ], [ -62.288648299999984, -10.276268599668324 ], [ -62.2858943, -10.27424689966838 ], [ -62.282426499999985, -10.266470699668648 ], [ -62.265012399999982, -10.258519599668881 ], [ -62.251386099999976, -10.246405099669261 ], [ -62.249497799999965, -10.246283999669265 ] ] ] } },
{ "type": "Feature", "properties": { "NUCOMPTREC": 7.163, "NUDISTBACT": 2543.052, "NUDISTCDAG": 0.0, "NUAREACONT": 48.316, "NUAREAMONT": 676.929, "NUDISTBACC": 2543.052, "NUAREABACC": 676.929, "NUCOMPCDA": 54.409, "Shape__Len": 0, "OBJECTID": 24363, "ID": 16544, "COTRECHO": 16544, "COCURSODAG": "463444", "COBACIA": "4634441", "NOGENERICO": "Rio", "NOLIGACAO": null, "NOESPECIF": "Taquifone", "NORIOCOMP": "Rio Taquifone", "NOORIGINAL": "Rio Taquifone", "COCDADESAG": "46344", "NUTRJUS": 2527, "NUORDEMCDA": 5, "NUNIVOTTO": 7, "NUNIVOTCDA": 6, "NUSTRAHLER": 3, "DEDOMINIAL": "Estadual", "DSVERSAO": "BHO bho_2017_v_01_05_50k de 2018-06-22" }, "geometry": { "type": "MultiLineString", "coordinates": [ [ [ -62.393161, -10.305967899667415 ], [ -62.393120399999987, -10.305975499667424 ], [ -62.388617599999975, -10.306820199667406 ], [ -62.3854627, -10.31429469966718 ], [ -62.3750026, -10.313557499667196 ], [ -62.370054700000018, -10.319444199667032 ], [ -62.364531399999983, -10.320870899666959 ], [ -62.352045700000019, -10.316389699667106 ], [ -62.3412912, -10.308518399667378 ], [ -62.339834399999972, -10.307451999667393 ] ] ] } },
{ "type": "Feature", "properties": { "NUCOMPTREC": 11.089, "NUDISTBACT": 2560.774, "NUDISTCDAG": 0.0, "NUAREACONT": 61.637, "NUAREAMONT": 61.637, "NUDISTBACC": 2560.774, "NUAREABACC": 61.637, "NUCOMPCDA": 11.089, "Shape__Len": 0, "OBJECTID": 24364, "ID": 88902, "COTRECHO": 88902, "COCURSODAG": "46344442", "COBACIA": "46344442", "NOGENERICO": "Rio", "NOLIGACAO": null, "NOESPECIF": "Taquifone", "NORIOCOMP": "Rio Taquifone", "NOORIGINAL": "Rio Taquifone", "COCDADESAG": "4634444", "NUTRJUS": 10804, "NUORDEMCDA": 7, "NUNIVOTTO": 8, "NUNIVOTCDA": 8, "NUSTRAHLER": 1, "DEDOMINIAL": "Estadual", "DSVERSAO": "BHO bho_2017_v_01_05_50k de 2018-06-22" }, "geometry": { "type": "MultiLineString", "coordinates": [ [ [ -62.483241599999985, -10.186961199671087 ], [ -62.492671700000017, -10.193306299670926 ], [ -62.4961468, -10.201223499670675 ], [ -62.496284, -10.205971899670532 ], [ -62.488986800000028, -10.22955479966981 ], [ -62.478213900000021, -10.244643899669345 ], [ -62.4712217, -10.257293399668912 ], [ -62.4699056, -10.263192399668714 ], [ -62.470295799999974, -10.274131899668394 ], [ -62.4703023, -10.274312999668419 ] ] ] } },
{ "type": "Feature", "properties": { "NUCOMPTREC": 14.264, "NUDISTBACT": 2570.329, "NUDISTCDAG": 0.0, "NUAREACONT": 64.333, "NUAREAMONT": 64.333, "NUDISTBACC": 2570.329, "NUAREABACC": 64.333, "NUCOMPCDA": 14.264, "Shape__Len": 0, "OBJECTID": 24367, "ID": 88903, "COTRECHO": 88903, "COCURSODAG": "4634446", "COBACIA": "4634446", "NOGENERICO": "Rio", "NOLIGACAO": null, "NOESPECIF": "Taquifone", "NORIOCOMP": "Rio Taquifone", "NOORIGINAL": "Rio Taquifone", "COCDADESAG": "463444", "NUTRJUS": 88898, "NUORDEMCDA": 6, "NUNIVOTTO": 7, "NUNIVOTCDA": 7, "NUSTRAHLER": 1, "DEDOMINIAL": "Estadual", "DSVERSAO": "BHO bho_2017_v_01_05_50k de 2018-06-22" }, "geometry": { "type": "MultiLineString", "coordinates": [ [ [ -62.6265686, -10.211369299670345 ], [ -62.628178699999964, -10.215245999670215 ], [ -62.628186500000012, -10.239684499669483 ], [ -62.625233700000024, -10.252216799669073 ], [ -62.62028980000003, -10.257246299668951 ], [ -62.6101159, -10.262988599668775 ], [ -62.604588499999977, -10.269457499668549 ], [ -62.5907829, -10.273895999668387 ], [ -62.581612300000018, -10.288415599667974 ], [ -62.558617099999978, -10.304784699667483 ] ] ] } },
{ "type": "Feature", "properties": { "NUCOMPTREC": 13.605, "NUDISTBACT": 2488.91, "NUDISTCDAG": 0.0, "NUAREACONT": 57.188, "NUAREAMONT": 57.188, "NUDISTBACC": 2488.91, "NUAREABACC": 57.188, "NUCOMPCDA": 13.605, "Shape__Len": 0, "OBJECTID": 24374, "ID": 88012, "COTRECHO": 88012, "COCURSODAG": "46343854", "COBACIA": "46343854", "NOGENERICO": null, "NOLIGACAO": null, "NOESPECIF": null, "NORIOCOMP": null, "NOORIGINAL": null, "COCDADESAG": "463438", "NUTRJUS": 1208, "NUORDEMCDA": 5, "NUNIVOTTO": 8, "NUNIVOTCDA": 8, "NUSTRAHLER": 1, "DEDOMINIAL": "Estadual", "DSVERSAO": "BHO bho_2017_v_01_05_50k de 2018-06-22" }, "geometry": { "type": "MultiLineString", "coordinates": [ [ [ -62.238244, -10.124030999673057 ], [ -62.2249149, -10.112520999673411 ], [ -62.194290200000012, -10.108419899673535 ], [ -62.191540099999976, -10.104384299673653 ], [ -62.191421699999978, -10.094026999673956 ], [ -62.18839279999996, -10.085960899674191 ], [ -62.176509899999978, -10.077156399674484 ], [ -62.1739081, -10.072690199674645 ], [ -62.161304099999988, -10.062444199674969 ], [ -62.153877299999984, -10.052318399675256 ], [ -62.1527251, -10.050747399675302 ] ] ] } },
{ "type": "Feature", "properties": { "NUCOMPTREC": 3.451, "NUDISTBACT": 2499.099, "NUDISTCDAG": 0.0, "NUAREACONT": 47.601, "NUAREAMONT": 195.989, "NUDISTBACC": 2499.099, "NUAREABACC": 195.989, "NUCOMPCDA": 24.4, "Shape__Len": 0, "OBJECTID": 24375, "ID": 7547, "COTRECHO": 7547, "COCURSODAG": "4634388", "COBACIA": "46343881", "NOGENERICO": "Rio", "NOLIGACAO": null, "NOESPECIF": "Anari", "NORIOCOMP": "Rio Anari", "NOORIGINAL": "Rio Anari", "COCDADESAG": "463438", "NUTRJUS": 88855, "NUORDEMCDA": 5, "NUNIVOTTO": 8, "NUNIVOTCDA": 7, "NUSTRAHLER": 2, "DEDOMINIAL": "Estadual", "DSVERSAO": "BHO bho_2017_v_01_05_50k de 2018-06-22" }, "geometry": { "type": "MultiLineString", "coordinates": [ [ [ -62.250763099999972, -9.986053899677323 ], [ -62.250669800000026, -9.987172699677261 ], [ -62.25045810000001, -9.989708299677226 ], [ -62.247394699999965, -9.995457199676999 ], [ -62.231938, -10.009589099676621 ] ] ] } },
{ "type": "Feature", "properties": { "NUCOMPTREC": 12.009, "NUDISTBACT": 2599.727, "NUDISTCDAG": 0.0, "NUAREACONT": 69.125, "NUAREAMONT": 527.89, "NUDISTBACC": 2599.727, "NUAREABACC": 527.89, "NUCOMPCDA": 49.311, "Shape__Len": 0, "OBJECTID": 24395, "ID": 88913, "COTRECHO": 88913, "COCURSODAG": "4634482", "COBACIA": "46344821", "NOGENERICO": "Rio", "NOLIGACAO": null, "NOESPECIF": "São Domingos", "NORIOCOMP": "Rio São Domingos", "NOORIGINAL": "Rio São Domingos", "COCDADESAG": "463448", "NUTRJUS": 88912, "NUORDEMCDA": 6, "NUNIVOTTO": 8, "NUNIVOTCDA": 7, "NUSTRAHLER": 2, "DEDOMINIAL": "Estadual", "DSVERSAO": "BHO bho_2017_v_01_05_50k de 2018-06-22" }, "geometry": { "type": "MultiLineString", "coordinates": [ [ [ -62.578458063873541, -10.675065275783275 ], [ -62.5669077, -10.642852999657066 ], [ -62.568149300000016, -10.625363699657571 ], [ -62.5682693, -10.623671799657659 ] ] ] } },
{ "type": "Feature", "properties": { "NUCOMPTREC": 14.785, "NUDISTBACT": 2402.094, "NUDISTCDAG": 0.0, "NUAREACONT": 64.674, "NUAREAMONT": 64.674, "NUDISTBACC": 2402.094, "NUAREABACC": 64.674, "NUCOMPCDA": 14.785, "Shape__Len": 0, "OBJECTID": 26357, "ID": 90894, "COTRECHO": 90894, "COCURSODAG": "46362256", "COBACIA": "46362256", "NOGENERICO": null, "NOLIGACAO": null, "NOESPECIF": null, "NORIOCOMP": null, "NOORIGINAL": null, "COCDADESAG": "463622", "NUTRJUS": 90892, "NUORDEMCDA": 6, "NUNIVOTTO": 8, "NUNIVOTCDA": 8, "NUSTRAHLER": 1, "DEDOMINIAL": "Estadual", "DSVERSAO": "BHO bho_2017_v_01_05_50k de 2018-06-22" }, "geometry": { "type": "MultiLineString", "coordinates": [ [ [ -63.3836197, -9.415544399695047 ], [ -63.390417599999971, -9.404744899695427 ], [ -63.394312, -9.389200899695874 ], [ -63.3940108, -9.380568099696168 ], [ -63.389368600000012, -9.373666299696392 ], [ -63.3729879, -9.365631899696593 ], [ -63.369795, -9.361460199696767 ], [ -63.36283659999998, -9.356719599696916 ], [ -63.3480548, -9.35198849969705 ], [ -63.340663389446817, -9.351505960826913 ] ] ] } },
{ "type": "Feature", "properties": { "NUCOMPTREC": 6.768, "NUDISTBACT": 2402.094, "NUDISTCDAG": 118.929, "NUAREACONT": 24.589, "NUAREAMONT": 983.702, "NUDISTBACC": 2283.166, "NUAREABACC": 2556.01, "NUCOMPCDA": 190.066, "Shape__Len": 0, "OBJECTID": 26358, "ID": 90955, "COTRECHO": 90955, "COCURSODAG": "463622", "COBACIA": "46362257", "NOGENERICO": "Rio", "NOLIGACAO": null, "NOESPECIF": "Preto do Candeias ou Braço Direito", "NORIOCOMP": "Rio Preto do Candeias ou Braço Direito", "NOORIGINAL": "Rio Preto do Candeias ou Braço Direito", "COCDADESAG": "46362", "NUTRJUS": 90892, "NUORDEMCDA": 5, "NUNIVOTTO": 8, "NUNIVOTCDA": 6, "NUSTRAHLER": 3, "DEDOMINIAL": "Estadual", "DSVERSAO": "BHO bho_2017_v_01_05_50k de 2018-06-22" }, "geometry": { "type": "MultiLineString", "coordinates": [ [ [ -63.313657299999981, -9.380775499696179 ], [ -63.3134323, -9.374866499696337 ], [ -63.311547800000021, -9.371128199696438 ], [ -63.306964671823224, -9.368879375836958 ] ] ] } },
{ "type": "Feature", "properties": { "NUCOMPTREC": 17.279, "NUDISTBACT": 2408.862, "NUDISTCDAG": 0.0, "NUAREACONT": 54.194, "NUAREAMONT": 54.194, "NUDISTBACC": 2408.862, "NUAREABACC": 54.194, "NUCOMPCDA": 17.279, "Shape__Len": 0, "OBJECTID": 26359, "ID": 90953, "COTRECHO": 90953, "COCURSODAG": "46362258", "COBACIA": "46362258", "NOGENERICO": null, "NOLIGACAO": null, "NOESPECIF": null, "NORIOCOMP": null, "NOORIGINAL": null, "COCDADESAG": "463622", "NUTRJUS": 90955, "NUORDEMCDA": 6, "NUNIVOTTO": 8, "NUNIVOTCDA": 8, "NUSTRAHLER": 1, "DEDOMINIAL": "Estadual", "DSVERSAO": "BHO bho_2017_v_01_05_50k de 2018-06-22" }, "geometry": { "type": "MultiLineString", "coordinates": [ [ [ -63.411810800000012, -9.481979799692965 ], [ -63.4072979, -9.465151899693526 ], [ -63.395689399999981, -9.450921299693967 ], [ -63.390894300000021, -9.439416199694291 ], [ -63.385527, -9.43625679969443 ], [ -63.375093600000014, -9.434975699694451 ], [ -63.368139699999972, -9.436420699694395 ], [ -63.364370699999988, -9.435130199694447 ], [ -63.359579, -9.426504599694702 ], [ -63.348417199999972, -9.421337399694911 ], [ -63.343194900000022, -9.415443399695084 ], [ -63.337384799999988, -9.39933219969557 ], [ -63.318544099999983, -9.391582799695797 ], [ -63.316220699999967, -9.388707199695896 ], [ -63.314076600000028, -9.382072899696123 ], [ -63.313657299999981, -9.380775499696179 ] ] ] } },
{ "type": "Feature", "properties": { "NUCOMPTREC": 8.735, "NUDISTBACT": 2389.39, "NUDISTCDAG": 307.902, "NUAREACONT": 55.286, "NUAREAMONT": 165.453, "NUDISTBACC": 2081.489, "NUAREABACC": 11089.102, "NUCOMPCDA": 327.584, "Shape__Len": 0, "OBJECTID": 26483, "ID": 90187, "COTRECHO": 90187, "COCURSODAG": "46352", "COBACIA": "46352995", "NOGENERICO": "Rio", "NOLIGACAO": null, "NOESPECIF": "Preto", "NORIOCOMP": "Rio Preto", "NOORIGINAL": "Rio Preto", "COCDADESAG": "46", "NUTRJUS": 90299, "NUORDEMCDA": 3, "NUNIVOTTO": 8, "NUNIVOTCDA": 5, "NUSTRAHLER": 2, "DEDOMINIAL": "Estadual", "DSVERSAO": "BHO bho_2017_v_01_05_50k de 2018-06-22" }, "geometry": { "type": "MultiLineString", "coordinates": [ [ [ -62.585436500000021, -9.602340199689264 ], [ -62.585344099999986, -9.601392599689264 ], [ -62.584769100000017, -9.595490199689431 ], [ -62.596983599999987, -9.564717699690425 ], [ -62.597143599999988, -9.552344799690809 ], [ -62.603682499999977, -9.537677999691272 ], [ -62.601947900000035, -9.528683699691513 ], [ -62.6018207, -9.528024599691536 ] ] ] } },
{ "type": "Feature", "properties": { "NUCOMPTREC": 10.947, "NUDISTBACT": 2398.126, "NUDISTCDAG": 316.637, "NUAREACONT": 56.889, "NUAREAMONT": 56.889, "NUDISTBACC": 2081.489, "NUAREABACC": 11089.102, "NUCOMPCDA": 327.584, "Shape__Len": 0, "OBJECTID": 26488, "ID": 90218, "COTRECHO": 90218, "COCURSODAG": "46352", "COBACIA": "46352997", "NOGENERICO": "Rio", "NOLIGACAO": null, "NOESPECIF": "Preto", "NORIOCOMP": "Rio Preto", "NOORIGINAL": "Rio Preto", "COCDADESAG": "46", "NUTRJUS": 90187, "NUORDEMCDA": 3, "NUNIVOTTO": 8, "NUNIVOTCDA": 5, "NUSTRAHLER": 1, "DEDOMINIAL": "Estadual", "DSVERSAO": "BHO bho_2017_v_01_05_50k de 2018-06-22" }, "geometry": { "type": "MultiLineString", "coordinates": [ [ [ -62.580210500000021, -9.695032499686375 ], [ -62.5798405, -9.684316899686682 ], [ -62.582987800000012, -9.675330199686982 ], [ -62.582983800000022, -9.658017299687495 ], [ -62.587306, -9.65276049968767 ], [ -62.5888049, -9.637354899688143 ], [ -62.594016, -9.619531399688723 ], [ -62.593008699999984, -9.613919199688873 ], [ -62.5876531, -9.607437999689077 ], [ -62.585436500000021, -9.602340199689264 ] ] ] } },
{ "type": "Feature", "properties": { "NUCOMPTREC": 20.095, "NUDISTBACT": 2442.675, "NUDISTCDAG": 0.0, "NUAREACONT": 119.412, "NUAREAMONT": 119.412, "NUDISTBACC": 2442.675, "NUAREABACC": 119.412, "NUCOMPCDA": 20.095, "Shape__Len": 0, "OBJECTID": 26647, "ID": 88788, "COTRECHO": 88788, "COCURSODAG": "4634296", "COBACIA": "4634296", "NOGENERICO": "Igarapé", "NOLIGACAO": null, "NOESPECIF": "Água Azul", "NORIOCOMP": "Igarapé Água Azul", "NOORIGINAL": "Igarapé Água Azul", "COCDADESAG": "46342", "NUTRJUS": 80225, "NUORDEMCDA": 5, "NUNIVOTTO": 7, "NUNIVOTCDA": 7, "NUSTRAHLER": 1, "DEDOMINIAL": "Estadual", "DSVERSAO": "BHO bho_2017_v_01_05_50k de 2018-06-22" }, "geometry": { "type": "MultiLineString", "coordinates": [ [ [ -62.469931700000011, -10.082933899674323 ], [ -62.474459500000023, -10.060555999675032 ], [ -62.473986700000019, -10.054148099675235 ], [ -62.466624299999985, -10.045511399675483 ], [ -62.449663600000015, -10.030377499675934 ], [ -62.447351799999971, -10.024329699676143 ], [ -62.4476535, -10.017425699676334 ], [ -62.453779600000011, -9.999307799676902 ], [ -62.453219, -9.988086599677226 ], [ -62.448622300000011, -9.972446999677729 ], [ -62.4485542, -9.970911999677787 ], [ -62.448179400000015, -9.962464199678058 ], [ -62.449797199999963, -9.950525199678435 ], [ -62.44806490000002, -9.944338599678598 ], [ -62.448652700000032, -9.94088679967871 ], [ -62.4538867, -9.935282299678873 ], [ -62.463469, -9.931273899679026 ], [ -62.466298199999983, -9.926962899679134 ], [ -62.467356199999983, -9.925350499679174 ] ] ] } },
{ "type": "Feature", "properties": { "NUCOMPTREC": 3.58, "NUDISTBACT": 2586.029, "NUDISTCDAG": 102.139, "NUAREACONT": 29.147, "NUAREAMONT": 3332.724, "NUDISTBACC": 2483.89, "NUAREABACC": 7273.882, "NUCOMPCDA": 211.426, "Shape__Len": 0, "OBJECTID": 26651, "ID": 88916, "COTRECHO": 88916, "COCURSODAG": "46344", "COBACIA": "463447", "NOGENERICO": "Rio", "NOLIGACAO": null, "NOESPECIF": "Jaru", "NORIOCOMP": "Rio Jaru", "NOORIGINAL": "Rio Jaru", "COCDADESAG": "4634", "NUTRJUS": 88910, "NUORDEMCDA": 4, "NUNIVOTTO": 6, "NUNIVOTCDA": 5, "NUSTRAHLER": 4, "DEDOMINIAL": "Estadual", "DSVERSAO": "BHO bho_2017_v_01_05_50k de 2018-06-22" }, "geometry": { "type": "MultiLineString", "coordinates": [ [ [ -62.577741399999965, -10.535798399660329 ], [ -62.572793499999982, -10.524704399660704 ], [ -62.5726343, -10.523972299660734 ], [ -62.569795100000015, -10.510918799661123 ], [ -62.566777800000011, -10.505910399661268 ] ] ] } },
{ "type": "Feature", "properties": { "NUCOMPTREC": 7.056, "NUDISTBACT": 2549.337, "NUDISTCDAG": 65.447, "NUAREACONT": 21.208, "NUAREAMONT": 4357.588, "NUDISTBACC": 2483.89, "NUAREABACC": 7273.882, "NUCOMPCDA": 211.426, "Shape__Len": 0, "OBJECTID": 26660, "ID": 88882, "COTRECHO": 88882, "COCURSODAG": "46344", "COBACIA": "4634453", "NOGENERICO": "Rio", "NOLIGACAO": null, "NOESPECIF": "Jaru", "NORIOCOMP": "Rio Jaru", "NOORIGINAL": "Rio Jaru", "COCDADESAG": "4634", "NUTRJUS": 73811, "NUORDEMCDA": 4, "NUNIVOTTO": 7, "NUNIVOTCDA": 5, "NUSTRAHLER": 4, "DEDOMINIAL": "Estadual", "DSVERSAO": "BHO bho_2017_v_01_05_50k de 2018-06-22" }, "geometry": { "type": "MultiLineString", "coordinates": [ [ [ -62.39602960000002, -10.380201199665127 ], [ -62.3839216, -10.361619899665699 ], [ -62.3659314, -10.348493299666092 ], [ -62.361281399999982, -10.349058799666118 ], [ -62.353709200000019, -10.356527299665849 ], [ -62.3505718, -10.356309999665882 ], [ -62.3496503, -10.35624619966587 ] ] ] } },
{ "type": "Feature", "properties": { "NUCOMPTREC": 17.74, "NUDISTBACT": 2366.85, "NUDISTCDAG": 0.0, "NUAREACONT": 115.753, "NUAREAMONT": 115.753, "NUDISTBACC": 2366.85, "NUAREABACC": 115.753, "NUCOMPCDA": 17.74, "Shape__Len": 0, "OBJECTID": 26865, "ID": 90839, "COTRECHO": 90839, "COCURSODAG": "46362244", "COBACIA": "46362244", "NOGENERICO": null, "NOLIGACAO": null, "NOESPECIF": null, "NORIOCOMP": null, "NOORIGINAL": null, "COCDADESAG": "4636224", "NUTRJUS": 1212, "NUORDEMCDA": 7, "NUNIVOTTO": 8, "NUNIVOTCDA": 8, "NUSTRAHLER": 1, "DEDOMINIAL": "Estadual", "DSVERSAO": "BHO bho_2017_v_01_05_50k de 2018-06-22" }, "geometry": { "type": "MultiLineString", "coordinates": [ [ [ -63.4008354, -9.40096259969553 ], [ -63.4080988, -9.409183199695235 ], [ -63.4146256, -9.413635399695096 ], [ -63.419985600000018, -9.414779299695107 ], [ -63.42389559999998, -9.413479799695139 ], [ -63.430121299999989, -9.407857599695303 ], [ -63.438505700000015, -9.395765199695703 ], [ -63.4483442, -9.385247899696029 ], [ -63.448046299999987, -9.37963999969617 ], [ -63.4439724, -9.365832799696639 ], [ -63.445414, -9.360649399696781 ], [ -63.454241299999978, -9.353731599696989 ], [ -63.460604699999976, -9.344229299697281 ], [ -63.463640899999966, -9.342209199697363 ], [ -63.470881399999982, -9.340761399697412 ], [ -63.470294299999985, -9.333425799697606 ], [ -63.476370900000013, -9.329819699697699 ], [ -63.476939300000019, -9.321761299697988 ], [ -63.479208137856546, -9.317215263728515 ] ] ] } },
{ "type": "Feature", "properties": { "NUCOMPTREC": 24.366, "NUDISTBACT": 2343.665, "NUDISTCDAG": 0.0, "NUAREACONT": 175.833, "NUAREAMONT": 175.833, "NUDISTBACC": 2343.665, "NUAREABACC": 175.833, "NUCOMPCDA": 24.366, "Shape__Len": 0, "OBJECTID": 27469, "ID": 90240, "COTRECHO": 90240, "COCURSODAG": "46352932", "COBACIA": "46352932", "NOGENERICO": "Igarapé", "NOLIGACAO": null, "NOESPECIF": "Braço Esquerdo do Rio Preto do Crespo", "NORIOCOMP": "Igarapé Braço Esquerdo do Rio Preto do Crespo", "NOORIGINAL": "Igarapé Braço Esquerdo do Rio Preto do Crespo", "COCDADESAG": "46352", "NUTRJUS": 90212, "NUORDEMCDA": 4, "NUNIVOTTO": 8, "NUNIVOTCDA": 8, "NUSTRAHLER": 1, "DEDOMINIAL": "Estadual", "DSVERSAO": "BHO bho_2017_v_01_05_50k de 2018-06-22" }, "geometry": { "type": "MultiLineString", "coordinates": [ [ [ -62.672892600000019, -9.316473499698123 ], [ -62.661165700000033, -9.311137399698334 ], [ -62.658705199999986, -9.308401199698398 ], [ -62.662821299793784, -9.287062925125825 ] ] ] } },
{ "type": "Feature", "properties": { "NUCOMPTREC": 33.417, "NUDISTBACT": 2347.564, "NUDISTCDAG": 0.0, "NUAREACONT": 241.569, "NUAREAMONT": 241.569, "NUDISTBACC": 2347.564, "NUAREABACC": 241.569, "NUCOMPCDA": 33.417, "Shape__Len": 0, "OBJECTID": 27472, "ID": 90248, "COTRECHO": 90248, "COCURSODAG": "4635294", "COBACIA": "4635294", "NOGENERICO": "Igarapé", "NOLIGACAO": "da", "NOESPECIF": "Onça", "NORIOCOMP": "Igarapé da Onça", "NOORIGINAL": "Igarapé da Onça", "COCDADESAG": "46352", "NUTRJUS": 90241, "NUORDEMCDA": 4, "NUNIVOTTO": 7, "NUNIVOTCDA": 7, "NUSTRAHLER": 1, "DEDOMINIAL": "Estadual", "DSVERSAO": "BHO bho_2017_v_01_05_50k de 2018-06-22" }, "geometry": { "type": "MultiLineString", "coordinates": [ [ [ -62.371036399999966, -9.356291299696924 ], [ -62.375389199999958, -9.351554499697079 ], [ -62.3809164, -9.340919999697364 ], [ -62.385559300000018, -9.337183299697495 ], [ -62.3925132, -9.335616599697534 ], [ -62.3987505, -9.330880399697723 ], [ -62.401935499999965, -9.331029299697709 ], [ -62.40829830000002, -9.336653199697535 ], [ -62.4211962, -9.331495399697674 ], [ -62.424534100000024, -9.329058699697786 ], [ -62.4297679, -9.316404099698159 ], [ -62.433536899999979, -9.314827999698174 ], [ -62.443195499999987, -9.318296899698106 ], [ -62.444267599999982, -9.318681899698088 ], [ -62.4504892, -9.310111299698367 ], [ -62.454838199999983, -9.30795839969843 ], [ -62.4629483, -9.309123999698389 ], [ -62.4699028, -9.306976199698465 ], [ -62.4846923, -9.295633899698799 ], [ -62.489661025839666, -9.280899883662935 ] ] ] } },
{ "type": "Feature", "properties": { "NUCOMPTREC": 15.825, "NUDISTBACT": 2347.564, "NUDISTCDAG": 266.075, "NUAREACONT": 113.206, "NUAREAMONT": 1176.301, "NUDISTBACC": 2081.489, "NUAREABACC": 11089.102, "NUCOMPCDA": 327.584, "Shape__Len": 0, "OBJECTID": 27473, "ID": 16650, "COTRECHO": 16650, "COCURSODAG": "46352", "COBACIA": "46352951", "NOGENERICO": "Rio", "NOLIGACAO": null, "NOESPECIF": "Preto", "NORIOCOMP": "Rio Preto", "NOORIGINAL": "Rio Preto", "COCDADESAG": "46", "NUTRJUS": 90241, "NUORDEMCDA": 3, "NUNIVOTTO": 8, "NUNIVOTCDA": 5, "NUSTRAHLER": 3, "DEDOMINIAL": "Estadual", "DSVERSAO": "BHO bho_2017_v_01_05_50k de 2018-06-22" }, "geometry": { "type": "MultiLineString", "coordinates": [ [ [ -62.602323599999963, -9.319462599698076 ], [ -62.5985929, -9.310635299698339 ], [ -62.597608200000025, -9.301537599698635 ], [ -62.597552800000024, -9.301025299698635 ], [ -62.597230700000011, -9.298049099698737 ], [ -62.590727275303507, -9.275948968009159 ] ] ] } },
{ "type": "Feature", "properties": { "NUCOMPTREC": 16.739, "NUDISTBACT": 2363.389, "NUDISTCDAG": 0.0, "NUAREACONT": 71.593, "NUAREAMONT": 71.593, "NUDISTBACC": 2363.389, "NUAREABACC": 71.593, "NUCOMPCDA": 16.739, "Shape__Len": 0, "OBJECTID": 27474, "ID": 90262, "COTRECHO": 90262, "COCURSODAG": "46352952", "COBACIA": "46352952", "NOGENERICO": null, "NOLIGACAO": null, "NOESPECIF": null, "NORIOCOMP": null, "NOORIGINAL": null, "COCDADESAG": "46352", "NUTRJUS": 16650, "NUORDEMCDA": 4, "NUNIVOTTO": 8, "NUNIVOTCDA": 8, "NUSTRAHLER": 1, "DEDOMINIAL": "Estadual", "DSVERSAO": "BHO bho_2017_v_01_05_50k de 2018-06-22" }, "geometry": { "type": "MultiLineString", "coordinates": [ [ [ -62.695765800000011, -9.416279099695034 ], [ -62.698882500000025, -9.408430199695283 ], [ -62.6988058, -9.400900699695534 ], [ -62.6947702, -9.38587669969597 ], [ -62.690799, -9.377204399696236 ], [ -62.6685016, -9.364521599696637 ], [ -62.656496899999979, -9.344798699697284 ], [ -62.635931700000015, -9.339025399697475 ], [ -62.6284088, -9.330524799697693 ], [ -62.621462099999974, -9.327063199697829 ], [ -62.6119559, -9.324732599697901 ], [ -62.602780199999984, -9.319712399698069 ], [ -62.602323599999963, -9.319462599698076 ] ] ] } },
{ "type": "Feature", "properties": { "NUCOMPTREC": 4.973, "NUDISTBACT": 2365.34, "NUDISTCDAG": 283.851, "NUAREACONT": 51.556, "NUAREAMONT": 693.874, "NUDISTBACC": 2081.489, "NUAREABACC": 11089.102, "NUCOMPCDA": 327.584, "Shape__Len": 0, "OBJECTID": 27476, "ID": 90266, "COTRECHO": 90266, "COCURSODAG": "46352", "COBACIA": "46352971", "NOGENERICO": "Rio", "NOLIGACAO": null, "NOESPECIF": "Preto", "NORIOCOMP": "Rio Preto", "NOORIGINAL": "Rio Preto", "COCDADESAG": "46", "NUTRJUS": 90249, "NUORDEMCDA": 3, "NUNIVOTTO": 8, "NUNIVOTCDA": 5, "NUSTRAHLER": 2, "DEDOMINIAL": "Estadual", "DSVERSAO": "BHO bho_2017_v_01_05_50k de 2018-06-22" }, "geometry": { "type": "MultiLineString", "coordinates": [ [ [ -62.599149800000013, -9.373525799696349 ], [ -62.596498600000018, -9.366025699696626 ], [ -62.597308899999973, -9.361725599696738 ], [ -62.5974405, -9.361026999696742 ], [ -62.597635299999979, -9.359992899696799 ], [ -62.599699199999961, -9.356247799696922 ], [ -62.599997, -9.350061199697137 ], [ -62.5920193, -9.332011499697689 ], [ -62.5919096, -9.33176319969769 ] ] ] } },
{ "type": "Feature", "properties": { "NUCOMPTREC": 36.366, "NUDISTBACT": 2431.091, "NUDISTCDAG": 23.075, "NUAREACONT": 270.498, "NUAREAMONT": 270.498, "NUDISTBACC": 2408.016, "NUAREABACC": 556.491, "NUCOMPCDA": 59.44, "Shape__Len": 0, "OBJECTID": 27495, "ID": 91013, "COTRECHO": 91013, "COCURSODAG": "4636276", "COBACIA": "46362765", "NOGENERICO": "Igarapé", "NOLIGACAO": "da", "NOESPECIF": "Ambição", "NORIOCOMP": "Igarapé da Ambição", "NOORIGINAL": "Igarapé da Ambição", "COCDADESAG": "46362", "NUTRJUS": 90293, "NUORDEMCDA": 5, "NUNIVOTTO": 8, "NUNIVOTCDA": 7, "NUSTRAHLER": 1, "DEDOMINIAL": "Estadual", "DSVERSAO": "BHO bho_2017_v_01_05_50k de 2018-06-22" }, "geometry": { "type": "MultiLineString", "coordinates": [ [ [ -63.839599799999974, -9.846396099681645 ], [ -63.840168100000014, -9.84078259968183 ], [ -63.8351824, -9.820369199682467 ], [ -63.83618580000001, -9.815619699682621 ], [ -63.844288, -9.807397399682884 ], [ -63.844128, -9.801502399683045 ], [ -63.840618, -9.790284599683405 ], [ -63.8371201, -9.78411229968358 ], [ -63.829703900000027, -9.776074499683817 ], [ -63.8228527, -9.762852799684255 ], [ -63.810218599999985, -9.755547699684495 ], [ -63.803578200000011, -9.74957889968468 ], [ -63.802031899999974, -9.74818879968468 ], [ -63.798301299999984, -9.745217699684806 ], [ -63.7987129, -9.735579199685107 ], [ -63.792327300000011, -9.733004899685207 ], [ -63.790324600000019, -9.730520399685243 ], [ -63.792243400000018, -9.726401999685388 ], [ -63.792010600000026, -9.722933599685458 ], [ -63.7872039, -9.713454199685776 ], [ -63.789757399999971, -9.704869299686038 ], [ -63.7900839, -9.70377129968611 ], [ -63.790366600000027, -9.701933499686135 ], [ -63.784693800000021, -9.695043599686375 ], [ -63.78439659999998, -9.69216349968643 ], [ -63.786422099999974, -9.689142899686512 ], [ -63.7922127, -9.685817399686654 ], [ -63.789592099999986, -9.681652799686763 ], [ -63.7913937, -9.67205169968706 ], [ -63.791655400000025, -9.670656599687094 ], [ -63.786494300000015, -9.659361599687479 ], [ -63.783564800000022, -9.64785599968781 ], [ -63.7771174, -9.617663499688756 ], [ -63.776358399999985, -9.603278999689188 ], [ -63.77328390000001, -9.590338899689627 ], [ -63.775862299999972, -9.578822199689967 ], [ -63.785936400000018, -9.564584999690435 ], [ -63.786532399999984, -9.563742599690453 ] ] ] } },
{ "type": "Feature", "properties": { "NUCOMPTREC": 24.891, "NUDISTBACT": 2505.19, "NUDISTCDAG": 0.0, "NUAREACONT": 76.139, "NUAREAMONT": 76.139, "NUDISTBACC": 2505.19, "NUAREABACC": 76.139, "NUCOMPCDA": 24.891, "Shape__Len": 0, "OBJECTID": 27496, "ID": 90840, "COTRECHO": 90840, "COCURSODAG": "4636284", "COBACIA": "4636284", "NOGENERICO": null, "NOLIGACAO": null, "NOESPECIF": null, "NORIOCOMP": null, "NOORIGINAL": null, "COCDADESAG": "463628", "NUTRJUS": 90977, "NUORDEMCDA": 6, "NUNIVOTTO": 7, "NUNIVOTCDA": 7, "NUSTRAHLER": 1, "DEDOMINIAL": "Estadual", "DSVERSAO": "BHO bho_2017_v_01_05_50k de 2018-06-22" }, "geometry": { "type": "MultiLineString", "coordinates": [ [ [ -63.438293900000019, -9.894005299680174 ], [ -63.439449399999987, -9.891124699680246 ], [ -63.44346280000002, -9.888481399680339 ], [ -63.449978400000013, -9.888471899680358 ], [ -63.4676025, -9.891892399680255 ], [ -63.4731986, -9.890642399680262 ], [ -63.488335399999983, -9.883576199680482 ], [ -63.5013778, -9.871042199680865 ], [ -63.50586, -9.862975999681135 ], [ -63.5101783, -9.839951999681848 ], [ -63.521897200000012, -9.81806509968254 ], [ -63.5278328, -9.811723899682736 ], [ -63.538277900000033, -9.810558899682748 ], [ -63.538560099999984, -9.807102799682877 ], [ -63.536087899999984, -9.802791099682988 ], [ -63.537530100000033, -9.79875769968314 ], [ -63.552762499999972, -9.798161599683157 ], [ -63.560586399999984, -9.792968599683306 ], [ -63.560841900000014, -9.773686399683887 ], [ -63.565409900000013, -9.760366599684318 ], [ -63.566595800000023, -9.756908099684408 ], [ -63.56670470000001, -9.756590599684419 ] ] ] } },
{ "type": "Feature", "properties": { "NUCOMPTREC": 14.34, "NUDISTBACT": 2505.19, "NUDISTCDAG": 25.339, "NUAREACONT": 115.715, "NUAREAMONT": 641.333, "NUDISTBACC": 2479.851, "NUAREABACC": 1225.574, "NUCOMPCDA": 88.331, "Shape__Len": 0, "OBJECTID": 27497, "ID": 88634, "COTRECHO": 88634, "COCURSODAG": "463628", "COBACIA": "4636285", "NOGENERICO": "Igarapé", "NOLIGACAO": null, "NOESPECIF": "Santa Cruz", "NORIOCOMP": "Igarapé Santa Cruz", "NOORIGINAL": "Igarapé Santa Cruz", "COCDADESAG": "46362", "NUTRJUS": 90977, "NUORDEMCDA": 5, "NUNIVOTTO": 7, "NUNIVOTCDA": 6, "NUSTRAHLER": 2, "DEDOMINIAL": "Estadual", "DSVERSAO": "BHO bho_2017_v_01_05_50k de 2018-06-22" }, "geometry": { "type": "MultiLineString", "coordinates": [ [ [ -63.583249599999988, -9.878118099680663 ], [ -63.580549, -9.872383099680825 ], [ -63.5807357, -9.86922969968095 ], [ -63.5889412, -9.853410199681424 ], [ -63.5823762, -9.832703899682091 ], [ -63.581523899999972, -9.821726399682404 ], [ -63.581334500000011, -9.819286599682478 ], [ -63.581281100000012, -9.799780899683064 ], [ -63.578965499999981, -9.790990799683341 ], [ -63.569649700000014, -9.772304599683933 ], [ -63.568616399999982, -9.760507399684322 ], [ -63.5667687, -9.756721699684453 ], [ -63.56670470000001, -9.756590599684419 ] ] ] } },
{ "type": "Feature", "properties": { "NUCOMPTREC": 18.762, "NUDISTBACT": 2519.53, "NUDISTCDAG": 0.0, "NUAREACONT": 119.328, "NUAREAMONT": 119.328, "NUDISTBACC": 2519.53, "NUAREABACC": 119.328, "NUCOMPCDA": 18.762, "Shape__Len": 0, "OBJECTID": 27498, "ID": 90976, "COTRECHO": 90976, "COCURSODAG": "4636286", "COBACIA": "4636286", "NOGENERICO": null, "NOLIGACAO": null, "NOESPECIF": null, "NORIOCOMP": null, "NOORIGINAL": null, "COCDADESAG": "463628", "NUTRJUS": 88634, "NUORDEMCDA": 6, "NUNIVOTTO": 7, "NUNIVOTCDA": 7, "NUSTRAHLER": 1, "DEDOMINIAL": "Estadual", "DSVERSAO": "BHO bho_2017_v_01_05_50k de 2018-06-22" }, "geometry": { "type": "MultiLineString", "coordinates": [ [ [ -63.5186744, -9.999200699676939 ], [ -63.5187965, -9.970576699677776 ], [ -63.513532, -9.944110399678625 ], [ -63.5155497, -9.934899799678874 ], [ -63.548165499999989, -9.915138399679503 ], [ -63.5491689, -9.90722279967976 ], [ -63.55264440000002, -9.90160719967994 ], [ -63.5572828, -9.900303899679951 ], [ -63.563672899999965, -9.903745499679882 ], [ -63.569772399999984, -9.904888299679826 ], [ -63.576730199999979, -9.901278199679922 ], [ -63.5830935, -9.889036999680304 ], [ -63.583195900000021, -9.881877999680516 ], [ -63.583209099999976, -9.88095259968058 ], [ -63.583249599999988, -9.878118099680663 ] ] ] } },
{ "type": "Feature", "properties": { "NUCOMPTREC": 23.256, "NUDISTBACT": 2539.008, "NUDISTCDAG": 0.0, "NUAREACONT": 175.968, "NUAREAMONT": 175.968, "NUDISTBACC": 2539.008, "NUAREABACC": 175.968, "NUCOMPCDA": 23.256, "Shape__Len": 0, "OBJECTID": 27499, "ID": 90348, "COTRECHO": 90348, "COCURSODAG": "46362916", "COBACIA": "46362916", "NOGENERICO": "Igarapé", "NOLIGACAO": null, "NOESPECIF": "Grande", "NORIOCOMP": "Igarapé Grande", "NOORIGINAL": "Igarapé Grande", "COCDADESAG": "46362", "NUTRJUS": 91035, "NUORDEMCDA": 5, "NUNIVOTTO": 8, "NUNIVOTCDA": 8, "NUSTRAHLER": 1, "DEDOMINIAL": "Estadual", "DSVERSAO": "BHO bho_2017_v_01_05_50k de 2018-06-22" }, "geometry": { "type": "MultiLineString", "coordinates": [ [ [ -63.6768068, -10.110899899673448 ], [ -63.6792484, -10.098665399673848 ], [ -63.685744600000021, -10.081391399674342 ], [ -63.688476200000018, -10.067572399674814 ], [ -63.7062947, -10.051855499675268 ], [ -63.7059858, -10.043079899675547 ], [ -63.709438, -10.029262599675961 ], [ -63.709441799999965, -10.01970979967626 ], [ -63.703307300000013, -10.01215589967649 ], [ -63.703010099999958, -10.008849199676591 ], [ -63.711978400000021, -9.995736299676995 ], [ -63.712409499999978, -9.992717899677123 ], [ -63.711680600000022, -9.991278499677193 ], [ -63.7076179, -9.992440199677102 ], [ -63.702967800000017, -9.990289599677183 ], [ -63.7040283, -9.977175599677603 ], [ -63.7152206, -9.943013099678627 ], [ -63.718165600000013, -9.939385299678792 ], [ -63.725526699999982, -9.938217899678781 ], [ -63.728450099999968, -9.937754199678787 ] ] ] } },
{ "type": "Feature", "properties": { "NUCOMPTREC": 24.834, "NUDISTBACT": 2595.076, "NUDISTCDAG": 14.257, "NUAREACONT": 194.299, "NUAREAMONT": 194.299, "NUDISTBACC": 2580.819, "NUAREABACC": 432.878, "NUCOMPCDA": 39.09, "Shape__Len": 0, "OBJECTID": 27500, "ID": 90983, "COTRECHO": 90983, "COCURSODAG": "4636294", "COBACIA": "46362943", "NOGENERICO": "Igarapé", "NOLIGACAO": null, "NOESPECIF": "Grande", "NORIOCOMP": "Igarapé Grande", "NOORIGINAL": "Igarapé Grande", "COCDADESAG": "46362", "NUTRJUS": 91048, "NUORDEMCDA": 5, "NUNIVOTTO": 8, "NUNIVOTCDA": 7, "NUSTRAHLER": 1, "DEDOMINIAL": "Estadual", "DSVERSAO": "BHO bho_2017_v_01_05_50k de 2018-06-22" }, "geometry": { "type": "MultiLineString", "coordinates": [ [ [ -63.5291228692763, -10.40796301394032 ], [ -63.5302074, -10.402766799664432 ], [ -63.5489225, -10.384322699664997 ], [ -63.5629798, -10.36243359966565 ], [ -63.563963699999974, -10.342865699666289 ], [ -63.567870299999981, -10.333654499666601 ], [ -63.5708992, -10.320842799666952 ], [ -63.574382, -10.319543899666987 ], [ -63.581069300000024, -10.321692099666935 ], [ -63.586878800000015, -10.320963799666981 ], [ -63.588904300000024, -10.31592539966714 ], [ -63.584090399999972, -10.305141999667446 ], [ -63.5846588, -10.298235299667647 ], [ -63.599894899999981, -10.289289199667925 ], [ -63.605693299999984, -10.282085699668137 ], [ -63.611571700000013, -10.2784906996683 ] ] ] } },
{ "type": "Feature", "properties": { "NUCOMPTREC": 18.736, "NUDISTBACT": 2586.17, "NUDISTCDAG": 0.0, "NUAREACONT": 92.64, "NUAREAMONT": 92.64, "NUDISTBACC": 2586.17, "NUAREABACC": 92.64, "NUCOMPCDA": 18.736, "Shape__Len": 0, "OBJECTID": 27501, "ID": 91057, "COTRECHO": 91057, "COCURSODAG": "46362952", "COBACIA": "46362952", "NOGENERICO": "Igarapé", "NOLIGACAO": null, "NOESPECIF": "Liberdade", "NORIOCOMP": "Igarapé Liberdade", "NOORIGINAL": "Igarapé Liberdade", "COCDADESAG": "46362", "NUTRJUS": 91016, "NUORDEMCDA": 5, "NUNIVOTTO": 8, "NUNIVOTCDA": 8, "NUSTRAHLER": 1, "DEDOMINIAL": "Estadual", "DSVERSAO": "BHO bho_2017_v_01_05_50k de 2018-06-22" }, "geometry": { "type": "MultiLineString", "coordinates": [ [ [ -63.811710878315083, -10.333350718963079 ], [ -63.803784800000024, -10.323818099666857 ], [ -63.798982, -10.321814799666958 ], [ -63.7946258, -10.321680399666926 ], [ -63.786061299999965, -10.32414819966689 ], [ -63.776612300000011, -10.321724299666966 ], [ -63.76340219999998, -10.323954999666876 ], [ -63.758709899999978, -10.32281609966693 ], [ -63.75713039999998, -10.3163031996671 ], [ -63.763631, -10.300463699667622 ], [ -63.763176499999979, -10.292264199667825 ], [ -63.7537276, -10.289838699667939 ], [ -63.7434052, -10.284541399668115 ], [ -63.739568500000019, -10.28480069966807 ], [ -63.739483500000013, -10.284806399668058 ] ] ] } },
{ "type": "Feature", "properties": { "NUCOMPTREC": 1.848, "NUDISTBACT": 2586.17, "NUDISTCDAG": 366.331, "NUAREACONT": 1.649, "NUAREAMONT": 1729.502, "NUDISTBACC": 2219.839, "NUAREABACC": 13132.064, "NUCOMPCDA": 435.326, "Shape__Len": 0, "OBJECTID": 27502, "ID": 91017, "COTRECHO": 91017, "COCURSODAG": "46362", "COBACIA": "46362953", "NOGENERICO": "Rio", "NOLIGACAO": null, "NOESPECIF": "Candeias", "NORIOCOMP": "Rio Candeias", "NOORIGINAL": "Rio Candeias", "COCDADESAG": "4636", "NUTRJUS": 91016, "NUORDEMCDA": 4, "NUNIVOTTO": 8, "NUNIVOTCDA": 5, "NUSTRAHLER": 3, "DEDOMINIAL": "Estadual", "DSVERSAO": "BHO bho_2017_v_01_05_50k de 2018-06-22" }, "geometry": { "type": "MultiLineString", "coordinates": [ [ [ -63.7328802, -10.299712099667646 ], [ -63.7394074, -10.287566999668023 ], [ -63.739431, -10.286707799668017 ], [ -63.7394805, -10.284914499668087 ], [ -63.739483500000013, -10.284806399668058 ] ] ] } },
{ "type": "Feature", "properties": { "NUCOMPTREC": 17.199, "NUDISTBACT": 2388.1, "NUDISTCDAG": 16.571, "NUAREACONT": 125.481, "NUAREAMONT": 1194.024, "NUDISTBACC": 2371.529, "NUAREABACC": 1722.793, "NUCOMPCDA": 81.292, "Shape__Len": 0, "OBJECTID": 27503, "ID": 91078, "COTRECHO": 91078, "COCURSODAG": "46364", "COBACIA": "463645", "NOGENERICO": "Rio", "NOLIGACAO": null, "NOESPECIF": "Preto do Crespo", "NORIOCOMP": "Rio Preto do Crespo", "NOORIGINAL": "Rio Preto do Crespo", "COCDADESAG": "4636", "NUTRJUS": 90719, "NUORDEMCDA": 4, "NUNIVOTTO": 6, "NUNIVOTCDA": 5, "NUSTRAHLER": 3, "DEDOMINIAL": "Estadual", "DSVERSAO": "BHO bho_2017_v_01_05_50k de 2018-06-22" }, "geometry": { "type": "MultiLineString", "coordinates": [ [ [ -62.942152500000013, -9.560400599690523 ], [ -62.94363640000001, -9.5585776996906 ], [ -62.9436523, -9.558558399690584 ], [ -62.9573576, -9.541746999691117 ], [ -62.961992599999967, -9.538149799691215 ], [ -62.966631600000028, -9.535846999691305 ], [ -62.9794106, -9.537445299691267 ], [ -62.9965502, -9.528534099691536 ], [ -63.001915800000013, -9.52268089969173 ], [ -63.002223, -9.522345699691742 ], [ -63.0040919, -9.520302799691809 ], [ -63.0070597, -9.507170499692172 ], [ -63.017805899999978, -9.499734399692455 ], [ -63.021922, -9.492878699692648 ], [ -63.017123, -9.472995299693247 ], [ -63.0164363, -9.460651799693645 ], [ -63.019006100000013, -9.453472899693883 ], [ -63.019488, -9.452126799693891 ] ] ] } },
{ "type": "Feature", "properties": { "NUCOMPTREC": 24.45, "NUDISTBACT": 2414.472, "NUDISTCDAG": 0.0, "NUAREACONT": 99.706, "NUAREAMONT": 99.706, "NUDISTBACC": 2414.472, "NUAREABACC": 99.706, "NUCOMPCDA": 24.45, "Shape__Len": 0, "OBJECTID": 27504, "ID": 91102, "COTRECHO": 91102, "COCURSODAG": "463658", "COBACIA": "463658", "NOGENERICO": null, "NOLIGACAO": null, "NOESPECIF": null, "NORIOCOMP": null, "NOORIGINAL": null, "COCDADESAG": "4636", "NUTRJUS": 91018, "NUORDEMCDA": 4, "NUNIVOTTO": 6, "NUNIVOTCDA": 6, "NUSTRAHLER": 1, "DEDOMINIAL": "Estadual", "DSVERSAO": "BHO bho_2017_v_01_05_50k de 2018-06-22" }, "geometry": { "type": "MultiLineString", "coordinates": [ [ [ -63.2338353, -9.899309199680012 ], [ -63.2377836, -9.888020299680349 ], [ -63.235849700000017, -9.883045799680502 ], [ -63.221418400000012, -9.881810799680535 ], [ -63.217843899999984, -9.879616399680598 ], [ -63.211637699999983, -9.870051299680924 ], [ -63.206693799999982, -9.855954599681372 ], [ -63.2014676, -9.849340099681566 ], [ -63.1959514, -9.844737899681691 ], [ -63.190728499999977, -9.842728499681785 ], [ -63.181154, -9.844601299681727 ], [ -63.1781057, -9.841152899681807 ], [ -63.175633899999966, -9.833095099682048 ], [ -63.167073800000026, -9.831230599682156 ], [ -63.163446, -9.828931199682197 ], [ -63.1620193, -9.817778399682547 ], [ -63.1640143, -9.802456599683042 ], [ -63.15791810000001, -9.791238199683368 ], [ -63.1454402, -9.788365999683442 ], [ -63.135136699999983, -9.778012599683775 ], [ -63.1289683, -9.774898199683866 ], [ -63.120266500000014, -9.774807099683851 ], [ -63.1125343, -9.77897329968375 ], [ -63.1029916, -9.77993109968371 ], [ -63.1025775, -9.779972699683682 ] ] ] } },
{ "type": "Feature", "properties": { "NUCOMPTREC": 24.785, "NUDISTBACT": 2430.097, "NUDISTCDAG": 2.806, "NUAREACONT": 109.032, "NUAREAMONT": 109.032, "NUDISTBACC": 2427.292, "NUAREABACC": 177.978, "NUCOMPCDA": 27.591, "Shape__Len": 0, "OBJECTID": 27505, "ID": 91020, "COTRECHO": 91020, "COCURSODAG": "463662", "COBACIA": "4636623", "NOGENERICO": "Rio", "NOLIGACAO": null, "NOESPECIF": "Madalena", "NORIOCOMP": "Rio Madalena", "NOORIGINAL": "Rio Madalena", "COCDADESAG": "46366", "NUTRJUS": 91103, "NUORDEMCDA": 5, "NUNIVOTTO": 7, "NUNIVOTCDA": 6, "NUSTRAHLER": 1, "DEDOMINIAL": "Estadual", "DSVERSAO": "BHO bho_2017_v_01_05_50k de 2018-06-22" }, "geometry": { "type": "MultiLineString", "coordinates": [ [ [ -62.8246171, -9.786111899683501 ], [ -62.8331738, -9.797865299683178 ], [ -62.844164, -9.805070299682949 ], [ -62.850454599999985, -9.808430899682852 ], [ -62.8711609, -9.814633099682613 ], [ -62.88537059999998, -9.823267599682376 ], [ -62.907419600000026, -9.822985799682403 ], [ -62.9256965, -9.831480299682115 ], [ -62.946440600000024, -9.824866799682303 ], [ -62.950209500000028, -9.826300699682264 ], [ -62.9563018, -9.839970799681854 ], [ -62.959350200000024, -9.840404099681841 ], [ -62.968345300000017, -9.832780099682049 ], [ -62.971824200000022, -9.831631799682134 ], [ -62.992713799999983, -9.83191779968209 ], [ -62.9992406, -9.835805099681998 ], [ -63.007652300000018, -9.845442899681709 ], [ -63.010700199999974, -9.846881199681613 ], [ -63.013264900000024, -9.846905699681606 ], [ -63.016296300000029, -9.846934499681607 ] ] ] } },
{ "type": "Feature", "properties": { "NUCOMPTREC": 26.647, "NUDISTBACT": 2478.372, "NUDISTCDAG": 0.0, "NUAREACONT": 155.29, "NUAREAMONT": 155.29, "NUDISTBACC": 2478.372, "NUAREABACC": 155.29, "NUCOMPCDA": 26.647, "Shape__Len": 0, "OBJECTID": 27506, "ID": 91116, "COTRECHO": 91116, "COCURSODAG": "4636826", "COBACIA": "4636826", "NOGENERICO": "Rio", "NOLIGACAO": null, "NOESPECIF": "Valha-me Deus", "NORIOCOMP": "Rio Valha-me Deus", "NOORIGINAL": "Rio Valha-me Deus", "COCDADESAG": "463682", "NUTRJUS": 2550, "NUORDEMCDA": 6, "NUNIVOTTO": 7, "NUNIVOTCDA": 7, "NUSTRAHLER": 1, "DEDOMINIAL": "Estadual", "DSVERSAO": "BHO bho_2017_v_01_05_50k de 2018-06-22" }, "geometry": { "type": "MultiLineString", "coordinates": [ [ [ -62.64700060000002, -10.239108299669493 ], [ -62.655141199999989, -10.233938199669662 ], [ -62.659940099999972, -10.228186599669844 ], [ -62.665650700000022, -10.214191499670285 ], [ -62.666440599999987, -10.199844099670713 ], [ -62.669850600000025, -10.195107399670839 ], [ -62.701227, -10.185641699671157 ], [ -62.7044277, -10.182191699671215 ], [ -62.705725500000014, -10.178560099671385 ], [ -62.7063465, -10.17682219967141 ], [ -62.7130338, -10.170303799671613 ], [ -62.71768, -10.170450499671633 ], [ -62.727552300000013, -10.174345499671505 ], [ -62.740328, -10.175501499671444 ], [ -62.771700399999986, -10.165744099671748 ], [ -62.776346600000018, -10.165457999671759 ], [ -62.782446699999973, -10.167910799671702 ], [ -62.7905718, -10.17755409967141 ], [ -62.793474600000025, -10.178706399671359 ], [ -62.7985564, -10.177126299671407 ], [ -62.805678100000016, -10.170798499671587 ], [ -62.8104697, -10.169506299671667 ], [ -62.835940199999982, -10.175021299671497 ], [ -62.8376076, -10.175382199671462 ], [ -62.8387861, -10.175637299671454 ] ] ] } },
{ "type": "Feature", "properties": { "NUCOMPTREC": 14.666, "NUDISTBACT": 2489.623, "NUDISTCDAG": 314.21, "NUAREACONT": 123.911, "NUAREAMONT": 3613.444, "NUDISTBACC": 2175.413, "NUAREABACC": 29090.417, "NUCOMPCDA": 441.457, "Shape__Len": 0, "OBJECTID": 27508, "ID": 91139, "COTRECHO": 91139, "COCURSODAG": "4636", "COBACIA": "4636951", "NOGENERICO": "Rio", "NOLIGACAO": null, "NOESPECIF": "Jamari", "NORIOCOMP": "Rio Jamari", "NOORIGINAL": "Rio Jamari", "COCDADESAG": "46", "NUTRJUS": 91155, "NUORDEMCDA": 3, "NUNIVOTTO": 7, "NUNIVOTCDA": 4, "NUSTRAHLER": 4, "DEDOMINIAL": "Estadual", "DSVERSAO": "BHO bho_2017_v_01_05_50k de 2018-06-22" }, "geometry": { "type": "MultiLineString", "coordinates": [ [ [ -63.257232499999979, -10.389621999664829 ], [ -63.2572083, -10.389534599664836 ], [ -63.255848099999973, -10.384643599665006 ], [ -63.247413499999986, -10.37385969966536 ], [ -63.248279599999982, -10.367817899665502 ], [ -63.255829100000014, -10.361049599665726 ], [ -63.2513123, -10.345804499666183 ], [ -63.255809600000028, -10.336593799666483 ], [ -63.252319, -10.330839899666659 ], [ -63.243312800000012, -10.332715999666602 ], [ -63.238952200000035, -10.329411499666701 ], [ -63.233707, -10.306395299667438 ], [ -63.233409300000012, -10.301073699667597 ], [ -63.235442499999976, -10.296040299667757 ], [ -63.240519800000023, -10.290277999667904 ], [ -63.240221799999979, -10.288391099667972 ], [ -63.239429200000011, -10.283372399668137 ] ] ] } },
{ "type": "Feature", "properties": { "NUCOMPTREC": 20.166, "NUDISTBACT": 2504.289, "NUDISTCDAG": 0.0, "NUAREACONT": 91.561, "NUAREAMONT": 91.561, "NUDISTBACC": 2504.289, "NUAREABACC": 91.561, "NUCOMPCDA": 20.166, "Shape__Len": 0, "OBJECTID": 27509, "ID": 91168, "COTRECHO": 91168, "COCURSODAG": "4636952", "COBACIA": "4636952", "NOGENERICO": null, "NOLIGACAO": null, "NOESPECIF": null, "NORIOCOMP": null, "NOORIGINAL": null, "COCDADESAG": "4636", "NUTRJUS": 91139, "NUORDEMCDA": 4, "NUNIVOTTO": 7, "NUNIVOTCDA": 7, "NUSTRAHLER": 1, "DEDOMINIAL": "Estadual", "DSVERSAO": "BHO bho_2017_v_01_05_50k de 2018-06-22" }, "geometry": { "type": "MultiLineString", "coordinates": [ [ [ -63.384859, -10.48536989966192 ], [ -63.381494, -10.466813699662465 ], [ -63.376832200000031, -10.458764299662711 ], [ -63.369706599999972, -10.455893699662797 ], [ -63.3436863, -10.452614299662899 ], [ -63.3268212, -10.44745099966307 ], [ -63.3154799, -10.441275999663272 ], [ -63.3083504, -10.433657099663492 ], [ -63.298035299999981, -10.434960999663435 ], [ -63.294109699999979, -10.433669299663512 ], [ -63.289886899999985, -10.427775999663675 ], [ -63.286679, -10.413679199664097 ], [ -63.276634399999985, -10.393832399664733 ], [ -63.270966, -10.392402999664759 ], [ -63.265156, -10.393556899664739 ], [ -63.260212, -10.392266399664743 ], [ -63.257885400000021, -10.390201399664855 ], [ -63.257232499999979, -10.389621999664829 ] ] ] } },
{ "type": "Feature", "properties": { "NUCOMPTREC": 2.646, "NUDISTBACT": 2491.225, "NUDISTCDAG": 33.128, "NUAREACONT": 5.107, "NUAREAMONT": 442.694, "NUDISTBACC": 2458.097, "NUAREABACC": 936.158, "NUCOMPCDA": 63.038, "Shape__Len": 0, "OBJECTID": 45541, "ID": 91120, "COTRECHO": 91120, "COCURSODAG": "463684", "COBACIA": "4636845", "NOGENERICO": "Rio", "NOLIGACAO": null, "NOESPECIF": "Pardo", "NORIOCOMP": "Rio Pardo", "NOORIGINAL": "Rio Pardo", "COCDADESAG": "46368", "NUTRJUS": 91119, "NUORDEMCDA": 5, "NUNIVOTTO": 7, "NUNIVOTCDA": 6, "NUSTRAHLER": 2, "DEDOMINIAL": "Estadual", "DSVERSAO": "BHO bho_2017_v_01_05_50k de 2018-06-22" }, "geometry": { "type": "MultiLineString", "coordinates": [ [ [ -62.903427500000021, -10.392531899664744 ], [ -62.9174737, -10.383402399665064 ], [ -62.9204178, -10.380139599665142 ], [ -62.920421799999986, -10.380135099665148 ], [ -62.922306499999976, -10.378046199665233 ] ] ] } },
{ "type": "Feature", "properties": { "NUCOMPTREC": 0.358, "NUDISTBACT": 2427.207, "NUDISTCDAG": 0.0, "NUAREACONT": 0.126, "NUAREAMONT": 340.155, "NUDISTBACC": 2427.207, "NUAREABACC": 340.155, "NUCOMPCDA": 31.016, "Shape__Len": 0, "OBJECTID": 46441, "ID": 88779, "COTRECHO": 88779, "COCURSODAG": "463428", "COBACIA": "4634281", "NOGENERICO": "Igarapé", "NOLIGACAO": null, "NOESPECIF": "Quinze", "NORIOCOMP": "Igarapé Quinze", "NOORIGINAL": "Igarapé Quinze", "COCDADESAG": "46342", "NUTRJUS": 88722, "NUORDEMCDA": 5, "NUNIVOTTO": 7, "NUNIVOTCDA": 6, "NUSTRAHLER": 2, "DEDOMINIAL": "Estadual", "DSVERSAO": "BHO bho_2017_v_01_05_50k de 2018-06-22" }, "geometry": { "type": "MultiLineString", "coordinates": [ [ [ -62.428136600000016, -9.799158699683137 ], [ -62.428071199999962, -9.799230599683101 ], [ -62.425962099999985, -9.801548699683062 ] ] ] } },
{ "type": "Feature", "properties": { "NUCOMPTREC": 1.358, "NUDISTBACT": 2538.551, "NUDISTCDAG": 54.66, "NUAREACONT": 1.399, "NUAREAMONT": 5344.903, "NUDISTBACC": 2483.89, "NUAREABACC": 7273.882, "NUCOMPCDA": 211.426, "Shape__Len": 0, "OBJECTID": 46445, "ID": 88861, "COTRECHO": 88861, "COCURSODAG": "46344", "COBACIA": "4634437", "NOGENERICO": "Rio", "NOLIGACAO": null, "NOESPECIF": "Jaru", "NORIOCOMP": "Rio Jaru", "NOORIGINAL": "Rio Jaru", "COCDADESAG": "4634", "NUTRJUS": 75210, "NUORDEMCDA": 4, "NUNIVOTTO": 7, "NUNIVOTCDA": 5, "NUSTRAHLER": 4, "DEDOMINIAL": "Estadual", "DSVERSAO": "BHO bho_2017_v_01_05_50k de 2018-06-22" }, "geometry": { "type": "MultiLineString", "coordinates": [ [ [ -62.323663599999961, -10.287041299668001 ], [ -62.322408199999977, -10.286327599668024 ], [ -62.313619399999979, -10.28133109966817 ], [ -62.312940700000013, -10.280945199668219 ] ] ] } },
{ "type": "Feature", "properties": { "NUCOMPTREC": 2.279, "NUDISTBACT": 2370.314, "NUDISTCDAG": 288.825, "NUAREACONT": 3.963, "NUAREAMONT": 588.571, "NUDISTBACC": 2081.489, "NUAREABACC": 11089.102, "NUCOMPCDA": 327.584, "Shape__Len": 0, "OBJECTID": 46471, "ID": 90255, "COTRECHO": 90255, "COCURSODAG": "46352", "COBACIA": "46352973", "NOGENERICO": "Rio", "NOLIGACAO": null, "NOESPECIF": "Preto", "NORIOCOMP": "Rio Preto", "NOORIGINAL": "Rio Preto", "COCDADESAG": "46", "NUTRJUS": 90266, "NUORDEMCDA": 3, "NUNIVOTTO": 8, "NUNIVOTCDA": 5, "NUSTRAHLER": 2, "DEDOMINIAL": "Estadual", "DSVERSAO": "BHO bho_2017_v_01_05_50k de 2018-06-22" }, "geometry": { "type": "MultiLineString", "coordinates": [ [ [ -62.6108994, -9.390316899695863 ], [ -62.599287199999978, -9.373722199696344 ], [ -62.599149800000013, -9.373525799696349 ] ] ] } },
{ "type": "Feature", "properties": { "NUCOMPTREC": 33.496, "NUDISTBACT": 2346.281, "NUDISTCDAG": 25.53, "NUAREACONT": 231.288, "NUAREAMONT": 231.288, "NUDISTBACC": 2320.751, "NUAREABACC": 733.999, "NUCOMPCDA": 59.026, "Shape__Len": 0, "OBJECTID": 46479, "ID": 90978, "COTRECHO": 90978, "COCURSODAG": "463626", "COBACIA": "4636265", "NOGENERICO": null, "NOLIGACAO": null, "NOESPECIF": null, "NORIOCOMP": null, "NOORIGINAL": null, "COCDADESAG": "46362", "NUTRJUS": 91003, "NUORDEMCDA": 5, "NUNIVOTTO": 7, "NUNIVOTCDA": 6, "NUSTRAHLER": 1, "DEDOMINIAL": "Estadual", "DSVERSAO": "BHO bho_2017_v_01_05_50k de 2018-06-22" }, "geometry": { "type": "MultiLineString", "coordinates": [ [ [ -63.540832099999982, -9.329720599697715 ], [ -63.548209900000018, -9.324819499697886 ], [ -63.553123299999982, -9.317905999698107 ], [ -63.554322856191625, -9.314712889119292 ] ] ] } },
{ "type": "Feature", "properties": { "NUCOMPTREC": 35.054, "NUDISTBACT": 2365.71, "NUDISTCDAG": 0.0, "NUAREACONT": 234.108, "NUAREAMONT": 234.108, "NUDISTBACC": 2365.71, "NUAREABACC": 234.108, "NUCOMPCDA": 35.054, "Shape__Len": 0, "OBJECTID": 46480, "ID": 90979, "COTRECHO": 90979, "COCURSODAG": "4636272", "COBACIA": "4636272", "NOGENERICO": null, "NOLIGACAO": null, "NOESPECIF": null, "NORIOCOMP": null, "NOORIGINAL": null, "COCDADESAG": "46362", "NUTRJUS": 90997, "NUORDEMCDA": 5, "NUNIVOTTO": 7, "NUNIVOTCDA": 7, "NUSTRAHLER": 1, "DEDOMINIAL": "Estadual", "DSVERSAO": "BHO bho_2017_v_01_05_50k de 2018-06-22" }, "geometry": { "type": "MultiLineString", "coordinates": [ [ [ -63.64839167699698, -9.326127955999755 ], [ -63.6478887, -9.335721499697531 ], [ -63.6445776, -9.346230399697236 ], [ -63.6385125, -9.357461699696861 ], [ -63.6428843, -9.370692299696433 ], [ -63.645642099999961, -9.372699499696411 ], [ -63.648537700000027, -9.372261699696429 ], [ -63.6592455, -9.365337199696631 ], [ -63.668225099999972, -9.365029399696663 ], [ -63.671551799999982, -9.362868199696683 ], [ -63.672700099999986, -9.356243799696921 ], [ -63.6701934, -9.334383599697615 ], [ -63.670895138222654, -9.32983481227453 ] ] ] } },
{ "type": "Feature", "properties": { "NUCOMPTREC": 48.651, "NUDISTBACT": 2519.53, "NUDISTCDAG": 39.679, "NUAREACONT": 406.29, "NUAREAMONT": 406.29, "NUDISTBACC": 2479.851, "NUAREABACC": 1225.574, "NUCOMPCDA": 88.331, "Shape__Len": 0, "OBJECTID": 46481, "ID": 90991, "COTRECHO": 90991, "COCURSODAG": "463628", "COBACIA": "4636287", "NOGENERICO": "Igarapé", "NOLIGACAO": null, "NOESPECIF": "Santa Cruz", "NORIOCOMP": "Igarapé Santa Cruz", "NOORIGINAL": "Igarapé Santa Cruz", "COCDADESAG": "46362", "NUTRJUS": 88634, "NUORDEMCDA": 5, "NUNIVOTTO": 7, "NUNIVOTCDA": 6, "NUSTRAHLER": 1, "DEDOMINIAL": "Estadual", "DSVERSAO": "BHO bho_2017_v_01_05_50k de 2018-06-22" }, "geometry": { "type": "MultiLineString", "coordinates": [ [ [ -63.531683, -10.237185099669516 ], [ -63.545339899999988, -10.240757299669419 ], [ -63.5544916, -10.240743899669411 ], [ -63.5598627, -10.238576099669491 ], [ -63.566961699999965, -10.230363799669783 ], [ -63.5731839, -10.215105899670252 ], [ -63.585944, -10.205013099670513 ], [ -63.587389499999972, -10.200407999670663 ], [ -63.5866573, -10.197677399670741 ], [ -63.581129499999975, -10.192790799670938 ], [ -63.57996229999997, -10.189774699670988 ], [ -63.579958299999966, -10.186321899671118 ], [ -63.5838612, -10.177106799671398 ], [ -63.5824, -10.172218899671574 ], [ -63.578905500000012, -10.167619499671696 ], [ -63.578467199999977, -10.163739999671835 ], [ -63.582506500000029, -10.149777099672244 ], [ -63.5798782, -10.141725999672504 ], [ -63.580153100000018, -10.132517599672815 ], [ -63.575479799999982, -10.118713599673187 ], [ -63.577067, -10.111807999673415 ], [ -63.5845931, -10.099133499673808 ], [ -63.583826400000021, -10.076692699674537 ], [ -63.588293599999979, -10.058271499675067 ], [ -63.586981299999977, -10.054820899675168 ], [ -63.581747399999983, -10.050225899675313 ], [ -63.5818885, -10.046773099675427 ], [ -63.5863746, -10.040434699675624 ], [ -63.586511799999982, -10.035544099675764 ], [ -63.583162300000033, -10.029220199675986 ], [ -63.5831551, -10.025769099676074 ], [ -63.5850317, -10.020009599676246 ], [ -63.5943012, -10.008197199676612 ], [ -63.59602569999997, -9.99855379967696 ], [ -63.599355699999983, -9.994951599677018 ], [ -63.6006491, -9.988334399677234 ], [ -63.6036896, -9.983579899677386 ], [ -63.603384100000035, -9.97638539967765 ], [ -63.607149600000014, -9.971488099677762 ], [ -63.6081524, -9.965296899677954 ], [ -63.618433499999973, -9.951899599678367 ], [ -63.6170674, -9.932408399678975 ], [ -63.614351199999987, -9.925721099679158 ], [ -63.605447799999979, -9.915240999679485 ], [ -63.599916599999972, -9.904892699679834 ], [ -63.5966386, -9.901787999679941 ], [ -63.594510899999975, -9.899772699680021 ], [ -63.59229090000003, -9.896525399680066 ], [ -63.591760299999983, -9.888362599680345 ], [ -63.584473199999984, -9.879591099680647 ], [ -63.583249599999988, -9.878118099680663 ] ] ] } },
{ "type": "Feature", "properties": { "NUCOMPTREC": 47.388, "NUDISTBACT": 2479.851, "NUDISTCDAG": 260.012, "NUAREACONT": 474.474, "NUAREAMONT": 3955.034, "NUDISTBACC": 2219.839, "NUAREABACC": 13132.064, "NUCOMPCDA": 435.326, "Shape__Len": 0, "OBJECTID": 46482, "ID": 91074, "COTRECHO": 91074, "COCURSODAG": "46362", "COBACIA": "46362911", "NOGENERICO": "Rio", "NOLIGACAO": null, "NOESPECIF": "Candeias", "NORIOCOMP": "Rio Candeias", "NOORIGINAL": "Rio Candeias", "COCDADESAG": "4636", "NUTRJUS": 91053, "NUORDEMCDA": 4, "NUNIVOTTO": 8, "NUNIVOTCDA": 5, "NUSTRAHLER": 3, "DEDOMINIAL": "Estadual", "DSVERSAO": "BHO bho_2017_v_01_05_50k de 2018-06-22" }, "geometry": { "type": "MultiLineString", "coordinates": [ [ [ -63.7009645, -9.854449299681395 ], [ -63.697154, -9.849314799681567 ], [ -63.68547719999998, -9.847321499681634 ], [ -63.68627709999997, -9.846413399681675 ], [ -63.692202199999983, -9.839686399681858 ], [ -63.692049499999982, -9.836664099681956 ], [ -63.691176100000014, -9.834940299682037 ], [ -63.6843516, -9.832079699682106 ], [ -63.6833138, -9.820716899682427 ], [ -63.6872199, -9.816680699682573 ], [ -63.686781600000018, -9.814524599682663 ], [ -63.678778099999981, -9.813860699682685 ], [ -63.678787, -9.813506499682694 ], [ -63.678934799999972, -9.807630699682862 ], [ -63.6864688, -9.802726799683017 ], [ -63.6890665, -9.797971699683163 ], [ -63.678820299999977, -9.793126699683318 ], [ -63.6757147, -9.788280299683448 ], [ -63.6749708, -9.787119399683489 ], [ -63.672640300000012, -9.77916049968373 ], [ -63.6795942, -9.77540539968386 ], [ -63.681181400000014, -9.772811599683944 ], [ -63.680727400000023, -9.762456499684241 ], [ -63.676660700000021, -9.75987479968431 ], [ -63.666071199999962, -9.758745899684374 ], [ -63.663599, -9.75558649968446 ], [ -63.663881100000026, -9.751700899684597 ], [ -63.673719600000034, -9.740601899684938 ], [ -63.67313230000002, -9.736864699685061 ], [ -63.666162799999981, -9.731699599685223 ], [ -63.664177400000014, -9.727327799685368 ], [ -63.6631794, -9.725130099685421 ], [ -63.663801, -9.712282299685841 ], [ -63.655969299999967, -9.711580699685857 ], [ -63.6546421, -9.700218299686203 ], [ -63.6501409, -9.697203899686267 ], [ -63.643163599999987, -9.687578299686569 ], [ -63.64126349999998, -9.681826599686792 ], [ -63.642552899999984, -9.673193699687047 ], [ -63.6409468, -9.666578199687242 ], [ -63.6278889, -9.662719799687347 ], [ -63.620324400000015, -9.649068099687803 ], [ -63.624513200000031, -9.641003599688014 ], [ -63.625230400000021, -9.636110199688208 ], [ -63.6175437, -9.634253599688273 ], [ -63.6162314, -9.631955199688299 ], [ -63.621869300000014, -9.623168499688614 ], [ -63.622151499999958, -9.620004599688702 ], [ -63.6120048, -9.619014599688734 ], [ -63.6102613, -9.617578999688744 ], [ -63.611550200000018, -9.609664499689021 ], [ -63.607488100000012, -9.607801199689055 ], [ -63.6060268, -9.600896699689303 ], [ -63.5945673, -9.596316699689419 ], [ -63.59005830000001, -9.587547799689688 ], [ -63.588738299999989, -9.579927699689932 ], [ -63.584385399999981, -9.576768299690048 ], [ -63.5738036, -9.576357199690069 ], [ -63.566522700000014, -9.565173099690382 ], [ -63.5653385, -9.563353799690455 ] ] ] } },
{ "type": "Feature", "properties": { "NUCOMPTREC": 52.316, "NUDISTBACT": 2311.205, "NUDISTCDAG": 135.792, "NUAREACONT": 484.53, "NUAREAMONT": 13422.367, "NUDISTBACC": 2175.413, "NUAREABACC": 29090.417, "NUCOMPCDA": 441.457, "Shape__Len": 0, "OBJECTID": 46485, "ID": 91101, "COTRECHO": 91101, "COCURSODAG": "4636", "COBACIA": "4636391", "NOGENERICO": "Rio", "NOLIGACAO": null, "NOESPECIF": "Jamari", "NORIOCOMP": "Rio Jamari", "NOORIGINAL": "Rio Jamari", "COCDADESAG": "46", "NUTRJUS": 90354, "NUORDEMCDA": 3, "NUNIVOTTO": 7, "NUNIVOTCDA": 4, "NUSTRAHLER": 4, "DEDOMINIAL": "Estadual", "DSVERSAO": "BHO bho_2017_v_01_05_50k de 2018-06-22" }, "geometry": { "type": "MultiLineString", "coordinates": [ [ [ -63.145939100000028, -9.407504199695323 ], [ -63.152599, -9.405953299695385 ], [ -63.154522, -9.39820319969561 ], [ -63.1570451, -9.387498899695959 ], [ -63.150062400000024, -9.385033199696029 ], [ -63.150062400000024, -9.378873099696223 ], [ -63.147724, -9.375044199696308 ], [ -63.1573492, -9.371532199696432 ], [ -63.1703675, -9.360658099696801 ], [ -63.170620938908606, -9.360236279012748 ] ] ] } },
{ "type": "Feature", "properties": { "NUCOMPTREC": 26.446, "NUDISTBACT": 2592.909, "NUDISTCDAG": 0.0, "NUAREACONT": 306.19, "NUAREAMONT": 685.222, "NUDISTBACC": 2592.909, "NUAREABACC": 685.222, "NUCOMPCDA": 68.373, "Shape__Len": 0, "OBJECTID": 46486, "ID": 80085, "COTRECHO": 80085, "COCURSODAG": "4636298", "COBACIA": "46362981", "NOGENERICO": "Rio", "NOLIGACAO": null, "NOESPECIF": "Candeias", "NORIOCOMP": "Rio Candeias", "NOORIGINAL": "Rio Candeias", "COCDADESAG": "46362", "NUTRJUS": 91061, "NUORDEMCDA": 5, "NUNIVOTTO": 8, "NUNIVOTCDA": 7, "NUSTRAHLER": 2, "DEDOMINIAL": "Estadual", "DSVERSAO": "BHO bho_2017_v_01_05_50k de 2018-06-22" }, "geometry": { "type": "MultiLineString", "coordinates": [ [ [ -63.741207030236659, -10.37071412474336 ], [ -63.741673199999973, -10.364213599665657 ], [ -63.737744299999967, -10.350727399666035 ], [ -63.738602500000013, -10.345834099666186 ], [ -63.742544099999975, -10.341243399666341 ], [ -63.744374199999982, -10.339111799666412 ] ] ] } },
{ "type": "Feature", "properties": { "NUCOMPTREC": 50.272, "NUDISTBACT": 2462.728, "NUDISTCDAG": 60.286, "NUAREACONT": 335.138, "NUAREAMONT": 335.138, "NUDISTBACC": 2402.443, "NUAREABACC": 1103.938, "NUCOMPCDA": 110.558, "Shape__Len": 0, "OBJECTID": 46490, "ID": 90984, "COTRECHO": 90984, "COCURSODAG": "463656", "COBACIA": "4636569", "NOGENERICO": "Rio", "NOLIGACAO": null, "NOESPECIF": "Maçangana", "NORIOCOMP": "Rio Maçangana", "NOORIGINAL": "Rio Maçangana", "COCDADESAG": "4636", "NUTRJUS": 90359, "NUORDEMCDA": 4, "NUNIVOTTO": 7, "NUNIVOTCDA": 6, "NUSTRAHLER": 1, "DEDOMINIAL": "Estadual", "DSVERSAO": "BHO bho_2017_v_01_05_50k de 2018-06-22" }, "geometry": { "type": "MultiLineString", "coordinates": [ [ [ -63.3231434, -10.258312599668903 ], [ -63.328808400000014, -10.257873599668905 ], [ -63.346531299999967, -10.261165799668825 ], [ -63.3720938, -10.259411799668866 ], [ -63.404324599999988, -10.250884999669108 ], [ -63.4173942, -10.24957439966914 ], [ -63.422623799999982, -10.247697699669221 ], [ -63.4327788, -10.240779799669424 ], [ -63.436845399999982, -10.240054799669458 ], [ -63.457206900000024, -10.24397849966936 ], [ -63.4594285, -10.24440639966933 ], [ -63.4693886, -10.245193099669292 ], [ -63.478681400000028, -10.243740799669348 ], [ -63.4841937, -10.240566899669423 ], [ -63.491155400000025, -10.232643499669688 ], [ -63.499574900000034, -10.230185699669754 ], [ -63.5016038, -10.228456799669821 ], [ -63.50247, -10.224427299669948 ], [ -63.49867039999998, -10.209472799670422 ], [ -63.496896400000011, -10.187607099671068 ], [ -63.48830190000001, -10.170356999671643 ], [ -63.485963500000011, -10.161154699671906 ], [ -63.485521199999987, -10.154247999672103 ], [ -63.4894195, -10.140430199672565 ], [ -63.489552899999985, -10.133523899672747 ], [ -63.486932299999978, -10.127488899672944 ], [ -63.477189399999979, -10.118439499673233 ], [ -63.47354660000002, -10.109956699673484 ], [ -63.4768765, -10.103045999673704 ], [ -63.485864400000033, -10.093250999674009 ], [ -63.489911600000013, -10.082886399674333 ], [ -63.491342099999983, -10.067921799674806 ], [ -63.488687, -10.038003899675697 ], [ -63.485768699999987, -10.028798899676012 ], [ -63.481408, -10.024780499676131 ], [ -63.46267779999998, -10.020488899676222 ], [ -63.4510699, -10.021944999676228 ], [ -63.440266599999966, -10.017268899676335 ], [ -63.438985699999989, -10.016714399676379 ], [ -63.438042600000017, -10.016306199676356 ] ] ] } },
{ "type": "Feature", "properties": { "NUCOMPTREC": 38.407, "NUDISTBACT": 2459.663, "NUDISTCDAG": 35.316, "NUAREACONT": 287.448, "NUAREAMONT": 287.448, "NUDISTBACC": 2424.348, "NUAREABACC": 1238.507, "NUCOMPCDA": 73.723, "Shape__Len": 0, "OBJECTID": 46495, "ID": 91111, "COTRECHO": 91111, "COCURSODAG": "46366", "COBACIA": "463667", "NOGENERICO": "Rio", "NOLIGACAO": null, "NOESPECIF": "São João", "NORIOCOMP": "Rio São João", "NOORIGINAL": "Rio São João", "COCDADESAG": "4636", "NUTRJUS": 91113, "NUORDEMCDA": 4, "NUNIVOTTO": 6, "NUNIVOTCDA": 5, "NUSTRAHLER": 1, "DEDOMINIAL": "Estadual", "DSVERSAO": "BHO bho_2017_v_01_05_50k de 2018-06-22" }, "geometry": { "type": "MultiLineString", "coordinates": [ [ [ -62.6906978, -10.124813499673039 ], [ -62.7031685, -10.111102299673476 ], [ -62.703851199999974, -10.104092699673693 ], [ -62.701486199999977, -10.094679899673963 ], [ -62.702561800000012, -10.08671489967421 ], [ -62.6994717, -10.072752599674629 ], [ -62.6997733, -10.061531899674961 ], [ -62.701520599999988, -10.057508099675115 ], [ -62.714883400000019, -10.049750199675353 ], [ -62.714887299999987, -10.045146799675475 ], [ -62.71024449999998, -10.038523399675668 ], [ -62.7105383, -10.035073999675799 ], [ -62.721002300000016, -10.020550999676267 ], [ -62.72246669999997, -10.005305399676722 ], [ -62.729125599999968, -9.99297579967711 ], [ -62.730157299999959, -9.99106529967716 ], [ -62.7319273, -9.975243499677632 ], [ -62.734540700000025, -9.969491799677842 ], [ -62.742238499999985, -9.962588399678062 ], [ -62.7444481, -9.947638899678534 ], [ -62.744527300000023, -9.947103199678541 ], [ -62.75532290000001, -9.929511499679057 ], [ -62.756490199999973, -9.921457999679298 ], [ -62.753453400000012, -9.907644599679777 ], [ -62.7549073, -9.904624599679822 ], [ -62.76027850000002, -9.903907899679846 ], [ -62.780584200000028, -9.914858499679509 ], [ -62.798375299999982, -9.90748589967974 ], [ -62.8005849, -9.906569999679771 ], [ -62.812658399999968, -9.89919219968003 ], [ -62.815996199999972, -9.895598799680139 ], [ -62.821951300000023, -9.886541399680402 ], [ -62.8270925, -9.872948699680821 ], [ -62.827864, -9.870908599680888 ] ] ] } },
{ "type": "Feature", "properties": { "NUCOMPTREC": 27.265, "NUDISTBACT": 2493.871, "NUDISTCDAG": 35.774, "NUAREACONT": 265.088, "NUAREAMONT": 265.088, "NUDISTBACC": 2458.097, "NUAREABACC": 936.158, "NUCOMPCDA": 63.038, "Shape__Len": 0, "OBJECTID": 46497, "ID": 91131, "COTRECHO": 91131, "COCURSODAG": "463684", "COBACIA": "4636847", "NOGENERICO": "Rio", "NOLIGACAO": null, "NOESPECIF": "Pardo", "NORIOCOMP": "Rio Pardo", "NOORIGINAL": "Rio Pardo", "COCDADESAG": "46368", "NUTRJUS": 91120, "NUORDEMCDA": 5, "NUNIVOTTO": 7, "NUNIVOTCDA": 6, "NUSTRAHLER": 1, "DEDOMINIAL": "Estadual", "DSVERSAO": "BHO bho_2017_v_01_05_50k de 2018-06-22" }, "geometry": { "type": "MultiLineString", "coordinates": [ [ [ -62.9394812, -10.592061499658612 ], [ -62.933232799999978, -10.574939199659159 ], [ -62.922909899999972, -10.566595799659414 ], [ -62.9210254, -10.558684099659645 ], [ -62.914773099999984, -10.552066299659822 ], [ -62.91666529999997, -10.544443499660087 ], [ -62.916085300000027, -10.540846199660166 ], [ -62.908089599999983, -10.538106299660257 ], [ -62.901402299999972, -10.538541299660286 ], [ -62.898934499999989, -10.534798999660397 ], [ -62.898793399999981, -10.526027299660655 ], [ -62.8964661, -10.520126699660819 ], [ -62.8880355, -10.516095599660975 ], [ -62.88295040000002, -10.511058899661123 ], [ -62.870474699999981, -10.490488899661745 ], [ -62.869335700000022, -10.488610499661787 ], [ -62.8723607, -10.459267499662715 ], [ -62.87744959999997, -10.446898499663053 ], [ -62.885605100000021, -10.405472599664348 ], [ -62.889240700000016, -10.401009199664472 ], [ -62.903174200000024, -10.392683299664743 ], [ -62.903427500000021, -10.392531899664744 ] ] ] } },
{ "type": "Feature", "properties": { "NUCOMPTREC": 38.193, "NUDISTBACT": 2489.206, "NUDISTCDAG": 53.832, "NUAREACONT": 428.93, "NUAREAMONT": 576.685, "NUDISTBACC": 2435.374, "NUAREABACC": 3072.383, "NUCOMPCDA": 109.538, "Shape__Len": 0, "OBJECTID": 46498, "ID": 91134, "COTRECHO": 91134, "COCURSODAG": "46368", "COBACIA": "4636891", "NOGENERICO": "Rio", "NOLIGACAO": null, "NOESPECIF": "Canaã", "NORIOCOMP": "Rio Canaã", "NOORIGINAL": "Rio Canaã", "COCDADESAG": "4636", "NUTRJUS": 90615, "NUORDEMCDA": 4, "NUNIVOTTO": 7, "NUNIVOTCDA": 5, "NUSTRAHLER": 2, "DEDOMINIAL": "Estadual", "DSVERSAO": "BHO bho_2017_v_01_05_50k de 2018-06-22" }, "geometry": { "type": "MultiLineString", "coordinates": [ [ [ -63.050879150625875, -10.567138538937412 ], [ -63.0524466, -10.555235899659751 ], [ -63.058988899999967, -10.548760299659966 ], [ -63.068583499999981, -10.544876399660083 ], [ -63.071345099999967, -10.540705799660211 ], [ -63.0662522, -10.524593499660659 ], [ -63.0742366, -10.480861499662046 ], [ -63.0729276, -10.471366399662354 ], [ -63.0682737, -10.463598599662578 ], [ -63.056063100000024, -10.452383499662909 ], [ -63.051702900000016, -10.442600699663229 ], [ -63.0519923, -10.435696699663412 ], [ -63.054170699999972, -10.429365599663607 ], [ -63.06535580000002, -10.40850149966426 ], [ -63.067388499999986, -10.397427599664613 ], [ -63.067385100000024, -10.37182129966542 ], [ -63.069997899999976, -10.365489599665583 ], [ -63.075807899999973, -10.360310099665735 ], [ -63.101377599999971, -10.350234299666061 ], [ -63.1240411, -10.345334299666201 ], [ -63.132542899999962, -10.340781399666369 ], [ -63.1346995, -10.339626399666376 ] ] ] } },
{ "type": "Feature", "properties": { "NUCOMPTREC": 33.835, "NUDISTBACT": 2475.319, "NUDISTCDAG": 0.0, "NUAREACONT": 236.723, "NUAREAMONT": 393.714, "NUDISTBACC": 2475.319, "NUAREABACC": 393.714, "NUCOMPCDA": 58.498, "Shape__Len": 0, "OBJECTID": 46499, "ID": 91324, "COTRECHO": 91324, "COCURSODAG": "4637448", "COBACIA": "46374481", "NOGENERICO": "Igarapé", "NOLIGACAO": "da", "NOESPECIF": "Onça", "NORIOCOMP": "Igarapé da Onça", "NOORIGINAL": "Igarapé da Onça", "COCDADESAG": "463744", "NUTRJUS": 91325, "NUORDEMCDA": 5, "NUNIVOTTO": 8, "NUNIVOTCDA": 7, "NUSTRAHLER": 2, "DEDOMINIAL": "Estadual", "DSVERSAO": "BHO bho_2017_v_01_05_50k de 2018-06-22" }, "geometry": { "type": "MultiLineString", "coordinates": [ [ [ -63.92739269999997, -9.984997199677368 ], [ -63.9322254, -9.973038799677695 ], [ -63.9371583, -9.973455499677707 ], [ -63.942227800000012, -9.970419899677818 ], [ -63.942483299999985, -9.957618099678198 ], [ -63.9440283, -9.947845199678516 ], [ -63.9479422, -9.939182999678781 ], [ -63.9470564, -9.9290901996791 ], [ -63.947046, -9.928972899679101 ], [ -63.948430499999972, -9.92602619967921 ], [ -63.950517199999986, -9.925222299679179 ], [ -63.951524399999975, -9.922486199679263 ], [ -63.951062700000016, -9.914432199679567 ], [ -63.952794400000016, -9.910830499679623 ], [ -63.970048399999982, -9.906178199679786 ], [ -63.977716199999961, -9.898386499680058 ], [ -63.9878215, -9.898747899680014 ], [ -63.987932100000016, -9.898751899680009 ], [ -63.988946899999974, -9.898788099680011 ], [ -63.995260299999977, -9.89545699968015 ], [ -63.9994486, -9.888828099680348 ], [ -64.0081576, -9.8890852996803 ], [ -64.012918800000023, -9.882167399680553 ], [ -64.013027945229965, -9.882153264875077 ] ] ] } },
{ "type": "Feature", "properties": { "NUCOMPTREC": 32.749, "NUDISTBACT": 2458.256, "NUDISTCDAG": 18.5, "NUAREACONT": 202.55, "NUAREAMONT": 202.55, "NUDISTBACC": 2439.756, "NUAREABACC": 460.671, "NUCOMPCDA": 51.249, "Shape__Len": 0, "OBJECTID": 46503, "ID": 90541, "COTRECHO": 90541, "COCURSODAG": "463692", "COBACIA": "4636925", "NOGENERICO": "Igarapé", "NOLIGACAO": null, "NOESPECIF": "Itapoana", "NORIOCOMP": "Igarapé Itapoana", "NOORIGINAL": "Igarapé Itapoana", "COCDADESAG": "4636", "NUTRJUS": 90699, "NUORDEMCDA": 4, "NUNIVOTTO": 7, "NUNIVOTCDA": 6, "NUSTRAHLER": 1, "DEDOMINIAL": "Estadual", "DSVERSAO": "BHO bho_2017_v_01_05_50k de 2018-06-22" }, "geometry": { "type": "MultiLineString", "coordinates": [ [ [ -63.397713300000021, -10.187021899671089 ], [ -63.395371, -10.172637299671553 ], [ -63.388233599999971, -10.154375499672122 ], [ -63.3845986, -10.15049499967221 ], [ -63.36673, -10.139147699672607 ], [ -63.3607561, -10.123330999673069 ], [ -63.356396, -10.119020399673213 ], [ -63.3530543, -10.117154199673269 ], [ -63.3251723, -10.111572599673426 ], [ -63.3097877, -10.113602699673374 ], [ -63.3023832, -10.113031599673384 ], [ -63.2698474, -10.095222699673959 ], [ -63.2564805, -10.081710999674339 ], [ -63.2439792, -10.063018099674958 ], [ -63.2312001, -10.050944199675325 ], [ -63.226405, -10.048356999675404 ], [ -63.2110199, -10.047788699675426 ], [ -63.198240899999981, -10.037439199675726 ], [ -63.192430800000011, -10.029099699676006 ], [ -63.190936299999983, -10.020517699676274 ], [ -63.190682599999988, -10.019060799676273 ], [ -63.190137900000025, -10.015932999676401 ] ] ] } },
{ "type": "Feature", "properties": { "NUCOMPTREC": 15.208, "NUDISTBACT": 2442.634, "NUDISTCDAG": 0.0, "NUAREACONT": 56.681, "NUAREAMONT": 56.681, "NUDISTBACC": 2442.634, "NUAREABACC": 56.681, "NUCOMPCDA": 15.208, "Shape__Len": 0, "OBJECTID": 47620, "ID": 88842, "COTRECHO": 88842, "COCURSODAG": "4634376", "COBACIA": "4634376", "NOGENERICO": "Igarapé", "NOLIGACAO": null, "NOESPECIF": "Dois de Agosto", "NORIOCOMP": "Igarapé Dois de Agosto", "NOORIGINAL": "Igarapé Dois de Agosto", "COCDADESAG": "4634", "NUTRJUS": 88847, "NUORDEMCDA": 4, "NUNIVOTTO": 7, "NUNIVOTCDA": 7, "NUSTRAHLER": 1, "DEDOMINIAL": "Estadual", "DSVERSAO": "BHO bho_2017_v_01_05_50k de 2018-06-22" }, "geometry": { "type": "MultiLineString", "coordinates": [ [ [ -62.050226, -9.763899499684189 ], [ -62.04179929999998, -9.768560099684073 ], [ -62.028478, -9.762112899684258 ], [ -62.025813790270355, -9.762741704391301 ] ] ] } },
{ "type": "Feature", "properties": { "NUCOMPTREC": 2.048, "NUDISTBACT": 2486.862, "NUDISTCDAG": 41.148, "NUAREACONT": 1.303, "NUAREAMONT": 650.631, "NUDISTBACC": 2445.713, "NUAREABACC": 1338.718, "NUCOMPCDA": 86.773, "Shape__Len": 0, "OBJECTID": 51747, "ID": 1208, "COTRECHO": 1208, "COCURSODAG": "463438", "COBACIA": "46343853", "NOGENERICO": "Rio", "NOLIGACAO": null, "NOESPECIF": "Anari", "NORIOCOMP": "Rio Anari", "NOORIGINAL": "Rio Anari", "COCDADESAG": "4634", "NUTRJUS": 88850, "NUORDEMCDA": 4, "NUNIVOTTO": 8, "NUNIVOTCDA": 6, "NUSTRAHLER": 2, "DEDOMINIAL": "Estadual", "DSVERSAO": "BHO bho_2017_v_01_05_50k de 2018-06-22" }, "geometry": { "type": "MultiLineString", "coordinates": [ [ [ -62.1527251, -10.050747399675302 ], [ -62.1510584, -10.050755999675294 ], [ -62.145, -10.050787399675306 ], [ -62.136306, -10.044240199675514 ] ] ] } },
{ "type": "Feature", "properties": { "NUCOMPTREC": 1.685, "NUDISTBACT": 2526.27, "NUDISTCDAG": 350.857, "NUAREACONT": 3.528, "NUAREAMONT": 2096.055, "NUDISTBACC": 2175.413, "NUAREABACC": 29090.417, "NUCOMPCDA": 441.457, "Shape__Len": 0, "OBJECTID": 51914, "ID": 78808, "COTRECHO": 78808, "COCURSODAG": "4636", "COBACIA": "46369731", "NOGENERICO": "Rio", "NOLIGACAO": null, "NOESPECIF": "Jamari", "NORIOCOMP": "Rio Jamari", "NOORIGINAL": "Rio Jamari", "COCDADESAG": "46", "NUTRJUS": 91162, "NUORDEMCDA": 3, "NUNIVOTTO": 8, "NUNIVOTCDA": 4, "NUSTRAHLER": 3, "DEDOMINIAL": "Estadual", "DSVERSAO": "BHO bho_2017_v_01_05_50k de 2018-06-22" }, "geometry": { "type": "MultiLineString", "coordinates": [ [ [ -63.189369100000022, -10.555823299659712 ], [ -63.18793849999998, -10.551137699659895 ], [ -63.180776900000012, -10.544308999660084 ], [ -63.180504, -10.544048799660077 ] ] ] } },
{ "type": "Feature", "properties": { "NUCOMPTREC": 3.439, "NUDISTBACT": 2410.392, "NUDISTCDAG": 131.412, "NUAREACONT": 5.824, "NUAREAMONT": 1760.955, "NUDISTBACC": 2278.98, "NUAREABACC": 5511.716, "NUCOMPCDA": 202.14, "Shape__Len": 0, "OBJECTID": 54665, "ID": 72386, "COTRECHO": 72386, "COCURSODAG": "46342", "COBACIA": "46342593", "NOGENERICO": "Rio", "NOLIGACAO": null, "NOESPECIF": "Machadinho", "NORIOCOMP": "Rio Machadinho", "NOORIGINAL": "Rio Machadinho", "COCDADESAG": "4634", "NUTRJUS": 72173, "NUORDEMCDA": 4, "NUNIVOTTO": 8, "NUNIVOTCDA": 5, "NUSTRAHLER": 3, "DEDOMINIAL": "Estadual", "DSVERSAO": "BHO bho_2017_v_01_05_50k de 2018-06-22" }, "geometry": { "type": "MultiLineString", "coordinates": [ [ [ -62.326222, -9.739494699684993 ], [ -62.326038799999978, -9.739298699684989 ], [ -62.319847499999973, -9.732674099685182 ], [ -62.314053, -9.730074599685281 ], [ -62.30854069999998, -9.730785699685253 ], [ -62.3007128, -9.729472499685263 ], [ -62.298973400000023, -9.730517999685272 ] ] ] } },
{ "type": "Feature", "properties": { "NUCOMPTREC": 50.916, "NUDISTBACT": 2422.316, "NUDISTCDAG": 139.15, "NUAREACONT": 275.107, "NUAREAMONT": 275.107, "NUDISTBACC": 2283.166, "NUAREABACC": 2556.01, "NUCOMPCDA": 190.066, "Shape__Len": 0, "OBJECTID": 54699, "ID": 90752, "COTRECHO": 90752, "COCURSODAG": "463622", "COBACIA": "4636229", "NOGENERICO": "Braço", "NOLIGACAO": null, "NOESPECIF": "Direito", "NORIOCOMP": "Braço Direito", "NOORIGINAL": "Braço Direito", "COCDADESAG": "46362", "NUTRJUS": 90965, "NUORDEMCDA": 5, "NUNIVOTTO": 7, "NUNIVOTCDA": 6, "NUSTRAHLER": 1, "DEDOMINIAL": "Estadual", "DSVERSAO": "BHO bho_2017_v_01_05_50k de 2018-06-22" }, "geometry": { "type": "MultiLineString", "coordinates": [ [ [ -63.411556299999972, -9.865501299681062 ], [ -63.3900755, -9.859972399681231 ], [ -63.3836743, -9.857016799681322 ], [ -63.37292810000001, -9.847535199681596 ], [ -63.363196899999977, -9.83618069968197 ], [ -63.353907900000024, -9.832593999682048 ], [ -63.3495512, -9.827419499682259 ], [ -63.346633399999966, -9.810018299682802 ], [ -63.33936210000001, -9.79419989968329 ], [ -63.338339800000035, -9.787290399683497 ], [ -63.3267275, -9.77565089968385 ], [ -63.324240700000026, -9.768370299684085 ], [ -63.32398460000001, -9.75296849968456 ], [ -63.320402800000011, -9.739965699684985 ], [ -63.323950599999975, -9.71757609968563 ], [ -63.3297222, -9.701600399686168 ], [ -63.32940559999998, -9.698829799686234 ], [ -63.3247822, -9.692179799686466 ], [ -63.323149399999977, -9.678259199686899 ], [ -63.314295300000026, -9.666185199687222 ], [ -63.2976096, -9.652534599687696 ], [ -63.2916434, -9.640162299688043 ], [ -63.2935083, -9.621889999688642 ], [ -63.3005961, -9.590095299689594 ], [ -63.3079778, -9.578291299689987 ], [ -63.318407299999983, -9.572672899690144 ], [ -63.3223135, -9.566915099690355 ], [ -63.318658899999981, -9.531526499691424 ], [ -63.3201005, -9.526346499691583 ], [ -63.324876599999975, -9.517710799691843 ], [ -63.3386251, -9.500719499692412 ], [ -63.3424612, -9.488780699692782 ], [ -63.343003399999986, -9.487092699692834 ], [ -63.343362899999981, -9.485973899692826 ] ] ] } },
{ "type": "Feature", "properties": { "NUCOMPTREC": 14.452, "NUDISTBACT": 2408.016, "NUDISTCDAG": 188.177, "NUAREACONT": 64.838, "NUAREAMONT": 5865.206, "NUDISTBACC": 2219.839, "NUAREABACC": 13132.064, "NUCOMPCDA": 435.326, "Shape__Len": 0, "OBJECTID": 56308, "ID": 91014, "COTRECHO": 91014, "COCURSODAG": "46362", "COBACIA": "4636277", "NOGENERICO": "Rio", "NOLIGACAO": null, "NOESPECIF": "Candeias", "NORIOCOMP": "Rio Candeias", "NOORIGINAL": "Rio Candeias", "COCDADESAG": "4636", "NUTRJUS": 91011, "NUORDEMCDA": 4, "NUNIVOTTO": 7, "NUNIVOTCDA": 5, "NUSTRAHLER": 4, "DEDOMINIAL": "Estadual", "DSVERSAO": "BHO bho_2017_v_01_05_50k de 2018-06-22" }, "geometry": { "type": "MultiLineString", "coordinates": [ [ [ -63.704679, -9.453713799693869 ], [ -63.704890799999973, -9.454197399693864 ], [ -63.705514600000015, -9.45562209969383 ], [ -63.709855800000014, -9.456093199693791 ], [ -63.717870199999986, -9.440702499694261 ], [ -63.721059700000019, -9.439974699694289 ], [ -63.731931499999973, -9.443405299694184 ], [ -63.736127599999968, -9.441094699694268 ], [ -63.7368487, -9.438790199694362 ], [ -63.734949200000017, -9.430883599694596 ], [ -63.736242, -9.428000699694651 ], [ -63.746076599999974, -9.418485699694985 ], [ -63.745344299999985, -9.416182299695045 ], [ -63.7392598, -9.41547959969509 ], [ -63.737653599999987, -9.41016009969522 ], [ -63.7444514, -9.405397199695352 ], [ -63.746038100000021, -9.402659999695487 ], [ -63.752126499999974, -9.404948299695393 ], [ -63.754011, -9.404079399695423 ], [ -63.7545832, -9.40105819969553 ], [ -63.749204299999981, -9.394020999695741 ], [ -63.7507954, -9.39229099969579 ], [ -63.7581321, -9.390467099695867 ], [ -63.7616671, -9.389588199695854 ] ] ] } },
{ "type": "Feature", "properties": { "NUCOMPTREC": 3.423, "NUDISTBACT": 2535.586, "NUDISTCDAG": 315.747, "NUAREACONT": 6.768, "NUAREAMONT": 3285.545, "NUDISTBACC": 2219.839, "NUAREABACC": 13132.064, "NUCOMPCDA": 435.326, "Shape__Len": 0, "OBJECTID": 57192, "ID": 91035, "COTRECHO": 91035, "COCURSODAG": "46362", "COBACIA": "46362915", "NOGENERICO": "Rio", "NOLIGACAO": null, "NOESPECIF": "Candeias", "NORIOCOMP": "Rio Candeias", "NOORIGINAL": "Rio Candeias", "COCDADESAG": "4636", "NUTRJUS": 91034, "NUORDEMCDA": 4, "NUNIVOTTO": 8, "NUNIVOTCDA": 5, "NUSTRAHLER": 3, "DEDOMINIAL": "Estadual", "DSVERSAO": "BHO bho_2017_v_01_05_50k de 2018-06-22" }, "geometry": { "type": "MultiLineString", "coordinates": [ [ [ -63.728450099999968, -9.937754199678787 ], [ -63.728965099999968, -9.933119699678983 ], [ -63.7269278, -9.929812999679093 ], [ -63.7272067, -9.924924599679205 ], [ -63.719081099999983, -9.924943499679198 ], [ -63.718345, -9.920912399679359 ], [ -63.720334700000024, -9.91745489967944 ], [ -63.720881599999977, -9.916504599679469 ] ] ] } },
{ "type": "Feature", "properties": { "NUCOMPTREC": 0.977, "NUDISTBACT": 2409.415, "NUDISTCDAG": 130.434, "NUAREACONT": 1.196, "NUAREAMONT": 1880.304, "NUDISTBACC": 2278.98, "NUAREABACC": 5511.716, "NUCOMPCDA": 202.14, "Shape__Len": 0, "OBJECTID": 57263, "ID": 72173, "COTRECHO": 72173, "COCURSODAG": "46342", "COBACIA": "46342591", "NOGENERICO": "Rio", "NOLIGACAO": null, "NOESPECIF": "Machadinho", "NORIOCOMP": "Rio Machadinho", "NOORIGINAL": "Rio Machadinho", "COCDADESAG": "4634", "NUTRJUS": 86555, "NUORDEMCDA": 4, "NUNIVOTTO": 8, "NUNIVOTCDA": 5, "NUSTRAHLER": 3, "DEDOMINIAL": "Estadual", "DSVERSAO": "BHO bho_2017_v_01_05_50k de 2018-06-22" }, "geometry": { "type": "MultiLineString", "coordinates": [ [ [ -62.298973400000023, -9.730517999685272 ], [ -62.2984199, -9.730940199685266 ], [ -62.2919389, -9.735883099685111 ] ] ] } },
{ "type": "Feature", "properties": { "NUCOMPTREC": 10.529, "NUDISTBACT": 2375.653, "NUDISTCDAG": 96.673, "NUAREACONT": 63.25, "NUAREAMONT": 2584.845, "NUDISTBACC": 2278.98, "NUAREABACC": 5511.716, "NUCOMPCDA": 202.14, "Shape__Len": 0, "OBJECTID": 59095, "ID": 88755, "COTRECHO": 88755, "COCURSODAG": "46342", "COBACIA": "46342551", "NOGENERICO": "Rio", "NOLIGACAO": null, "NOESPECIF": "Machadinho", "NORIOCOMP": "Rio Machadinho", "NOORIGINAL": "Rio Machadinho", "COCDADESAG": "4634", "NUTRJUS": 88720, "NUORDEMCDA": 4, "NUNIVOTTO": 8, "NUNIVOTCDA": 5, "NUSTRAHLER": 3, "DEDOMINIAL": "Estadual", "DSVERSAO": "BHO bho_2017_v_01_05_50k de 2018-06-22" }, "geometry": { "type": "MultiLineString", "coordinates": [ [ [ -62.128782600000022, -9.671565899687097 ], [ -62.128309300000012, -9.66792249968718 ], [ -62.1257076, -9.664750799687273 ], [ -62.121797500000014, -9.662873599687368 ], [ -62.119489699999981, -9.658694699687489 ], [ -62.121400799999989, -9.649634099687779 ], [ -62.1195391, -9.640423499688044 ], [ -62.107984499999986, -9.625142299688513 ], [ -62.099019899999973, -9.615622799688799 ], [ -62.085710399999968, -9.607242799689082 ], [ -62.077679506323264, -9.604039011282405 ] ] ] } },
{ "type": "Feature", "properties": { "NUCOMPTREC": 6.492, "NUDISTBACT": 2386.182, "NUDISTCDAG": 107.202, "NUAREACONT": 51.952, "NUAREAMONT": 2413.911, "NUDISTBACC": 2278.98, "NUAREABACC": 5511.716, "NUCOMPCDA": 202.14, "Shape__Len": 0, "OBJECTID": 59132, "ID": 72168, "COTRECHO": 72168, "COCURSODAG": "46342", "COBACIA": "46342553", "NOGENERICO": "Rio", "NOLIGACAO": null, "NOESPECIF": "Machadinho", "NORIOCOMP": "Rio Machadinho", "NOORIGINAL": "Rio Machadinho", "COCDADESAG": "4634", "NUTRJUS": 88755, "NUORDEMCDA": 4, "NUNIVOTTO": 8, "NUNIVOTCDA": 5, "NUSTRAHLER": 3, "DEDOMINIAL": "Estadual", "DSVERSAO": "BHO bho_2017_v_01_05_50k de 2018-06-22" }, "geometry": { "type": "MultiLineString", "coordinates": [ [ [ -62.1714315, -9.705447699686005 ], [ -62.1618603, -9.702105999686143 ], [ -62.1540324, -9.70151039968616 ], [ -62.152018, -9.695610999686316 ], [ -62.135084399999982, -9.6831897996867 ], [ -62.13062489999998, -9.67783589968688 ], [ -62.1295748, -9.674262199686984 ], [ -62.128782600000022, -9.671565899687097 ] ] ] } },
{ "type": "Feature", "properties": { "NUCOMPTREC": 13.623, "NUDISTBACT": 2437.304, "NUDISTCDAG": 0.0, "NUAREACONT": 73.8, "NUAREAMONT": 73.8, "NUDISTBACC": 2437.304, "NUAREABACC": 73.8, "NUCOMPCDA": 13.623, "Shape__Len": 0, "OBJECTID": 59141, "ID": 88747, "COTRECHO": 88747, "COCURSODAG": "4634284", "COBACIA": "4634284", "NOGENERICO": "Igarapé", "NOLIGACAO": null, "NOESPECIF": "Dezesseis", "NORIOCOMP": "Igarapé Dezesseis", "NOORIGINAL": "Igarapé Dezesseis", "COCDADESAG": "463428", "NUTRJUS": 88787, "NUORDEMCDA": 6, "NUNIVOTTO": 7, "NUNIVOTCDA": 7, "NUSTRAHLER": 1, "DEDOMINIAL": "Estadual", "DSVERSAO": "BHO bho_2017_v_01_05_50k de 2018-06-22" }, "geometry": { "type": "MultiLineString", "coordinates": [ [ [ -62.615165499999975, -9.751876699684617 ], [ -62.603228699999988, -9.767741899684063 ], [ -62.6004287, -9.769747399684057 ], [ -62.5871575, -9.773611999683915 ], [ -62.580333, -9.779071999683728 ], [ -62.574519599999959, -9.787555999683468 ], [ -62.5681296, -9.792868799683317 ], [ -62.560442899999984, -9.79285939968331 ], [ -62.5507305, -9.787811599683467 ], [ -62.526651899999983, -9.787636099683462 ], [ -62.519976299999989, -9.789783899683384 ], [ -62.5126179, -9.795489499683208 ] ] ] } },
{ "type": "Feature", "properties": { "NUCOMPTREC": 3.874, "NUDISTBACT": 2527.955, "NUDISTCDAG": 352.542, "NUAREACONT": 8.708, "NUAREAMONT": 2030.548, "NUDISTBACC": 2175.413, "NUAREABACC": 29090.417, "NUCOMPCDA": 441.457, "Shape__Len": 0, "OBJECTID": 67017, "ID": 83503, "COTRECHO": 83503, "COCURSODAG": "4636", "COBACIA": "46369733", "NOGENERICO": "Rio", "NOLIGACAO": null, "NOESPECIF": "Jamari", "NORIOCOMP": "Rio Jamari", "NOORIGINAL": "Rio Jamari", "COCDADESAG": "46", "NUTRJUS": 78808, "NUORDEMCDA": 3, "NUNIVOTTO": 8, "NUNIVOTCDA": 4, "NUSTRAHLER": 3, "DEDOMINIAL": "Estadual", "DSVERSAO": "BHO bho_2017_v_01_05_50k de 2018-06-22" }, "geometry": { "type": "MultiLineString", "coordinates": [ [ [ -63.180047595077767, -10.567039450786611 ], [ -63.18053070000002, -10.565669999659438 ], [ -63.1882096, -10.55926939965963 ], [ -63.188927299999989, -10.55713619965969 ], [ -63.189369100000022, -10.555823299659712 ] ] ] } },
{ "type": "Feature", "properties": { "NUCOMPTREC": 4.382, "NUDISTBACT": 2435.374, "NUDISTCDAG": 259.962, "NUAREACONT": 12.708, "NUAREAMONT": 4993.101, "NUDISTBACC": 2175.413, "NUAREABACC": 29090.417, "NUCOMPCDA": 441.457, "Shape__Len": 0, "OBJECTID": 72514, "ID": 7621, "COTRECHO": 7621, "COCURSODAG": "4636", "COBACIA": "463691", "NOGENERICO": "Rio", "NOLIGACAO": null, "NOESPECIF": "Jamari", "NORIOCOMP": "Rio Jamari", "NOORIGINAL": "Rio Jamari", "COCDADESAG": "46", "NUTRJUS": 91114, "NUORDEMCDA": 3, "NUNIVOTTO": 6, "NUNIVOTCDA": 4, "NUSTRAHLER": 4, "DEDOMINIAL": "Estadual", "DSVERSAO": "BHO bho_2017_v_01_05_50k de 2018-06-22" }, "geometry": { "type": "MultiLineString", "coordinates": [ [ [ -63.0958946, -9.948906699678485 ], [ -63.092541700000027, -9.941901099678677 ], [ -63.082817799999972, -9.939309999678748 ], [ -63.075848300000018, -9.934274399678912 ], [ -63.063763199999975, -9.935383099678923 ], [ -63.062584800000018, -9.935491099678854 ] ] ] } },
{ "type": "Feature", "properties": { "NUCOMPTREC": 16.07, "NUDISTBACT": 2431.091, "NUDISTCDAG": 0.0, "NUAREACONT": 80.156, "NUAREAMONT": 80.156, "NUDISTBACC": 2431.091, "NUAREABACC": 80.156, "NUCOMPCDA": 16.07, "Shape__Len": 0, "OBJECTID": 78103, "ID": 91007, "COTRECHO": 91007, "COCURSODAG": "46362764", "COBACIA": "46362764", "NOGENERICO": null, "NOLIGACAO": null, "NOESPECIF": null, "NORIOCOMP": null, "NOORIGINAL": null, "COCDADESAG": "4636276", "NUTRJUS": 90293, "NUORDEMCDA": 6, "NUNIVOTTO": 8, "NUNIVOTCDA": 8, "NUSTRAHLER": 1, "DEDOMINIAL": "Estadual", "DSVERSAO": "BHO bho_2017_v_01_05_50k de 2018-06-22" }, "geometry": { "type": "MultiLineString", "coordinates": [ [ [ -63.858947800000017, -9.674796499686991 ], [ -63.8431048, -9.660879699687428 ], [ -63.834949100000024, -9.646512399687866 ], [ -63.832603, -9.636014099688202 ], [ -63.8338618, -9.617450699688762 ], [ -63.82249, -9.591584399689548 ], [ -63.8102715, -9.574346499690094 ], [ -63.803733, -9.567744199690299 ], [ -63.8002502, -9.566312599690367 ], [ -63.789232899999988, -9.566484299690368 ], [ -63.787767799999983, -9.564996899690392 ], [ -63.786532399999984, -9.563742599690453 ] ] ] } },
{ "type": "Feature", "properties": { "NUCOMPTREC": 14.301, "NUDISTBACT": 2440.472, "NUDISTCDAG": 0.0, "NUAREACONT": 64.875, "NUAREAMONT": 64.875, "NUDISTBACC": 2440.472, "NUAREABACC": 64.875, "NUCOMPCDA": 14.301, "Shape__Len": 0, "OBJECTID": 85820, "ID": 90312, "COTRECHO": 90312, "COCURSODAG": "4636492", "COBACIA": "4636492", "NOGENERICO": "Rio", "NOLIGACAO": null, "NOESPECIF": "Preto do Crespo", "NORIOCOMP": "Rio Preto do Crespo", "NOORIGINAL": "Rio Preto do Crespo", "COCDADESAG": "46364", "NUTRJUS": 91083, "NUORDEMCDA": 5, "NUNIVOTTO": 7, "NUNIVOTCDA": 7, "NUSTRAHLER": 1, "DEDOMINIAL": "Estadual", "DSVERSAO": "BHO bho_2017_v_01_05_50k de 2018-06-22" }, "geometry": { "type": "MultiLineString", "coordinates": [ [ [ -62.597071799999981, -9.72570939968543 ], [ -62.599791900000021, -9.719085399685589 ], [ -62.599463500000013, -9.710686499685874 ], [ -62.601210799999983, -9.705079699686031 ], [ -62.6255754, -9.700939599686194 ], [ -62.633266, -9.696630699686315 ], [ -62.633559900000016, -9.692891199686441 ], [ -62.629504899999965, -9.687562899686581 ], [ -62.634151, -9.683538399686691 ], [ -62.632125499999965, -9.678932299686839 ], [ -62.633864899999978, -9.677641099686912 ], [ -62.642421099999972, -9.677362799686923 ], [ -62.650542799999982, -9.675069999686988 ], [ -62.655040600000014, -9.67277049968706 ], [ -62.666377899999986, -9.661650399687376 ], [ -62.676365799999978, -9.659576499687482 ], [ -62.6788136, -9.659068199687445 ] ] ] } },
{ "type": "Feature", "properties": { "NUCOMPTREC": 12.348, "NUDISTBACT": 2440.472, "NUDISTCDAG": 68.943, "NUAREACONT": 75.645, "NUAREAMONT": 75.645, "NUDISTBACC": 2371.529, "NUAREABACC": 1722.793, "NUCOMPCDA": 81.292, "Shape__Len": 0, "OBJECTID": 85897, "ID": 90180, "COTRECHO": 90180, "COCURSODAG": "46364", "COBACIA": "4636493", "NOGENERICO": "Rio", "NOLIGACAO": null, "NOESPECIF": "Preto do Crespo", "NORIOCOMP": "Rio Preto do Crespo", "NOORIGINAL": "Rio Preto do Crespo", "COCDADESAG": "4636", "NUTRJUS": 91083, "NUORDEMCDA": 4, "NUNIVOTTO": 7, "NUNIVOTCDA": 5, "NUSTRAHLER": 1, "DEDOMINIAL": "Estadual", "DSVERSAO": "BHO bho_2017_v_01_05_50k de 2018-06-22" }, "geometry": { "type": "MultiLineString", "coordinates": [ [ [ -62.6311678, -9.720943099685549 ], [ -62.6367639, -9.720278099685538 ], [ -62.647849599999979, -9.71311129968578 ], [ -62.6703226, -9.718745699685609 ], [ -62.674384799999984, -9.718606299685595 ], [ -62.677284400000019, -9.716306799685679 ], [ -62.6790393, -9.704366199686044 ], [ -62.6784632, -9.697457299686274 ], [ -62.671516399999973, -9.683640499686724 ], [ -62.670364099999958, -9.674428799686982 ], [ -62.672973500000012, -9.666213699687267 ], [ -62.6770788, -9.661190799687379 ], [ -62.6775078, -9.660665999687415 ], [ -62.6788136, -9.659068199687445 ] ] ] } },
{ "type": "Feature", "properties": { "NUCOMPTREC": 15.12, "NUDISTBACT": 2388.09, "NUDISTCDAG": 0.0, "NUAREACONT": 52.993, "NUAREAMONT": 52.993, "NUDISTBACC": 2388.09, "NUAREABACC": 52.993, "NUCOMPCDA": 15.12, "Shape__Len": 0, "OBJECTID": 86480, "ID": 90899, "COTRECHO": 90899, "COCURSODAG": "463652", "COBACIA": "463652", "NOGENERICO": "Igarapé", "NOLIGACAO": null, "NOESPECIF": "Taboca Branca", "NORIOCOMP": "Igarapé Taboca Branca", "NOORIGINAL": "Igarapé Taboca Branca", "COCDADESAG": "4636", "NUTRJUS": 90313, "NUORDEMCDA": 4, "NUNIVOTTO": 6, "NUNIVOTCDA": 6, "NUSTRAHLER": 1, "DEDOMINIAL": "Estadual", "DSVERSAO": "BHO bho_2017_v_01_05_50k de 2018-06-22" }, "geometry": { "type": "MultiLineString", "coordinates": [ [ [ -63.0205302, -9.630888599688339 ], [ -63.024245800000024, -9.6396891996881 ], [ -63.0278164, -9.640454799688042 ], [ -63.030227, -9.639976399688084 ], [ -63.0446465, -9.628970799688398 ], [ -63.065337800000016, -9.619190599688732 ], [ -63.0780979, -9.621349499688655 ], [ -63.080562400000019, -9.618758299688752 ], [ -63.0840374, -9.607246599689077 ], [ -63.091514700000012, -9.60067209968928 ], [ -63.0964697, -9.599318699689359 ], [ -63.104205900000011, -9.599915899689295 ], [ -63.11134370000002, -9.591585299689594 ], [ -63.123531300000032, -9.586305899689741 ], [ -63.1260615, -9.585209699689781 ], [ -63.127647799999984, -9.584522399689813 ] ] ] } },
{ "type": "Feature", "properties": { "NUCOMPTREC": 15.331, "NUDISTBACT": 2527.239, "NUDISTCDAG": 0.0, "NUAREACONT": 70.003, "NUAREAMONT": 70.003, "NUDISTBACC": 2527.239, "NUAREABACC": 70.003, "NUCOMPCDA": 15.331, "Shape__Len": 0, "OBJECTID": 88729, "ID": 91027, "COTRECHO": 91027, "COCURSODAG": "46362912", "COBACIA": "46362912", "NOGENERICO": null, "NOLIGACAO": null, "NOESPECIF": null, "NORIOCOMP": null, "NOORIGINAL": null, "COCDADESAG": "46362", "NUTRJUS": 91074, "NUORDEMCDA": 5, "NUNIVOTTO": 8, "NUNIVOTCDA": 8, "NUSTRAHLER": 1, "DEDOMINIAL": "Estadual", "DSVERSAO": "BHO bho_2017_v_01_05_50k de 2018-06-22" }, "geometry": { "type": "MultiLineString", "coordinates": [ [ [ -63.8192062, -9.821959799682411 ], [ -63.808075, -9.828494899682207 ], [ -63.78696810000001, -9.834094999682028 ], [ -63.773494200000023, -9.842902799681752 ], [ -63.765536899999979, -9.851412899681517 ], [ -63.756396699999975, -9.852005699681477 ], [ -63.749004, -9.854756299681412 ], [ -63.7377161, -9.866866999681029 ], [ -63.732497099999975, -9.870190999680888 ], [ -63.729453200000023, -9.870192599680905 ], [ -63.718703100000027, -9.864317099681083 ], [ -63.7102691, -9.855848699681374 ], [ -63.702609300000013, -9.854696699681364 ], [ -63.701583500000012, -9.854542399681419 ], [ -63.7009645, -9.854449299681395 ] ] ] } },
{ "type": "Feature", "properties": { "NUCOMPTREC": 11.391, "NUDISTBACT": 2559.562, "NUDISTCDAG": 339.723, "NUAREACONT": 77.574, "NUAREAMONT": 2520.173, "NUDISTBACC": 2219.839, "NUAREABACC": 13132.064, "NUCOMPCDA": 435.326, "Shape__Len": 0, "OBJECTID": 88732, "ID": 91046, "COTRECHO": 91046, "COCURSODAG": "46362", "COBACIA": "46362933", "NOGENERICO": "Rio", "NOLIGACAO": null, "NOESPECIF": "Candeias", "NORIOCOMP": "Rio Candeias", "NOORIGINAL": "Rio Candeias", "COCDADESAG": "4636", "NUTRJUS": 91042, "NUORDEMCDA": 4, "NUNIVOTTO": 8, "NUNIVOTCDA": 5, "NUSTRAHLER": 3, "DEDOMINIAL": "Estadual", "DSVERSAO": "BHO bho_2017_v_01_05_50k de 2018-06-22" }, "geometry": { "type": "MultiLineString", "coordinates": [ [ [ -63.719970699999976, -10.161642399671882 ], [ -63.722053500000023, -10.153530099672148 ], [ -63.7215996, -10.146050599672389 ], [ -63.723335099999986, -10.142160499672475 ], [ -63.7314568, -10.13840269967257 ], [ -63.730861800000021, -10.131789899672809 ], [ -63.732574600000021, -10.119268199673217 ], [ -63.735466299999985, -10.113078099673375 ], [ -63.7491036, -10.110167499673468 ], [ -63.756500300000027, -10.106125799673578 ], [ -63.7668076, -10.083589999674308 ] ] ] } },
{ "type": "Feature", "properties": { "NUCOMPTREC": 8.347, "NUDISTBACT": 2527.239, "NUDISTCDAG": 307.4, "NUAREACONT": 63.559, "NUAREAMONT": 3410.557, "NUDISTBACC": 2219.839, "NUAREABACC": 13132.064, "NUCOMPCDA": 435.326, "Shape__Len": 0, "OBJECTID": 88734, "ID": 91034, "COTRECHO": 91034, "COCURSODAG": "46362", "COBACIA": "46362913", "NOGENERICO": "Rio", "NOLIGACAO": null, "NOESPECIF": "Candeias", "NORIOCOMP": "Rio Candeias", "NOORIGINAL": "Rio Candeias", "COCDADESAG": "4636", "NUTRJUS": 91074, "NUORDEMCDA": 4, "NUNIVOTTO": 8, "NUNIVOTCDA": 5, "NUSTRAHLER": 3, "DEDOMINIAL": "Estadual", "DSVERSAO": "BHO bho_2017_v_01_05_50k de 2018-06-22" }, "geometry": { "type": "MultiLineString", "coordinates": [ [ [ -63.720881599999977, -9.916504599679469 ], [ -63.7161438, -9.908694099679703 ], [ -63.7110131, -9.885396199680436 ], [ -63.7066525, -9.880368299680585 ], [ -63.6977375, -9.877251099680716 ], [ -63.696414100000013, -9.876788299680697 ], [ -63.694887900000026, -9.874641599680785 ], [ -63.701529600000022, -9.860814299681214 ], [ -63.700990600000019, -9.854742899681407 ], [ -63.7009645, -9.854449299681395 ] ] ] } },
{ "type": "Feature", "properties": { "NUCOMPTREC": 16.561, "NUDISTBACT": 2371.529, "NUDISTCDAG": 196.116, "NUAREACONT": 81.622, "NUAREAMONT": 11077.528, "NUDISTBACC": 2175.413, "NUAREABACC": 29090.417, "NUCOMPCDA": 441.457, "Shape__Len": 0, "OBJECTID": 88735, "ID": 90313, "COTRECHO": 90313, "COCURSODAG": "4636", "COBACIA": "463651", "NOGENERICO": "Rio", "NOLIGACAO": null, "NOESPECIF": "Jamari", "NORIOCOMP": "Rio Jamari", "NOORIGINAL": "Rio Jamari", "COCDADESAG": "46", "NUTRJUS": 2549, "NUORDEMCDA": 3, "NUNIVOTTO": 6, "NUNIVOTCDA": 4, "NUSTRAHLER": 4, "DEDOMINIAL": "Estadual", "DSVERSAO": "BHO bho_2017_v_01_05_50k de 2018-06-22" }, "geometry": { "type": "MultiLineString", "coordinates": [ [ [ -63.127647799999984, -9.584522399689813 ], [ -63.131153299999987, -9.578148999689988 ], [ -63.131153299999987, -9.572410599690185 ], [ -63.125629399999966, -9.55838949969057 ], [ -63.125843200000027, -9.55371719969075 ], [ -63.129452099999988, -9.547132199690983 ], [ -63.130939899999973, -9.539057599691182 ], [ -63.1361465, -9.533746999691379 ], [ -63.1425211, -9.532046999691406 ], [ -63.142521, -9.527160299691582 ], [ -63.1353618, -9.524025499691662 ], [ -63.138013899999962, -9.514915099691953 ], [ -63.139076299999985, -9.505261899692249 ], [ -63.130219, -9.501532599692394 ], [ -63.122537299999976, -9.502203899692333 ], [ -63.120867400000016, -9.499078499692454 ], [ -63.1236432, -9.492472199692669 ], [ -63.127453300000013, -9.482028599692965 ], [ -63.125594400000018, -9.47119829969335 ], [ -63.123718, -9.467464399693432 ] ] ] } },
{ "type": "Feature", "properties": { "NUCOMPTREC": 13.531, "NUDISTBACT": 2535.586, "NUDISTCDAG": 0.0, "NUAREACONT": 61.453, "NUAREAMONT": 61.453, "NUDISTBACC": 2535.586, "NUAREABACC": 61.453, "NUCOMPCDA": 13.531, "Shape__Len": 0, "OBJECTID": 88795, "ID": 91026, "COTRECHO": 91026, "COCURSODAG": "46362914", "COBACIA": "46362914", "NOGENERICO": "Igarapé", "NOLIGACAO": null, "NOESPECIF": "Jenipapo", "NORIOCOMP": "Igarapé Jenipapo", "NOORIGINAL": "Igarapé Jenipapo", "COCDADESAG": "46362", "NUTRJUS": 91034, "NUORDEMCDA": 5, "NUNIVOTTO": 8, "NUNIVOTCDA": 8, "NUSTRAHLER": 1, "DEDOMINIAL": "Estadual", "DSVERSAO": "BHO bho_2017_v_01_05_50k de 2018-06-22" }, "geometry": { "type": "MultiLineString", "coordinates": [ [ [ -63.8345683, -9.917501499679453 ], [ -63.827271, -9.914455399679543 ], [ -63.821190300000019, -9.91409319967957 ], [ -63.8167992, -9.915439899679535 ], [ -63.8003885, -9.925998399679205 ], [ -63.786887799999988, -9.922538899679299 ], [ -63.779781099999973, -9.924463899679207 ], [ -63.772449400000035, -9.921032299679316 ], [ -63.76338149999998, -9.924303399679211 ], [ -63.757572, -9.921783999679313 ], [ -63.7515447, -9.915575599679519 ], [ -63.728621700000019, -9.91773179967945 ], [ -63.721226399999985, -9.916559299679474 ], [ -63.720881599999977, -9.916504599679469 ] ] ] } },
{ "type": "Feature", "properties": { "NUCOMPTREC": 9.866, "NUDISTBACT": 2570.953, "NUDISTCDAG": 351.114, "NUAREACONT": 61.839, "NUAREAMONT": 2358.395, "NUDISTBACC": 2219.839, "NUAREABACC": 13132.064, "NUCOMPCDA": 435.326, "Shape__Len": 0, "OBJECTID": 88805, "ID": 91047, "COTRECHO": 91047, "COCURSODAG": "46362", "COBACIA": "46362935", "NOGENERICO": "Rio", "NOLIGACAO": null, "NOESPECIF": "Candeias", "NORIOCOMP": "Rio Candeias", "NOORIGINAL": "Rio Candeias", "COCDADESAG": "4636", "NUTRJUS": 91046, "NUORDEMCDA": 4, "NUNIVOTTO": 8, "NUNIVOTCDA": 5, "NUSTRAHLER": 3, "DEDOMINIAL": "Estadual", "DSVERSAO": "BHO bho_2017_v_01_05_50k de 2018-06-22" }, "geometry": { "type": "MultiLineString", "coordinates": [ [ [ -63.727547200000011, -10.24176669966943 ], [ -63.733086, -10.218530999670113 ], [ -63.7332232, -10.21464599967026 ], [ -63.7289887, -10.203147599670626 ], [ -63.733318699999977, -10.192635799670931 ], [ -63.732143699999988, -10.186885299671081 ], [ -63.732998099999975, -10.177961799671367 ], [ -63.721798, -10.169354699671628 ], [ -63.720348, -10.163234899671865 ], [ -63.719970699999976, -10.161642399671882 ] ] ] } },
{ "type": "Feature", "properties": { "NUCOMPTREC": 2.806, "NUDISTBACT": 2427.292, "NUDISTCDAG": 0.0, "NUAREACONT": 13.708, "NUAREAMONT": 177.978, "NUDISTBACC": 2427.292, "NUAREABACC": 177.978, "NUCOMPCDA": 27.591, "Shape__Len": 0, "OBJECTID": 88901, "ID": 91103, "COTRECHO": 91103, "COCURSODAG": "463662", "COBACIA": "4636621", "NOGENERICO": "Rio", "NOLIGACAO": null, "NOESPECIF": "Madalena", "NORIOCOMP": "Rio Madalena", "NOORIGINAL": "Rio Madalena", "COCDADESAG": "46366", "NUTRJUS": 91019, "NUORDEMCDA": 5, "NUNIVOTTO": 7, "NUNIVOTCDA": 6, "NUSTRAHLER": 2, "DEDOMINIAL": "Estadual", "DSVERSAO": "BHO bho_2017_v_01_05_50k de 2018-06-22" }, "geometry": { "type": "MultiLineString", "coordinates": [ [ [ -63.016296300000029, -9.846934499681607 ], [ -63.0208169, -9.846352899681644 ], [ -63.0336193, -9.840117799681815 ], [ -63.0385792, -9.841245799681833 ], [ -63.040168800000011, -9.8416071996818 ] ] ] } },
{ "type": "Feature", "properties": { "NUCOMPTREC": 5.472, "NUDISTBACT": 2402.443, "NUDISTCDAG": 0.0, "NUAREACONT": 34.435, "NUAREAMONT": 1103.938, "NUDISTBACC": 2402.443, "NUAREABACC": 1103.938, "NUCOMPCDA": 110.558, "Shape__Len": 0, "OBJECTID": 88905, "ID": 89942, "COTRECHO": 89942, "COCURSODAG": "463656", "COBACIA": "4636561", "NOGENERICO": "Rio", "NOLIGACAO": null, "NOESPECIF": "Maçangana", "NORIOCOMP": "Rio Maçangana", "NOORIGINAL": "Rio Maçangana", "COCDADESAG": "4636", "NUTRJUS": 15, "NUORDEMCDA": 4, "NUNIVOTTO": 7, "NUNIVOTCDA": 6, "NUSTRAHLER": 2, "DEDOMINIAL": "Estadual", "DSVERSAO": "BHO bho_2017_v_01_05_50k de 2018-06-22" }, "geometry": { "type": "MultiLineString", "coordinates": [ [ [ -63.173253100000011, -9.723093799685499 ], [ -63.171681400000011, -9.723197599685463 ], [ -63.164170099999978, -9.717014299685681 ], [ -63.1425177, -9.696687599686332 ], [ -63.13536729999997, -9.692813499686419 ], [ -63.135082599999969, -9.692659299686429 ] ] ] } },
{ "type": "Feature", "properties": { "NUCOMPTREC": 2.926, "NUDISTBACT": 2399.517, "NUDISTCDAG": 224.105, "NUAREACONT": 7.539, "NUAREAMONT": 10797.054, "NUDISTBACC": 2175.413, "NUAREABACC": 29090.417, "NUCOMPCDA": 441.457, "Shape__Len": 0, "OBJECTID": 88921, "ID": 15, "COTRECHO": 15, "COCURSODAG": "4636", "COBACIA": "463655", "NOGENERICO": "Rio", "NOLIGACAO": null, "NOESPECIF": "Jamari", "NORIOCOMP": "Rio Jamari", "NOORIGINAL": "Rio Jamari", "COCDADESAG": "46", "NUTRJUS": 90971, "NUORDEMCDA": 3, "NUNIVOTTO": 6, "NUNIVOTCDA": 4, "NUSTRAHLER": 4, "DEDOMINIAL": "Estadual", "DSVERSAO": "BHO bho_2017_v_01_05_50k de 2018-06-22" }, "geometry": { "type": "MultiLineString", "coordinates": [ [ [ -63.135082599999969, -9.692659299686429 ], [ -63.137844799999982, -9.683950299686686 ], [ -63.136997599999958, -9.679702499686851 ], [ -63.132111300000012, -9.67205079968709 ], [ -63.1289413, -9.670132999687153 ] ] ] } },
{ "type": "Feature", "properties": { "NUCOMPTREC": 11.428, "NUDISTBACT": 2388.09, "NUDISTCDAG": 212.677, "NUAREACONT": 69.245, "NUAREAMONT": 10942.914, "NUDISTBACC": 2175.413, "NUAREABACC": 29090.417, "NUCOMPCDA": 441.457, "Shape__Len": 0, "OBJECTID": 88922, "ID": 90971, "COTRECHO": 90971, "COCURSODAG": "4636", "COBACIA": "463653", "NOGENERICO": "Rio", "NOLIGACAO": null, "NOESPECIF": "Jamari", "NORIOCOMP": "Rio Jamari", "NOORIGINAL": "Rio Jamari", "COCDADESAG": "46", "NUTRJUS": 90313, "NUORDEMCDA": 3, "NUNIVOTTO": 6, "NUNIVOTCDA": 4, "NUSTRAHLER": 4, "DEDOMINIAL": "Estadual", "DSVERSAO": "BHO bho_2017_v_01_05_50k de 2018-06-22" }, "geometry": { "type": "MultiLineString", "coordinates": [ [ [ -63.1289413, -9.670132999687153 ], [ -63.128358699999986, -9.669781099687162 ], [ -63.1275413, -9.66928739968713 ], [ -63.1275413, -9.666527399687249 ], [ -63.1296658, -9.659090699687443 ], [ -63.127968500000016, -9.654842899687615 ], [ -63.129242400000017, -9.650807899687743 ], [ -63.136677500000019, -9.641032799688043 ], [ -63.1358263, -9.628074899688441 ], [ -63.138481800000022, -9.614054799688898 ], [ -63.130832899999966, -9.612566999688934 ], [ -63.127647799999984, -9.599817499689282 ], [ -63.120636100000013, -9.595143599689427 ], [ -63.1269545, -9.585572499689766 ], [ -63.127647799999984, -9.584522399689813 ] ] ] } },
{ "type": "Feature", "properties": { "NUCOMPTREC": 12.204, "NUDISTBACT": 2399.517, "NUDISTCDAG": 0.0, "NUAREACONT": 76.615, "NUAREAMONT": 76.615, "NUDISTBACC": 2399.517, "NUAREABACC": 76.615, "NUCOMPCDA": 12.204, "Shape__Len": 0, "OBJECTID": 88923, "ID": 90992, "COTRECHO": 90992, "COCURSODAG": "463654", "COBACIA": "463654", "NOGENERICO": "Igarapé", "NOLIGACAO": null, "NOESPECIF": "Santo Amaro", "NORIOCOMP": "Igarapé Santo Amaro", "NOORIGINAL": "Igarapé Santo Amaro", "COCDADESAG": "4636", "NUTRJUS": 90971, "NUORDEMCDA": 4, "NUNIVOTTO": 6, "NUNIVOTCDA": 6, "NUSTRAHLER": 1, "DEDOMINIAL": "Estadual", "DSVERSAO": "BHO bho_2017_v_01_05_50k de 2018-06-22" }, "geometry": { "type": "MultiLineString", "coordinates": [ [ [ -63.0338478, -9.70546179968605 ], [ -63.0421445, -9.701057399686194 ], [ -63.065646899999976, -9.696311199686336 ], [ -63.0705759, -9.697893899686253 ], [ -63.074638600000014, -9.702350499686158 ], [ -63.077392599999989, -9.702494499686113 ], [ -63.0943527, -9.6881037996866 ], [ -63.100735, -9.686951499686618 ], [ -63.105663400000026, -9.681769799686748 ], [ -63.1155245, -9.681478099686766 ], [ -63.126738199999977, -9.671996199687095 ], [ -63.1289413, -9.670132999687153 ] ] ] } },
{ "type": "Feature", "properties": { "NUCOMPTREC": 15.541, "NUDISTBACT": 2407.915, "NUDISTCDAG": 0.0, "NUAREACONT": 82.733, "NUAREAMONT": 82.733, "NUDISTBACC": 2407.915, "NUAREABACC": 82.733, "NUCOMPCDA": 15.541, "Shape__Len": 0, "OBJECTID": 88924, "ID": 91084, "COTRECHO": 91084, "COCURSODAG": "4636562", "COBACIA": "4636562", "NOGENERICO": null, "NOLIGACAO": null, "NOESPECIF": null, "NORIOCOMP": null, "NOORIGINAL": null, "COCDADESAG": "463656", "NUTRJUS": 89942, "NUORDEMCDA": 5, "NUNIVOTTO": 7, "NUNIVOTCDA": 7, "NUSTRAHLER": 1, "DEDOMINIAL": "Estadual", "DSVERSAO": "BHO bho_2017_v_01_05_50k de 2018-06-22" }, "geometry": { "type": "MultiLineString", "coordinates": [ [ [ -63.24250619999998, -9.823559299682358 ], [ -63.25017350000001, -9.819271499682507 ], [ -63.2529429, -9.814200799682636 ], [ -63.251055099999981, -9.8095974996828 ], [ -63.237116099999966, -9.792918499683291 ], [ -63.2350788, -9.783711299683596 ], [ -63.231447100000032, -9.776517899683814 ], [ -63.221288599999966, -9.7678916996841 ], [ -63.207360699999981, -9.76085279968431 ], [ -63.20039509999998, -9.752802799684533 ], [ -63.19111, -9.749352299684665 ], [ -63.181493100000012, -9.73390109968518 ], [ -63.1745833, -9.724838699685444 ], [ -63.1745828, -9.724837999685404 ], [ -63.1735471, -9.723479499685469 ], [ -63.173253100000011, -9.723093799685499 ] ] ] } },
{ "type": "Feature", "properties": { "NUCOMPTREC": 15.867, "NUDISTBACT": 2440.625, "NUDISTCDAG": 0.0, "NUAREACONT": 56.872, "NUAREAMONT": 56.872, "NUDISTBACC": 2440.625, "NUAREABACC": 56.872, "NUCOMPCDA": 15.867, "Shape__Len": 0, "OBJECTID": 88941, "ID": 89279, "COTRECHO": 89279, "COCURSODAG": "4636564", "COBACIA": "4636564", "NOGENERICO": null, "NOLIGACAO": null, "NOESPECIF": null, "NORIOCOMP": null, "NOORIGINAL": null, "COCDADESAG": "463656", "NUTRJUS": 91105, "NUORDEMCDA": 5, "NUNIVOTTO": 7, "NUNIVOTCDA": 7, "NUSTRAHLER": 1, "DEDOMINIAL": "Estadual", "DSVERSAO": "BHO bho_2017_v_01_05_50k de 2018-06-22" }, "geometry": { "type": "MultiLineString", "coordinates": [ [ [ -63.2953978, -9.985562499677345 ], [ -63.301947799999979, -9.971107899677774 ], [ -63.299666600000023, -9.956857799678252 ], [ -63.302672700000024, -9.943215499678654 ], [ -63.307307099999989, -9.932705999678966 ], [ -63.320209, -9.920897499679358 ], [ -63.3209334, -9.918594099679419 ], [ -63.317572700000035, -9.893995099680154 ], [ -63.318438800000017, -9.888240599680373 ], [ -63.320899399999966, -9.883630599680503 ], [ -63.331637899999983, -9.883622699680487 ], [ -63.332640599999984, -9.87268879968083 ], [ -63.335101099999981, -9.868080399680972 ], [ -63.334749199999976, -9.865989499681062 ], [ -63.334475600000012, -9.864364299681061 ] ] ] } },
{ "type": "Feature", "properties": { "NUCOMPTREC": 8.615, "NUDISTBACT": 2449.641, "NUDISTCDAG": 9.885, "NUAREACONT": 34.281, "NUAREAMONT": 290.726, "NUDISTBACC": 2439.756, "NUAREABACC": 460.671, "NUCOMPCDA": 51.249, "Shape__Len": 0, "OBJECTID": 89027, "ID": 90699, "COTRECHO": 90699, "COCURSODAG": "463692", "COBACIA": "4636923", "NOGENERICO": "Igarapé", "NOLIGACAO": null, "NOESPECIF": "Itapoana", "NORIOCOMP": "Igarapé Itapoana", "NOORIGINAL": "Igarapé Itapoana", "COCDADESAG": "4636", "NUTRJUS": 90318, "NUORDEMCDA": 4, "NUNIVOTTO": 7, "NUNIVOTCDA": 6, "NUSTRAHLER": 2, "DEDOMINIAL": "Estadual", "DSVERSAO": "BHO bho_2017_v_01_05_50k de 2018-06-22" }, "geometry": { "type": "MultiLineString", "coordinates": [ [ [ -63.190137900000025, -10.015932999676401 ], [ -63.1927051, -10.005793399676719 ], [ -63.193017899999965, -9.998045599676962 ], [ -63.191537900000014, -9.992131099677124 ], [ -63.188631199999975, -9.987955499677264 ], [ -63.1842784, -9.986519399677327 ], [ -63.174264900000026, -9.987246099677277 ], [ -63.168454899999979, -9.982932799677426 ], [ -63.1671465, -9.976893899677593 ], [ -63.170045899999984, -9.967823799677896 ], [ -63.168988899999988, -9.962434999678075 ], [ -63.1685169, -9.960028499678138 ], [ -63.168035299999985, -9.957573199678221 ] ] ] } },
{ "type": "Feature", "properties": { "NUCOMPTREC": 17.14, "NUDISTBACT": 2458.256, "NUDISTCDAG": 0.0, "NUAREACONT": 53.896, "NUAREAMONT": 53.896, "NUDISTBACC": 2458.256, "NUAREABACC": 53.896, "NUCOMPCDA": 17.14, "Shape__Len": 0, "OBJECTID": 89028, "ID": 91136, "COTRECHO": 91136, "COCURSODAG": "4636924", "COBACIA": "4636924", "NOGENERICO": null, "NOLIGACAO": null, "NOESPECIF": null, "NORIOCOMP": null, "NOORIGINAL": null, "COCDADESAG": "463692", "NUTRJUS": 90699, "NUORDEMCDA": 5, "NUNIVOTTO": 7, "NUNIVOTCDA": 7, "NUSTRAHLER": 1, "DEDOMINIAL": "Estadual", "DSVERSAO": "BHO bho_2017_v_01_05_50k de 2018-06-22" }, "geometry": { "type": "MultiLineString", "coordinates": [ [ [ -63.301623600000013, -10.055459599675174 ], [ -63.3041759, -10.046849999675436 ], [ -63.3036836, -10.038913299675677 ], [ -63.298274600000013, -10.036906099675742 ], [ -63.2937462, -10.023070999676188 ], [ -63.28939, -10.020630499676223 ], [ -63.265147, -10.021368899676256 ], [ -63.2549847, -10.014758899676439 ], [ -63.251208, -10.014760599676418 ], [ -63.2451163, -10.018504999676317 ], [ -63.234381199999973, -10.029304599675962 ], [ -63.226835499999979, -10.031901299675921 ], [ -63.223063299999978, -10.031180199675919 ], [ -63.215799899999986, -10.026581899676064 ], [ -63.208536499999973, -10.019539599676254 ], [ -63.198957500000013, -10.020549599676224 ], [ -63.193151899999975, -10.018684099676275 ], [ -63.192009, -10.017640999676367 ], [ -63.190137900000025, -10.015932999676401 ] ] ] } },
{ "type": "Feature", "properties": { "NUCOMPTREC": 12.339, "NUDISTBACT": 2477.284, "NUDISTCDAG": 301.871, "NUAREACONT": 69.855, "NUAREAMONT": 4010.299, "NUDISTBACC": 2175.413, "NUAREABACC": 29090.417, "NUCOMPCDA": 441.457, "Shape__Len": 0, "OBJECTID": 89031, "ID": 91155, "COTRECHO": 91155, "COCURSODAG": "4636", "COBACIA": "4636935", "NOGENERICO": "Rio", "NOLIGACAO": null, "NOESPECIF": "Jamari", "NORIOCOMP": "Rio Jamari", "NOORIGINAL": "Rio Jamari", "COCDADESAG": "46", "NUTRJUS": 91154, "NUORDEMCDA": 3, "NUNIVOTTO": 7, "NUNIVOTCDA": 4, "NUSTRAHLER": 4, "DEDOMINIAL": "Estadual", "DSVERSAO": "BHO bho_2017_v_01_05_50k de 2018-06-22" }, "geometry": { "type": "MultiLineString", "coordinates": [ [ [ -63.239429200000011, -10.283372399668137 ], [ -63.238188900000011, -10.283223199668136 ], [ -63.2299114, -10.282227399668161 ], [ -63.2270047, -10.280505699668202 ], [ -63.226130800000021, -10.278202399668277 ], [ -63.228454100000029, -10.273598999668415 ], [ -63.238036399999984, -10.265249499668666 ], [ -63.2386047, -10.251151599669127 ], [ -63.232776199999989, -10.225547099669878 ], [ -63.2281256, -10.218353599670124 ], [ -63.2170822, -10.208004199670453 ], [ -63.21736820000001, -10.204405799670583 ], [ -63.22201050000001, -10.199078599670736 ], [ -63.2222491, -10.197168699670797 ], [ -63.222369399999984, -10.196206299670784 ] ] ] } },
{ "type": "Feature", "properties": { "NUCOMPTREC": 8.957, "NUDISTBACT": 2489.623, "NUDISTCDAG": 0.0, "NUAREACONT": 26.52, "NUAREAMONT": 327.001, "NUDISTBACC": 2489.623, "NUAREABACC": 327.001, "NUCOMPCDA": 37.269, "Shape__Len": 0, "OBJECTID": 89032, "ID": 91153, "COTRECHO": 91153, "COCURSODAG": "463694", "COBACIA": "4636941", "NOGENERICO": "Igarapé", "NOLIGACAO": null, "NOESPECIF": "Boa Vista", "NORIOCOMP": "Igarapé Boa Vista", "NOORIGINAL": "Igarapé Boa Vista", "COCDADESAG": "4636", "NUTRJUS": 91155, "NUORDEMCDA": 4, "NUNIVOTTO": 7, "NUNIVOTCDA": 6, "NUSTRAHLER": 2, "DEDOMINIAL": "Estadual", "DSVERSAO": "BHO bho_2017_v_01_05_50k de 2018-06-22" }, "geometry": { "type": "MultiLineString", "coordinates": [ [ [ -63.312405, -10.289401699667927 ], [ -63.303264800000022, -10.280050499668233 ], [ -63.2959975, -10.278188299668285 ], [ -63.2875747, -10.280494999668178 ], [ -63.2736357, -10.287413999668013 ], [ -63.26056670000002, -10.291021799667892 ], [ -63.252723300000021, -10.29059959966791 ], [ -63.239429200000011, -10.283372399668137 ] ] ] } },
{ "type": "Feature", "properties": { "NUCOMPTREC": 10.942, "NUDISTBACT": 2504.289, "NUDISTCDAG": 328.876, "NUAREACONT": 72.354, "NUAREAMONT": 3397.972, "NUDISTBACC": 2175.413, "NUAREABACC": 29090.417, "NUCOMPCDA": 441.457, "Shape__Len": 0, "OBJECTID": 89036, "ID": 91166, "COTRECHO": 91166, "COCURSODAG": "4636", "COBACIA": "4636953", "NOGENERICO": "Rio", "NOLIGACAO": null, "NOESPECIF": "Jamari", "NORIOCOMP": "Rio Jamari", "NOORIGINAL": "Rio Jamari", "COCDADESAG": "46", "NUTRJUS": 91139, "NUORDEMCDA": 3, "NUNIVOTTO": 7, "NUNIVOTCDA": 4, "NUSTRAHLER": 4, "DEDOMINIAL": "Estadual", "DSVERSAO": "BHO bho_2017_v_01_05_50k de 2018-06-22" }, "geometry": { "type": "MultiLineString", "coordinates": [ [ [ -63.2318381, -10.466730299662457 ], [ -63.230034199999977, -10.45774129966275 ], [ -63.231918599999972, -10.452997999662879 ], [ -63.2365686, -10.449681799663004 ], [ -63.237148600000019, -10.446660699663079 ], [ -63.2303124, -10.441920099663236 ], [ -63.230018500000021, -10.43573229966341 ], [ -63.2397497, -10.427241099663689 ], [ -63.2451208, -10.419179399663955 ], [ -63.2462769, -10.408819899664273 ], [ -63.243362400000024, -10.401051999664482 ], [ -63.245105799999976, -10.396450299664663 ], [ -63.2546236, -10.393449199664744 ], [ -63.257232499999979, -10.389621999664829 ] ] ] } },
{ "type": "Feature", "properties": { "NUCOMPTREC": 5.811, "NUDISTBACT": 2515.23, "NUDISTCDAG": 0.0, "NUAREACONT": 23.475, "NUAREAMONT": 1062.985, "NUDISTBACC": 2515.23, "NUAREABACC": 1062.985, "NUCOMPCDA": 64.402, "Shape__Len": 0, "OBJECTID": 89037, "ID": 16699, "COTRECHO": 16699, "COCURSODAG": "463696", "COBACIA": "4636961", "NOGENERICO": "Rio", "NOLIGACAO": null, "NOESPECIF": "Nova Floresta", "NORIOCOMP": "Rio Nova Floresta", "NOORIGINAL": "Rio Nova Floresta", "COCDADESAG": "4636", "NUTRJUS": 91166, "NUORDEMCDA": 4, "NUNIVOTTO": 7, "NUNIVOTCDA": 6, "NUSTRAHLER": 3, "DEDOMINIAL": "Estadual", "DSVERSAO": "BHO bho_2017_v_01_05_50k de 2018-06-22" }, "geometry": { "type": "MultiLineString", "coordinates": [ [ [ -63.2804302, -10.472032399662295 ], [ -63.280272799999985, -10.471935599662311 ], [ -63.270298500000017, -10.465800199662493 ], [ -63.24501429999998, -10.472723099662286 ], [ -63.238617099999985, -10.471433599662344 ], [ -63.233426800000018, -10.467832599662446 ], [ -63.2318381, -10.466730299662457 ] ] ] } },
{ "type": "Feature", "properties": { "NUCOMPTREC": 15.81, "NUDISTBACT": 2536.688, "NUDISTCDAG": 0.0, "NUAREACONT": 71.397, "NUAREAMONT": 71.397, "NUDISTBACC": 2536.688, "NUAREABACC": 71.397, "NUCOMPCDA": 15.81, "Shape__Len": 0, "OBJECTID": 89038, "ID": 91175, "COTRECHO": 91175, "COCURSODAG": "4636964", "COBACIA": "4636964", "NOGENERICO": null, "NOLIGACAO": null, "NOESPECIF": null, "NORIOCOMP": null, "NOORIGINAL": null, "COCDADESAG": "463696", "NUTRJUS": 91174, "NUORDEMCDA": 5, "NUNIVOTTO": 7, "NUNIVOTCDA": 7, "NUSTRAHLER": 1, "DEDOMINIAL": "Estadual", "DSVERSAO": "BHO bho_2017_v_01_05_50k de 2018-06-22" }, "geometry": { "type": "MultiLineString", "coordinates": [ [ [ -63.480742, -10.403060799664418 ], [ -63.4774842, -10.408572999664257 ], [ -63.4737381, -10.431018799663578 ], [ -63.4670775, -10.450017799663 ], [ -63.461275199999982, -10.456502799662793 ], [ -63.4474813, -10.467309099662483 ], [ -63.439798499999981, -10.482566399661982 ], [ -63.4245434, -10.489494899661777 ], [ -63.414231596346141, -10.50500702181086 ] ] ] } },
{ "type": "Feature", "properties": { "NUCOMPTREC": 9.876, "NUDISTBACT": 2414.472, "NUDISTCDAG": 239.059, "NUAREACONT": 90.192, "NUAREAMONT": 9477.019, "NUDISTBACC": 2175.413, "NUAREABACC": 29090.417, "NUCOMPCDA": 441.457, "Shape__Len": 0, "OBJECTID": 89103, "ID": 87764, "COTRECHO": 87764, "COCURSODAG": "4636", "COBACIA": "463659", "NOGENERICO": "Rio", "NOLIGACAO": null, "NOESPECIF": "Jamari", "NORIOCOMP": "Rio Jamari", "NOORIGINAL": "Rio Jamari", "COCDADESAG": "46", "NUTRJUS": 91018, "NUORDEMCDA": 3, "NUNIVOTTO": 6, "NUNIVOTCDA": 4, "NUSTRAHLER": 4, "DEDOMINIAL": "Estadual", "DSVERSAO": "BHO bho_2017_v_01_05_50k de 2018-06-22" }, "geometry": { "type": "MultiLineString", "coordinates": [ [ [ -63.0645224, -9.847131099681629 ], [ -63.0706068, -9.838614299681904 ], [ -63.0780414, -9.834572699682044 ], [ -63.082714699999983, -9.829261399682192 ], [ -63.079743, -9.809931299682807 ], [ -63.084946300000013, -9.806320199682908 ], [ -63.094933099999984, -9.80461729968296 ], [ -63.0965073, -9.801421199683041 ], [ -63.097034800000017, -9.800350099683087 ], [ -63.095570300000013, -9.796971699683155 ], [ -63.1025775, -9.779972699683682 ] ] ] } },
{ "type": "Feature", "properties": { "NUCOMPTREC": 17.26, "NUDISTBACT": 2430.097, "NUDISTCDAG": 0.0, "NUAREACONT": 55.238, "NUAREAMONT": 55.238, "NUDISTBACC": 2430.097, "NUAREABACC": 55.238, "NUCOMPCDA": 17.26, "Shape__Len": 0, "OBJECTID": 89104, "ID": 91104, "COTRECHO": 91104, "COCURSODAG": "4636622", "COBACIA": "4636622", "NOGENERICO": "Igarapé", "NOLIGACAO": null, "NOESPECIF": "Jacaré", "NORIOCOMP": "Igarapé Jacaré", "NOORIGINAL": "Igarapé Jacaré", "COCDADESAG": "463662", "NUTRJUS": 91103, "NUORDEMCDA": 6, "NUNIVOTTO": 7, "NUNIVOTCDA": 7, "NUSTRAHLER": 1, "DEDOMINIAL": "Estadual", "DSVERSAO": "BHO bho_2017_v_01_05_50k de 2018-06-22" }, "geometry": { "type": "MultiLineString", "coordinates": [ [ [ -62.9127107, -9.793333899683281 ], [ -62.921153, -9.784338799683574 ], [ -62.928347499999958, -9.780621599683711 ], [ -62.936476500000026, -9.779692699683727 ], [ -62.942515399999976, -9.781775399683672 ], [ -62.9497672, -9.786522099683518 ], [ -62.954989500000011, -9.787243799683486 ], [ -62.962966199999968, -9.783648099683589 ], [ -62.967029, -9.783071499683613 ], [ -62.9699279, -9.784366399683586 ], [ -62.9774319, -9.793158699683293 ], [ -62.970653, -9.800338799683102 ], [ -62.969638, -9.804940499682925 ], [ -62.971522400000019, -9.809976599682816 ], [ -62.980517500000026, -9.813431099682674 ], [ -62.983852, -9.820193399682461 ], [ -62.992122100000017, -9.823931699682346 ], [ -63.014219, -9.844958299681666 ], [ -63.016296300000029, -9.846934499681607 ] ] ] } },
{ "type": "Feature", "properties": { "NUCOMPTREC": 14.125, "NUDISTBACT": 2427.292, "NUDISTCDAG": 2.944, "NUAREACONT": 65.215, "NUAREAMONT": 1048.842, "NUDISTBACC": 2424.348, "NUAREABACC": 1238.507, "NUCOMPCDA": 73.723, "Shape__Len": 0, "OBJECTID": 89115, "ID": 91088, "COTRECHO": 91088, "COCURSODAG": "46366", "COBACIA": "463663", "NOGENERICO": "Braço", "NOLIGACAO": null, "NOESPECIF": "Sul Rio Branco", "NORIOCOMP": "Braço Sul Rio Branco", "NOORIGINAL": "Braço Sul Rio Branco", "COCDADESAG": "4636", "NUTRJUS": 91019, "NUORDEMCDA": 4, "NUNIVOTTO": 6, "NUNIVOTCDA": 5, "NUSTRAHLER": 3, "DEDOMINIAL": "Estadual", "DSVERSAO": "BHO bho_2017_v_01_05_50k de 2018-06-22" }, "geometry": { "type": "MultiLineString", "coordinates": [ [ [ -62.957194800000025, -9.904362399679879 ], [ -62.957855900000027, -9.904858599679837 ], [ -62.958897, -9.905640099679834 ], [ -62.959193700000014, -9.9058628996798 ], [ -62.9715266, -9.90715779967975 ], [ -62.971820499999971, -9.896512799680076 ], [ -62.976655, -9.893512999680169 ], [ -62.9774739, -9.893004999680221 ], [ -62.9775169, -9.892445899680199 ], [ -62.9779128, -9.887307699680376 ], [ -62.979511100000025, -9.885434899680449 ], [ -62.983715, -9.885437599680429 ], [ -62.9886512, -9.87867759968065 ], [ -62.9953229, -9.880689199680585 ], [ -62.999820699999972, -9.876948699680716 ], [ -63.004898, -9.878674799680642 ], [ -63.006637399999988, -9.877668699680697 ], [ -63.015632499999981, -9.861984699681164 ], [ -63.0195503, -9.858677399681239 ], [ -63.0260776, -9.85968349968126 ], [ -63.02840040000001, -9.858386199681259 ], [ -63.03086480000001, -9.854072899681418 ], [ -63.0365221, -9.850764499681546 ], [ -63.036377099999967, -9.84673609968163 ], [ -63.039234299999976, -9.842871299681777 ], [ -63.040168800000011, -9.8416071996818 ] ] ] } },
{ "type": "Feature", "properties": { "NUCOMPTREC": 6.085, "NUDISTBACT": 2441.417, "NUDISTCDAG": 0.0, "NUAREACONT": 58.663, "NUAREAMONT": 465.139, "NUDISTBACC": 2441.417, "NUAREABACC": 465.139, "NUCOMPCDA": 41.627, "Shape__Len": 0, "OBJECTID": 89116, "ID": 89205, "COTRECHO": 89205, "COCURSODAG": "463664", "COBACIA": "4636641", "NOGENERICO": "Braço", "NOLIGACAO": null, "NOESPECIF": "Sul Rio Branco", "NORIOCOMP": "Braço Sul Rio Branco", "NOORIGINAL": "Braço Sul Rio Branco", "COCDADESAG": "46366", "NUTRJUS": 91088, "NUORDEMCDA": 5, "NUNIVOTTO": 7, "NUNIVOTCDA": 6, "NUSTRAHLER": 2, "DEDOMINIAL": "Estadual", "DSVERSAO": "BHO bho_2017_v_01_05_50k de 2018-06-22" }, "geometry": { "type": "MultiLineString", "coordinates": [ [ [ -62.942207, -9.942773699678629 ], [ -62.9422268, -9.942768399678627 ], [ -62.946044200000017, -9.941730399678681 ], [ -62.9487415, -9.937367599678851 ], [ -62.947730299999975, -9.923984699679254 ], [ -62.9510682, -9.921542999679309 ], [ -62.953681500000016, -9.925426399679191 ], [ -62.9547576, -9.924991199679228 ], [ -62.955334400000027, -9.924757899679191 ], [ -62.956294300000025, -9.924369699679231 ], [ -62.958137099999988, -9.920627399679349 ], [ -62.957243, -9.905193599679842 ], [ -62.957194800000025, -9.904362399679879 ] ] ] } },
{ "type": "Feature", "properties": { "NUCOMPTREC": 16.199, "NUDISTBACT": 2527.955, "NUDISTCDAG": 0.0, "NUAREACONT": 61.979, "NUAREAMONT": 61.979, "NUDISTBACC": 2527.955, "NUAREABACC": 61.979, "NUCOMPCDA": 16.199, "Shape__Len": 0, "OBJECTID": 89156, "ID": 87791, "COTRECHO": 87791, "COCURSODAG": "46369732", "COBACIA": "46369732", "NOGENERICO": null, "NOLIGACAO": null, "NOESPECIF": null, "NORIOCOMP": null, "NOORIGINAL": null, "COCDADESAG": "4636", "NUTRJUS": 78808, "NUORDEMCDA": 4, "NUNIVOTTO": 8, "NUNIVOTCDA": 8, "NUSTRAHLER": 1, "DEDOMINIAL": "Estadual", "DSVERSAO": "BHO bho_2017_v_01_05_50k de 2018-06-22" }, "geometry": { "type": "MultiLineString", "coordinates": [ [ [ -63.219465526720832, -10.565386194141599 ], [ -63.2091676, -10.559754899659584 ], [ -63.190285599999982, -10.556005299659713 ], [ -63.189369100000022, -10.555823299659712 ] ] ] } },
{ "type": "Feature", "properties": { "NUCOMPTREC": 11.04, "NUDISTBACT": 2515.23, "NUDISTCDAG": 339.818, "NUAREACONT": 102.858, "NUAREAMONT": 2262.633, "NUDISTBACC": 2175.413, "NUAREABACC": 29090.417, "NUCOMPCDA": 441.457, "Shape__Len": 0, "OBJECTID": 89165, "ID": 91162, "COTRECHO": 91162, "COCURSODAG": "4636", "COBACIA": "4636971", "NOGENERICO": "Rio", "NOLIGACAO": null, "NOESPECIF": "Jamari", "NORIOCOMP": "Rio Jamari", "NOORIGINAL": "Rio Jamari", "COCDADESAG": "46", "NUTRJUS": 91166, "NUORDEMCDA": 3, "NUNIVOTTO": 7, "NUNIVOTCDA": 4, "NUSTRAHLER": 3, "DEDOMINIAL": "Estadual", "DSVERSAO": "BHO bho_2017_v_01_05_50k de 2018-06-22" }, "geometry": { "type": "MultiLineString", "coordinates": [ [ [ -63.180504, -10.544048799660077 ], [ -63.180660100000011, -10.539773699660234 ], [ -63.183566699999979, -10.535455399660346 ], [ -63.2078285, -10.507245099661207 ], [ -63.209568, -10.50379119966135 ], [ -63.209125799999967, -10.494301099661593 ], [ -63.2115936, -10.489118799661812 ], [ -63.214935200000021, -10.486093799661866 ], [ -63.223945899999983, -10.482923799661952 ], [ -63.2309192, -10.477163099662134 ], [ -63.2316847, -10.468472199662434 ], [ -63.2318381, -10.466730299662457 ] ] ] } },
{ "type": "Feature", "properties": { "NUCOMPTREC": 14.721, "NUDISTBACT": 2447.503, "NUDISTCDAG": 0.0, "NUAREACONT": 60.778, "NUAREAMONT": 60.778, "NUDISTBACC": 2447.503, "NUAREABACC": 60.778, "NUCOMPCDA": 14.721, "Shape__Len": 0, "OBJECTID": 89178, "ID": 88827, "COTRECHO": 88827, "COCURSODAG": "4636642", "COBACIA": "4636642", "NOGENERICO": "Igarapé", "NOLIGACAO": null, "NOESPECIF": "Santa Rita", "NORIOCOMP": "Igarapé Santa Rita", "NOORIGINAL": "Igarapé Santa Rita", "COCDADESAG": "463664", "NUTRJUS": 89205, "NUORDEMCDA": 6, "NUNIVOTTO": 7, "NUNIVOTCDA": 7, "NUSTRAHLER": 1, "DEDOMINIAL": "Estadual", "DSVERSAO": "BHO bho_2017_v_01_05_50k de 2018-06-22" }, "geometry": { "type": "MultiLineString", "coordinates": [ [ [ -62.905742, -10.05915249967504 ], [ -62.921275400000013, -10.045778399675498 ], [ -62.919681, -10.033690499675817 ], [ -62.922443199999968, -10.026354399676073 ], [ -62.926650400000028, -10.021323299676224 ], [ -62.926074200000023, -10.008660899676624 ], [ -62.931308100000024, -9.974995099677656 ], [ -62.929568599999989, -9.955428299678262 ], [ -62.931601899999983, -9.950103799678452 ], [ -62.941757600000017, -9.943084399678625 ], [ -62.942207, -9.942773699678629 ] ] ] } },
{ "type": "Feature", "properties": { "NUCOMPTREC": 8.769, "NUDISTBACT": 2447.503, "NUDISTCDAG": 6.085, "NUAREACONT": 42.184, "NUAREAMONT": 345.698, "NUDISTBACC": 2441.417, "NUAREABACC": 465.139, "NUCOMPCDA": 41.627, "Shape__Len": 0, "OBJECTID": 89179, "ID": 89349, "COTRECHO": 89349, "COCURSODAG": "463664", "COBACIA": "4636643", "NOGENERICO": "Braço", "NOLIGACAO": null, "NOESPECIF": "Sul Rio Branco", "NORIOCOMP": "Braço Sul Rio Branco", "NOORIGINAL": "Braço Sul Rio Branco", "COCDADESAG": "46366", "NUTRJUS": 89205, "NUORDEMCDA": 5, "NUNIVOTTO": 7, "NUNIVOTCDA": 6, "NUSTRAHLER": 2, "DEDOMINIAL": "Estadual", "DSVERSAO": "BHO bho_2017_v_01_05_50k de 2018-06-22" }, "geometry": { "type": "MultiLineString", "coordinates": [ [ [ -62.8835288, -9.968651299677832 ], [ -62.889455899999973, -9.962450099678062 ], [ -62.889597700000024, -9.962301799678036 ], [ -62.891177099999979, -9.960659599678092 ], [ -62.8911805, -9.960658499678123 ], [ -62.900271599999982, -9.957782899678179 ], [ -62.904337800000015, -9.954617799678287 ], [ -62.916968399999966, -9.9359187996789 ], [ -62.923640700000021, -9.930888099679031 ], [ -62.9294463, -9.932616499678966 ], [ -62.938876499999985, -9.941537099678712 ], [ -62.942207, -9.942773699678629 ] ] ] } },
{ "type": "Feature", "properties": { "NUCOMPTREC": 10.836, "NUDISTBACT": 2435.374, "NUDISTCDAG": 0.0, "NUAREACONT": 91.291, "NUAREAMONT": 3072.383, "NUDISTBACC": 2435.374, "NUAREABACC": 3072.383, "NUCOMPCDA": 109.538, "Shape__Len": 0, "OBJECTID": 89181, "ID": 91112, "COTRECHO": 91112, "COCURSODAG": "46368", "COBACIA": "463681", "NOGENERICO": "Rio", "NOLIGACAO": null, "NOESPECIF": "Canaã", "NORIOCOMP": "Rio Canaã", "NOORIGINAL": "Rio Canaã", "COCDADESAG": "4636", "NUTRJUS": 91114, "NUORDEMCDA": 4, "NUNIVOTTO": 6, "NUNIVOTCDA": 5, "NUSTRAHLER": 3, "DEDOMINIAL": "Estadual", "DSVERSAO": "BHO bho_2017_v_01_05_50k de 2018-06-22" }, "geometry": { "type": "MultiLineString", "coordinates": [ [ [ -63.05510060000001, -10.023615099676123 ], [ -63.059201200000011, -10.013475599676465 ], [ -63.059761700000017, -10.005268299676731 ], [ -63.066582799999978, -10.000087599676846 ], [ -63.0657089, -9.993470399677074 ], [ -63.067158300000024, -9.988293699677238 ], [ -63.065853899999979, -9.98397529967737 ], [ -63.0600477, -9.976495799677624 ], [ -63.066574899999978, -9.962684699678059 ], [ -63.065846, -9.956498999678235 ], [ -63.0627311, -9.949542499678458 ], [ -63.0619704, -9.94784339967851 ], [ -63.0625091, -9.937012999678817 ], [ -63.062584800000018, -9.935491099678854 ] ] ] } },
{ "type": "Feature", "properties": { "NUCOMPTREC": 11.887, "NUDISTBACT": 2446.21, "NUDISTCDAG": 10.836, "NUAREACONT": 71.645, "NUAREAMONT": 2018.193, "NUDISTBACC": 2435.374, "NUAREABACC": 3072.383, "NUCOMPCDA": 109.538, "Shape__Len": 0, "OBJECTID": 89191, "ID": 91118, "COTRECHO": 91118, "COCURSODAG": "46368", "COBACIA": "463683", "NOGENERICO": "Rio", "NOLIGACAO": null, "NOESPECIF": "Canaã", "NORIOCOMP": "Rio Canaã", "NOORIGINAL": "Rio Canaã", "COCDADESAG": "4636", "NUTRJUS": 91112, "NUORDEMCDA": 4, "NUNIVOTTO": 6, "NUNIVOTCDA": 5, "NUSTRAHLER": 3, "DEDOMINIAL": "Estadual", "DSVERSAO": "BHO bho_2017_v_01_05_50k de 2018-06-22" }, "geometry": { "type": "MultiLineString", "coordinates": [ [ [ -63.06257369999998, -10.129282999672869 ], [ -63.062402799999973, -10.128451399672928 ], [ -63.059201499999972, -10.112875099673396 ], [ -63.059193499999985, -10.069433199674723 ], [ -63.0552464, -10.025247899676121 ], [ -63.05510060000001, -10.023615099676123 ] ] ] } },
{ "type": "Feature", "properties": { "NUCOMPTREC": 8.728, "NUDISTBACT": 2466.644, "NUDISTCDAG": 31.27, "NUAREACONT": 27.248, "NUAREAMONT": 909.953, "NUDISTBACC": 2435.374, "NUAREABACC": 3072.383, "NUCOMPCDA": 109.538, "Shape__Len": 0, "OBJECTID": 89206, "ID": 89251, "COTRECHO": 89251, "COCURSODAG": "46368", "COBACIA": "4636853", "NOGENERICO": "Rio", "NOLIGACAO": null, "NOESPECIF": "Canaã", "NORIOCOMP": "Rio Canaã", "NOORIGINAL": "Rio Canaã", "COCDADESAG": "4636", "NUTRJUS": 90202, "NUORDEMCDA": 4, "NUNIVOTTO": 7, "NUNIVOTCDA": 5, "NUSTRAHLER": 2, "DEDOMINIAL": "Estadual", "DSVERSAO": "BHO bho_2017_v_01_05_50k de 2018-06-22" }, "geometry": { "type": "MultiLineString", "coordinates": [ [ [ -63.093065, -10.247665399669255 ], [ -63.09390430000002, -10.21900129967012 ], [ -63.103654899999981, -10.204649499670563 ], [ -63.113382199999975, -10.195726599670836 ], [ -63.116997500000025, -10.178867699671359 ], [ -63.117368899999974, -10.177135899671404 ] ] ] } },
{ "type": "Feature", "properties": { "NUCOMPTREC": 14.36, "NUDISTBACT": 2475.372, "NUDISTCDAG": 0.0, "NUAREACONT": 77.925, "NUAREAMONT": 77.925, "NUDISTBACC": 2475.372, "NUAREABACC": 77.925, "NUCOMPCDA": 14.36, "Shape__Len": 0, "OBJECTID": 89208, "ID": 91110, "COTRECHO": 91110, "COCURSODAG": "463686", "COBACIA": "463686", "NOGENERICO": null, "NOLIGACAO": null, "NOESPECIF": null, "NORIOCOMP": null, "NOORIGINAL": null, "COCDADESAG": "46368", "NUTRJUS": 89251, "NUORDEMCDA": 5, "NUNIVOTTO": 6, "NUNIVOTCDA": 6, "NUSTRAHLER": 1, "DEDOMINIAL": "Estadual", "DSVERSAO": "BHO bho_2017_v_01_05_50k de 2018-06-22" }, "geometry": { "type": "MultiLineString", "coordinates": [ [ [ -63.042291499999962, -10.352889099666008 ], [ -63.046155899999974, -10.345905099666167 ], [ -63.049394300000024, -10.343893899666266 ], [ -63.0551926, -10.343224999666283 ], [ -63.057317599999969, -10.341119499666325 ], [ -63.062200500000017, -10.332413299666602 ], [ -63.059972599999973, -10.321127699666935 ], [ -63.055597, -10.311508799667264 ], [ -63.055742, -10.306905299667385 ], [ -63.066488199999988, -10.287625699667974 ], [ -63.0792677, -10.277548999668323 ], [ -63.088269899999986, -10.263018799668751 ], [ -63.093206599999974, -10.251506499669112 ], [ -63.093107, -10.248804899669169 ], [ -63.093065, -10.247665399669255 ] ] ] } },
{ "type": "Feature", "properties": { "NUCOMPTREC": 15.866, "NUDISTBACT": 2460.865, "NUDISTCDAG": 0.0, "NUAREACONT": 65.928, "NUAREAMONT": 65.928, "NUDISTBACC": 2460.865, "NUAREABACC": 65.928, "NUCOMPCDA": 15.866, "Shape__Len": 0, "OBJECTID": 92478, "ID": 88718, "COTRECHO": 88718, "COCURSODAG": "4634298", "COBACIA": "4634298", "NOGENERICO": null, "NOLIGACAO": null, "NOESPECIF": null, "NORIOCOMP": null, "NOORIGINAL": null, "COCDADESAG": "46342", "NUTRJUS": 88775, "NUORDEMCDA": 5, "NUNIVOTTO": 7, "NUNIVOTCDA": 7, "NUSTRAHLER": 1, "DEDOMINIAL": "Estadual", "DSVERSAO": "BHO bho_2017_v_01_05_50k de 2018-06-22" }, "geometry": { "type": "MultiLineString", "coordinates": [ [ [ -62.567520699999974, -10.174401499671479 ], [ -62.5537339, -10.149998499672218 ], [ -62.5534478, -10.146925799672355 ], [ -62.546054799999979, -10.133533499672758 ], [ -62.5428731, -10.122307299673096 ], [ -62.545936400000016, -10.112957799673387 ], [ -62.558734899999976, -10.097870399673829 ], [ -62.560337100000019, -10.093555899674001 ], [ -62.556717, -10.087219799674195 ], [ -62.549461300000011, -10.083613699674299 ], [ -62.5474319, -10.080876399674409 ], [ -62.548023, -10.074401399674583 ], [ -62.5528218, -10.067791299674797 ], [ -62.554428, -10.061608499674964 ], [ -62.551643099999986, -10.053227199675224 ], [ -62.551143500000023, -10.051723399675303 ] ] ] } },
{ "type": "Feature", "properties": { "NUCOMPTREC": 11.279, "NUDISTBACT": 2529.859, "NUDISTCDAG": 0.0, "NUAREACONT": 74.573, "NUAREAMONT": 74.573, "NUDISTBACC": 2529.859, "NUAREABACC": 74.573, "NUCOMPCDA": 11.279, "Shape__Len": 0, "OBJECTID": 93627, "ID": 88900, "COTRECHO": 88900, "COCURSODAG": "4634434", "COBACIA": "4634434", "NOGENERICO": null, "NOLIGACAO": null, "NOESPECIF": null, "NORIOCOMP": null, "NOORIGINAL": null, "COCDADESAG": "46344", "NUTRJUS": 80283, "NUORDEMCDA": 5, "NUNIVOTTO": 7, "NUNIVOTCDA": 7, "NUSTRAHLER": 1, "DEDOMINIAL": "Estadual", "DSVERSAO": "BHO bho_2017_v_01_05_50k de 2018-06-22" }, "geometry": { "type": "MultiLineString", "coordinates": [ [ [ -62.344060800000022, -10.214920199670226 ], [ -62.326189, -10.218334099670136 ], [ -62.3157139, -10.227235899669834 ], [ -62.305536099999983, -10.232393199669691 ], [ -62.297109299999981, -10.23410159966962 ], [ -62.291589199999976, -10.233514299669697 ], [ -62.2822891, -10.235799999669577 ], [ -62.267766300000012, -10.236053899669585 ], [ -62.2581684, -10.24020449966946 ], [ -62.25009440000003, -10.245865799669268 ], [ -62.249497799999965, -10.246283999669265 ] ] ] } },
{ "type": "Feature", "properties": { "NUCOMPTREC": 17.342, "NUDISTBACT": 2577.903, "NUDISTCDAG": 0.0, "NUAREACONT": 85.699, "NUAREAMONT": 85.699, "NUDISTBACC": 2577.903, "NUAREABACC": 85.699, "NUCOMPCDA": 17.342, "Shape__Len": 0, "OBJECTID": 93670, "ID": 88907, "COTRECHO": 88907, "COCURSODAG": "4634456", "COBACIA": "4634456", "NOGENERICO": null, "NOLIGACAO": null, "NOESPECIF": null, "NORIOCOMP": null, "NOORIGINAL": null, "COCDADESAG": "46344", "NUTRJUS": 88904, "NUORDEMCDA": 5, "NUNIVOTTO": 7, "NUNIVOTCDA": 7, "NUSTRAHLER": 1, "DEDOMINIAL": "Estadual", "DSVERSAO": "BHO bho_2017_v_01_05_50k de 2018-06-22" }, "geometry": { "type": "MultiLineString", "coordinates": [ [ [ -62.460949299999989, -10.591469099658626 ], [ -62.497334599999988, -10.568221099659372 ], [ -62.50083230000002, -10.563479299659475 ], [ -62.503166799999974, -10.556579299659722 ], [ -62.50085510000001, -10.547368099660014 ], [ -62.501747799999976, -10.532695799660438 ], [ -62.49334, -10.518729099660842 ], [ -62.494942200000025, -10.515567399660968 ], [ -62.505558899999976, -10.511841199661081 ], [ -62.508618399999975, -10.509112899661156 ], [ -62.507763899999979, -10.496304999661564 ], [ -62.516354499999977, -10.486826599661823 ], [ -62.5178156, -10.481790999661991 ], [ -62.5167753, -10.477110199662174 ], [ -62.515706200000018, -10.472298699662307 ] ] ] } },
{ "type": "Feature", "properties": { "NUCOMPTREC": 7.664, "NUDISTBACT": 2488.91, "NUDISTCDAG": 43.197, "NUAREACONT": 46.362, "NUAREAMONT": 592.14, "NUDISTBACC": 2445.713, "NUAREABACC": 1338.718, "NUCOMPCDA": 86.773, "Shape__Len": 0, "OBJECTID": 93679, "ID": 88867, "COTRECHO": 88867, "COCURSODAG": "463438", "COBACIA": "46343855", "NOGENERICO": "Rio", "NOLIGACAO": null, "NOESPECIF": "Anari", "NORIOCOMP": "Rio Anari", "NOORIGINAL": "Rio Anari", "COCDADESAG": "4634", "NUTRJUS": 1208, "NUORDEMCDA": 4, "NUNIVOTTO": 8, "NUNIVOTCDA": 6, "NUSTRAHLER": 2, "DEDOMINIAL": "Estadual", "DSVERSAO": "BHO bho_2017_v_01_05_50k de 2018-06-22" }, "geometry": { "type": "MultiLineString", "coordinates": [ [ [ -62.214664500000019, -10.024540899676103 ], [ -62.213833599999987, -10.025606699676118 ], [ -62.210224499999981, -10.03023539967594 ], [ -62.2033922, -10.03467879967581 ], [ -62.1951105, -10.03710389967571 ], [ -62.186241, -10.043122199675572 ], [ -62.17927150000002, -10.044543399675529 ], [ -62.172874200000024, -10.048555599675364 ], [ -62.1527251, -10.050747399675302 ] ] ] } },
{ "type": "Feature", "properties": { "NUCOMPTREC": 17.274, "NUDISTBACT": 2502.55, "NUDISTCDAG": 0.0, "NUAREACONT": 72.25, "NUAREAMONT": 72.25, "NUDISTBACC": 2502.55, "NUAREABACC": 72.25, "NUCOMPCDA": 17.274, "Shape__Len": 0, "OBJECTID": 93689, "ID": 88857, "COTRECHO": 88857, "COCURSODAG": "46343882", "COBACIA": "46343882", "NOGENERICO": "Igarapé", "NOLIGACAO": "do", "NOESPECIF": "Braço Direito do Rio Anari", "NORIOCOMP": "Igarapé do Braço Direito do Rio Anari", "NOORIGINAL": "Igarapé do Braço Direito do Rio Anari", "COCDADESAG": "4634388", "NUTRJUS": 7547, "NUORDEMCDA": 6, "NUNIVOTTO": 8, "NUNIVOTCDA": 8, "NUSTRAHLER": 1, "DEDOMINIAL": "Estadual", "DSVERSAO": "BHO bho_2017_v_01_05_50k de 2018-06-22" }, "geometry": { "type": "MultiLineString", "coordinates": [ [ [ -62.3800488, -9.980844599677486 ], [ -62.373059800000021, -9.972695599677737 ], [ -62.367040299999971, -9.969086699677849 ], [ -62.3432479, -9.965444599677976 ], [ -62.331361, -9.958517299678155 ], [ -62.3278782, -9.957930699678206 ], [ -62.3222132, -9.961374599678086 ], [ -62.313622599999974, -9.974017499677693 ], [ -62.309555900000021, -9.975160799677679 ], [ -62.306077, -9.974288099677707 ], [ -62.300145199999974, -9.965935199677924 ], [ -62.297676799999969, -9.965066899677989 ], [ -62.289246199999987, -9.971234699677792 ], [ -62.283444, -9.971509199677778 ], [ -62.278801699999967, -9.969051499677823 ], [ -62.275318899999988, -9.968904799677876 ], [ -62.252375200000017, -9.984928199677357 ], [ -62.250763099999972, -9.986053899677323 ] ] ] } },
{ "type": "Feature", "properties": { "NUCOMPTREC": 2.766, "NUDISTBACT": 2558.008, "NUDISTCDAG": 0.0, "NUAREACONT": 6.303, "NUAREAMONT": 164.277, "NUDISTBACC": 2558.008, "NUAREABACC": 164.277, "NUCOMPCDA": 22.326, "Shape__Len": 0, "OBJECTID": 95753, "ID": 10804, "COTRECHO": 10804, "COCURSODAG": "4634444", "COBACIA": "46344441", "NOGENERICO": "Rio", "NOLIGACAO": null, "NOESPECIF": "Taquifone", "NORIOCOMP": "Rio Taquifone", "NOORIGINAL": "Rio Taquifone", "COCDADESAG": "463444", "NUTRJUS": 75186, "NUORDEMCDA": 6, "NUNIVOTTO": 8, "NUNIVOTCDA": 7, "NUSTRAHLER": 2, "DEDOMINIAL": "Estadual", "DSVERSAO": "BHO bho_2017_v_01_05_50k de 2018-06-22" }, "geometry": { "type": "MultiLineString", "coordinates": [ [ [ -62.4703023, -10.274312999668419 ], [ -62.4591939, -10.296534899667703 ] ] ] } },
{ "type": "Feature", "properties": { "NUCOMPTREC": 2.763, "NUDISTBACT": 2577.903, "NUDISTCDAG": 94.013, "NUAREACONT": 13.991, "NUAREAMONT": 3820.434, "NUDISTBACC": 2483.89, "NUAREABACC": 7273.882, "NUCOMPCDA": 211.426, "Shape__Len": 0, "OBJECTID": 95758, "ID": 88906, "COTRECHO": 88906, "COCURSODAG": "46344", "COBACIA": "4634457", "NOGENERICO": "Rio", "NOLIGACAO": null, "NOESPECIF": "Jaru", "NORIOCOMP": "Rio Jaru", "NOORIGINAL": "Rio Jaru", "COCDADESAG": "4634", "NUTRJUS": 88904, "NUORDEMCDA": 4, "NUNIVOTTO": 7, "NUNIVOTCDA": 5, "NUSTRAHLER": 4, "DEDOMINIAL": "Estadual", "DSVERSAO": "BHO bho_2017_v_01_05_50k de 2018-06-22" }, "geometry": { "type": "MultiLineString", "coordinates": [ [ [ -62.539490800000017, -10.480559699662063 ], [ -62.537676499999975, -10.479929799662031 ], [ -62.515706200000018, -10.472298699662307 ] ] ] } },
{ "type": "Feature", "properties": { "NUCOMPTREC": 12.244, "NUDISTBACT": 2601.362, "NUDISTCDAG": 11.753, "NUAREACONT": 88.152, "NUAREAMONT": 488.621, "NUDISTBACC": 2589.609, "NUAREABACC": 1144.58, "NUCOMPCDA": 54.331, "Shape__Len": 0, "OBJECTID": 95761, "ID": 88921, "COTRECHO": 88921, "COCURSODAG": "463448", "COBACIA": "4634485", "NOGENERICO": "Rio", "NOLIGACAO": null, "NOESPECIF": "Branco", "NORIOCOMP": "Rio Branco", "NOORIGINAL": "Rio Branco", "COCDADESAG": "46344", "NUTRJUS": 88919, "NUORDEMCDA": 5, "NUNIVOTTO": 7, "NUNIVOTCDA": 6, "NUSTRAHLER": 2, "DEDOMINIAL": "Estadual", "DSVERSAO": "BHO bho_2017_v_01_05_50k de 2018-06-22" }, "geometry": { "type": "MultiLineString", "coordinates": [ [ [ -62.494488984280295, -10.645209097290838 ], [ -62.498135900000015, -10.637000399657211 ], [ -62.502362600000033, -10.630104199657454 ], [ -62.505273199999976, -10.628091399657523 ], [ -62.5088978, -10.628813299657482 ], [ -62.5089082, -10.628815299657477 ], [ -62.508986400000033, -10.628924299657477 ], [ -62.511382799999971, -10.632266399657373 ], [ -62.5118, -10.632848099657354 ], [ -62.517095, -10.637204799657233 ], [ -62.523728899999981, -10.636464799657253 ], [ -62.537828, -10.640223099657147 ], [ -62.5448091, -10.638794199657196 ], [ -62.5557686, -10.633684899657323 ], [ -62.557458699999984, -10.632896899657352 ] ] ] } },
{ "type": "Feature", "properties": { "NUCOMPTREC": 3.415, "NUDISTBACT": 2385.975, "NUDISTCDAG": 304.486, "NUAREACONT": 12.635, "NUAREAMONT": 253.753, "NUDISTBACC": 2081.489, "NUAREABACC": 11089.102, "NUCOMPCDA": 327.584, "Shape__Len": 0, "OBJECTID": 95823, "ID": 90299, "COTRECHO": 90299, "COCURSODAG": "46352", "COBACIA": "46352993", "NOGENERICO": "Rio", "NOLIGACAO": null, "NOESPECIF": "Preto", "NORIOCOMP": "Rio Preto", "NOORIGINAL": "Rio Preto", "COCDADESAG": "46", "NUTRJUS": 90280, "NUORDEMCDA": 3, "NUNIVOTTO": 8, "NUNIVOTCDA": 5, "NUSTRAHLER": 2, "DEDOMINIAL": "Estadual", "DSVERSAO": "BHO bho_2017_v_01_05_50k de 2018-06-22" }, "geometry": { "type": "MultiLineString", "coordinates": [ [ [ -62.6018207, -9.528024599691536 ], [ -62.598204099999982, -9.513786199692026 ], [ -62.592585699999979, -9.501352399692356 ], [ -62.591650599999973, -9.499282699692433 ] ] ] } },
{ "type": "Feature", "properties": { "NUCOMPTREC": 1.951, "NUDISTBACT": 2363.389, "NUDISTCDAG": 281.9, "NUAREACONT": 1.856, "NUAREAMONT": 991.501, "NUDISTBACC": 2081.489, "NUAREABACC": 11089.102, "NUCOMPCDA": 327.584, "Shape__Len": 0, "OBJECTID": 95835, "ID": 90249, "COTRECHO": 90249, "COCURSODAG": "46352", "COBACIA": "46352953", "NOGENERICO": "Rio", "NOLIGACAO": null, "NOESPECIF": "Preto", "NORIOCOMP": "Rio Preto", "NOORIGINAL": "Rio Preto", "COCDADESAG": "46", "NUTRJUS": 16650, "NUORDEMCDA": 3, "NUNIVOTTO": 8, "NUNIVOTCDA": 5, "NUSTRAHLER": 3, "DEDOMINIAL": "Estadual", "DSVERSAO": "BHO bho_2017_v_01_05_50k de 2018-06-22" }, "geometry": { "type": "MultiLineString", "coordinates": [ [ [ -62.5919096, -9.33176319969769 ], [ -62.591745199999984, -9.328202599697793 ], [ -62.594736300000015, -9.323898799697911 ], [ -62.6002719, -9.320662199698033 ], [ -62.602323599999963, -9.319462599698076 ] ] ] } },
{ "type": "Feature", "properties": { "NUCOMPTREC": 1.63, "NUDISTBACT": 2476.532, "NUDISTCDAG": 30.321, "NUAREACONT": 2.117, "NUAREAMONT": 471.704, "NUDISTBACC": 2446.21, "NUAREABACC": 962.899, "NUCOMPCDA": 63.843, "Shape__Len": 0, "OBJECTID": 95868, "ID": 16695, "COTRECHO": 16695, "COCURSODAG": "463682", "COBACIA": "4636823", "NOGENERICO": "Rio", "NOLIGACAO": null, "NOESPECIF": "Quatro Cachoeiras", "NORIOCOMP": "Rio Quatro Cachoeiras", "NOORIGINAL": "Rio Quatro Cachoeiras", "COCDADESAG": "46368", "NUTRJUS": 91115, "NUORDEMCDA": 5, "NUNIVOTTO": 7, "NUNIVOTCDA": 6, "NUSTRAHLER": 2, "DEDOMINIAL": "Estadual", "DSVERSAO": "BHO bho_2017_v_01_05_50k de 2018-06-22" }, "geometry": { "type": "MultiLineString", "coordinates": [ [ [ -62.840320099999985, -10.17450619967148 ], [ -62.840323, -10.174508699671472 ], [ -62.8444857, -10.17803009967138 ], [ -62.846610199999986, -10.182622399671244 ], [ -62.8498508, -10.18462159967118 ], [ -62.8501807, -10.184825099671178 ] ] ] } },
{ "type": "Feature", "properties": { "NUCOMPTREC": 16.603, "NUDISTBACT": 2417.913, "NUDISTCDAG": 0.0, "NUAREACONT": 66.934, "NUAREAMONT": 66.934, "NUDISTBACC": 2417.913, "NUAREABACC": 66.934, "NUCOMPCDA": 16.603, "Shape__Len": 0, "OBJECTID": 95894, "ID": 91006, "COTRECHO": 91006, "COCURSODAG": "46362762", "COBACIA": "46362762", "NOGENERICO": null, "NOLIGACAO": null, "NOESPECIF": null, "NORIOCOMP": null, "NOORIGINAL": null, "COCDADESAG": "4636276", "NUTRJUS": 90137, "NUORDEMCDA": 6, "NUNIVOTTO": 8, "NUNIVOTCDA": 8, "NUSTRAHLER": 1, "DEDOMINIAL": "Estadual", "DSVERSAO": "BHO bho_2017_v_01_05_50k de 2018-06-22" }, "geometry": { "type": "MultiLineString", "coordinates": [ [ [ -63.883300500000018, -9.56279619969045 ], [ -63.887607100000025, -9.548252799690925 ], [ -63.8858527, -9.542359899691123 ], [ -63.87496920000001, -9.536919899691263 ], [ -63.859866199999985, -9.526310999691622 ], [ -63.850581700000014, -9.523024999691721 ], [ -63.8431772, -9.517291599691905 ], [ -63.839972699999961, -9.511687699692052 ], [ -63.8354142, -9.485081899692901 ], [ -63.832934200000018, -9.478180799693122 ], [ -63.824210199999975, -9.466264099693452 ], [ -63.8107172, -9.459385699693684 ], [ -63.807677300000023, -9.453599599693886 ], [ -63.8072727, -9.452829599693873 ] ] ] } },
{ "type": "Feature", "properties": { "NUCOMPTREC": 11.383, "NUDISTBACT": 2491.167, "NUDISTCDAG": 0.0, "NUAREACONT": 72.946, "NUAREAMONT": 72.946, "NUDISTBACC": 2491.167, "NUAREABACC": 72.946, "NUCOMPCDA": 11.383, "Shape__Len": 0, "OBJECTID": 95909, "ID": 91055, "COTRECHO": 91055, "COCURSODAG": "46362822", "COBACIA": "46362822", "NOGENERICO": null, "NOLIGACAO": null, "NOESPECIF": null, "NORIOCOMP": null, "NOORIGINAL": null, "COCDADESAG": "4636282", "NUTRJUS": 7617, "NUORDEMCDA": 7, "NUNIVOTTO": 8, "NUNIVOTCDA": 8, "NUSTRAHLER": 1, "DEDOMINIAL": "Estadual", "DSVERSAO": "BHO bho_2017_v_01_05_50k de 2018-06-22" }, "geometry": { "type": "MultiLineString", "coordinates": [ [ [ -63.458454, -9.669968199687162 ], [ -63.481498600000016, -9.670794799687116 ], [ -63.5064316, -9.665867399687286 ], [ -63.5194823, -9.666421299687265 ], [ -63.525414, -9.65807009968748 ], [ -63.534542400000014, -9.652731199687683 ], [ -63.542065200000025, -9.643222699687996 ], [ -63.54554030000002, -9.641062699688039 ], [ -63.547721799999984, -9.640790499688029 ], [ -63.55023640000001, -9.640476599688045 ] ] ] } },
{ "type": "Feature", "properties": { "NUCOMPTREC": 12.872, "NUDISTBACT": 2511.265, "NUDISTCDAG": 21.3, "NUAREACONT": 66.04, "NUAREAMONT": 66.04, "NUDISTBACC": 2489.965, "NUAREABACC": 396.831, "NUCOMPCDA": 34.171, "Shape__Len": 0, "OBJECTID": 95910, "ID": 89228, "COTRECHO": 89228, "COCURSODAG": "4636282", "COBACIA": "46362827", "NOGENERICO": null, "NOLIGACAO": null, "NOESPECIF": null, "NORIOCOMP": null, "NOORIGINAL": null, "COCDADESAG": "463628", "NUTRJUS": 77225, "NUORDEMCDA": 6, "NUNIVOTTO": 8, "NUNIVOTCDA": 7, "NUSTRAHLER": 1, "DEDOMINIAL": "Estadual", "DSVERSAO": "BHO bho_2017_v_01_05_50k de 2018-06-22" }, "geometry": { "type": "MultiLineString", "coordinates": [ [ [ -63.364451700000018, -9.772084099683919 ], [ -63.375655699999967, -9.784914799683577 ], [ -63.384295800000018, -9.786054199683543 ], [ -63.404781, -9.778946299683724 ], [ -63.415797699999978, -9.77260339968392 ], [ -63.4192733, -9.76727839968412 ], [ -63.4218672, -9.754322199684504 ], [ -63.426933299999973, -9.747123699684719 ], [ -63.432582799999977, -9.743375999684854 ], [ -63.4395445, -9.742790399684857 ], [ -63.450302200000017, -9.7478333996847 ], [ -63.452320199999967, -9.74877919968467 ] ] ] } },
{ "type": "Feature", "properties": { "NUCOMPTREC": 21.264, "NUDISTBACT": 2363.364, "NUDISTCDAG": 0.0, "NUAREACONT": 81.44, "NUAREAMONT": 81.44, "NUDISTBACC": 2363.364, "NUAREABACC": 81.44, "NUCOMPCDA": 21.264, "Shape__Len": 0, "OBJECTID": 96229, "ID": 88714, "COTRECHO": 88714, "COCURSODAG": "4634244", "COBACIA": "4634244", "NOGENERICO": null, "NOLIGACAO": null, "NOESPECIF": null, "NORIOCOMP": null, "NOORIGINAL": null, "COCDADESAG": "463424", "NUTRJUS": 88736, "NUORDEMCDA": 6, "NUNIVOTTO": 7, "NUNIVOTCDA": 7, "NUSTRAHLER": 1, "DEDOMINIAL": "Estadual", "DSVERSAO": "BHO bho_2017_v_01_05_50k de 2018-06-22" }, "geometry": { "type": "MultiLineString", "coordinates": [ [ [ -62.148973599999977, -9.547917099690942 ], [ -62.14116460000001, -9.541133199691137 ], [ -62.1362401, -9.539682599691176 ], [ -62.1314717, -9.540588199691168 ], [ -62.12825950000002, -9.542395499691104 ], [ -62.119386599999977, -9.554314499690708 ], [ -62.116483300000034, -9.556034999690693 ], [ -62.110394900000017, -9.55644789969069 ], [ -62.1076449, -9.554572899690703 ], [ -62.106223983589508, -9.552044602188495 ] ] ] } },
{ "type": "Feature", "properties": { "NUCOMPTREC": 15.771, "NUDISTBACT": 2366.584, "NUDISTCDAG": 0.0, "NUAREACONT": 73.655, "NUAREAMONT": 73.655, "NUDISTBACC": 2366.584, "NUAREABACC": 73.655, "NUCOMPCDA": 15.771, "Shape__Len": 0, "OBJECTID": 96243, "ID": 88715, "COTRECHO": 88715, "COCURSODAG": "46342452", "COBACIA": "46342452", "NOGENERICO": null, "NOLIGACAO": null, "NOESPECIF": null, "NORIOCOMP": null, "NOORIGINAL": null, "COCDADESAG": "463424", "NUTRJUS": 88717, "NUORDEMCDA": 6, "NUNIVOTTO": 8, "NUNIVOTCDA": 8, "NUSTRAHLER": 1, "DEDOMINIAL": "Estadual", "DSVERSAO": "BHO bho_2017_v_01_05_50k de 2018-06-22" }, "geometry": { "type": "MultiLineString", "coordinates": [ [ [ -62.2510368, -9.538662899691236 ], [ -62.248297799999989, -9.531605099691415 ], [ -62.242362300000018, -9.528139399691542 ], [ -62.22902549999997, -9.530413999691477 ], [ -62.2213504, -9.527660699691571 ], [ -62.213404200000021, -9.515702299691922 ], [ -62.209646899999981, -9.511807799692038 ], [ -62.202845099999983, -9.508048899692172 ], [ -62.18854709999998, -9.487153199692845 ], [ -62.178560399999988, -9.481808799692997 ], [ -62.177969964822189, -9.479864376228884 ] ] ] } },
{ "type": "Feature", "properties": { "NUCOMPTREC": 6.744, "NUDISTBACT": 2408.862, "NUDISTCDAG": 125.696, "NUAREACONT": 49.294, "NUAREAMONT": 904.919, "NUDISTBACC": 2283.166, "NUAREABACC": 2556.01, "NUCOMPCDA": 190.066, "Shape__Len": 0, "OBJECTID": 97674, "ID": 90956, "COTRECHO": 90956, "COCURSODAG": "463622", "COBACIA": "46362259", "NOGENERICO": "Rio", "NOLIGACAO": null, "NOESPECIF": "Preto do Candeias ou Braço Direito", "NORIOCOMP": "Rio Preto do Candeias ou Braço Direito", "NOORIGINAL": "Rio Preto do Candeias ou Braço Direito", "COCDADESAG": "46362", "NUTRJUS": 90955, "NUORDEMCDA": 5, "NUNIVOTTO": 8, "NUNIVOTCDA": 6, "NUSTRAHLER": 3, "DEDOMINIAL": "Estadual", "DSVERSAO": "BHO bho_2017_v_01_05_50k de 2018-06-22" }, "geometry": { "type": "MultiLineString", "coordinates": [ [ [ -63.326852599999988, -9.429466399694647 ], [ -63.329110899999989, -9.424875699694736 ], [ -63.3285464, -9.420745099694875 ], [ -63.325498, -9.417004599695003 ], [ -63.319413499999989, -9.415713499695038 ], [ -63.316949599999987, -9.4134189996951 ], [ -63.315202399999983, -9.406373399695349 ], [ -63.308080099999984, -9.398612299695609 ], [ -63.3080736, -9.398282199695583 ], [ -63.3079773, -9.393355599695756 ], [ -63.312316099999961, -9.383746399696062 ], [ -63.312737500000019, -9.382812899696054 ], [ -63.313657299999981, -9.380775499696179 ] ] ] } },
{ "type": "Feature", "properties": { "NUCOMPTREC": 19.127, "NUDISTBACT": 2459.47, "NUDISTCDAG": 0.0, "NUAREACONT": 77.389, "NUAREAMONT": 77.389, "NUDISTBACC": 2459.47, "NUAREABACC": 77.389, "NUCOMPCDA": 19.127, "Shape__Len": 0, "OBJECTID": 97910, "ID": 91289, "COTRECHO": 91289, "COCURSODAG": "46374452", "COBACIA": "46374452", "NOGENERICO": null, "NOLIGACAO": null, "NOESPECIF": null, "NORIOCOMP": null, "NOORIGINAL": null, "COCDADESAG": "463744", "NUTRJUS": 91291, "NUORDEMCDA": 5, "NUNIVOTTO": 8, "NUNIVOTCDA": 8, "NUSTRAHLER": 1, "DEDOMINIAL": "Estadual", "DSVERSAO": "BHO bho_2017_v_01_05_50k de 2018-06-22" }, "geometry": { "type": "MultiLineString", "coordinates": [ [ [ -63.86483, -9.667293099687207 ], [ -63.870430100000014, -9.669096399687154 ], [ -63.8745768, -9.668701399687142 ], [ -63.879078, -9.665822499687264 ], [ -63.881824600000023, -9.652522399687687 ], [ -63.886634599999979, -9.647539499687815 ], [ -63.889865699999966, -9.647242899687821 ], [ -63.9094887, -9.651212899687732 ], [ -63.91777050000001, -9.657806699687486 ], [ -63.951996300000012, -9.654027699687605 ], [ -63.964020399999974, -9.657246599687536 ], [ -63.965165776740989, -9.657260285929057 ] ] ] } },
{ "type": "Feature", "properties": { "NUCOMPTREC": 6.89, "NUDISTBACT": 2467.512, "NUDISTCDAG": 0.0, "NUAREACONT": 40.548, "NUAREAMONT": 186.417, "NUDISTBACC": 2467.512, "NUAREABACC": 186.417, "NUCOMPCDA": 22.4, "Shape__Len": 0, "OBJECTID": 97911, "ID": 88928, "COTRECHO": 88928, "COCURSODAG": "46374462", "COBACIA": "463744621", "NOGENERICO": "Igarapé", "NOLIGACAO": null, "NOESPECIF": "Bom Futuro", "NORIOCOMP": "Igarapé Bom Futuro", "NOORIGINAL": "Igarapé Bom Futuro", "COCDADESAG": "4637446", "NUTRJUS": 15720, "NUORDEMCDA": 6, "NUNIVOTTO": 9, "NUNIVOTCDA": 8, "NUSTRAHLER": 2, "DEDOMINIAL": "Estadual", "DSVERSAO": "BHO bho_2017_v_01_05_50k de 2018-06-22" }, "geometry": { "type": "MultiLineString", "coordinates": [ [ [ -63.95295440000001, -9.739678799684942 ], [ -63.953726, -9.739625199684955 ], [ -63.957951700000017, -9.739331099684993 ], [ -63.9631584, -9.735287199685118 ], [ -63.9669123, -9.729234299685256 ], [ -63.972400586483559, -9.725092249379031 ] ] ] } },
{ "type": "Feature", "properties": { "NUCOMPTREC": 14.802, "NUDISTBACT": 2474.402, "NUDISTCDAG": 0.0, "NUAREACONT": 57.346, "NUAREAMONT": 57.346, "NUDISTBACC": 2474.402, "NUAREABACC": 57.346, "NUCOMPCDA": 14.802, "Shape__Len": 0, "OBJECTID": 97912, "ID": 91320, "COTRECHO": 91320, "COCURSODAG": "463744622", "COBACIA": "463744622", "NOGENERICO": null, "NOLIGACAO": null, "NOESPECIF": null, "NORIOCOMP": null, "NOORIGINAL": null, "COCDADESAG": "46374462", "NUTRJUS": 88928, "NUORDEMCDA": 7, "NUNIVOTTO": 9, "NUNIVOTCDA": 9, "NUSTRAHLER": 1, "DEDOMINIAL": "Estadual", "DSVERSAO": "BHO bho_2017_v_01_05_50k de 2018-06-22" }, "geometry": { "type": "MultiLineString", "coordinates": [ [ [ -63.8505283, -9.69605049968632 ], [ -63.8532333, -9.698625099686256 ], [ -63.858974499999988, -9.697653299686273 ], [ -63.8658906, -9.686637699686614 ], [ -63.8703729, -9.684902599686646 ], [ -63.880882499999984, -9.68296209968673 ], [ -63.8936693, -9.684651999686697 ], [ -63.898308199999981, -9.687030899686624 ], [ -63.913265599999988, -9.707313799685981 ], [ -63.920101799999983, -9.714058299685737 ], [ -63.940140400000018, -9.72364099968545 ], [ -63.9525026, -9.739113499684949 ], [ -63.95295440000001, -9.739678799684942 ] ] ] } },
{ "type": "Feature", "properties": { "NUCOMPTREC": 15.51, "NUDISTBACT": 2474.402, "NUDISTCDAG": 6.89, "NUAREACONT": 88.524, "NUAREAMONT": 88.524, "NUDISTBACC": 2467.512, "NUAREABACC": 186.417, "NUCOMPCDA": 22.4, "Shape__Len": 0, "OBJECTID": 97913, "ID": 89559, "COTRECHO": 89559, "COCURSODAG": "46374462", "COBACIA": "463744623", "NOGENERICO": "Igarapé", "NOLIGACAO": null, "NOESPECIF": "Bom Futuro", "NORIOCOMP": "Igarapé Bom Futuro", "NOORIGINAL": "Igarapé Bom Futuro", "COCDADESAG": "4637446", "NUTRJUS": 88928, "NUORDEMCDA": 6, "NUNIVOTTO": 9, "NUNIVOTCDA": 8, "NUSTRAHLER": 1, "DEDOMINIAL": "Estadual", "DSVERSAO": "BHO bho_2017_v_01_05_50k de 2018-06-22" }, "geometry": { "type": "MultiLineString", "coordinates": [ [ [ -63.858486500000033, -9.817846899682534 ], [ -63.871712199999983, -9.811643999682731 ], [ -63.8757556, -9.804297899682952 ], [ -63.8780483, -9.79436339968327 ], [ -63.891335, -9.773465999683891 ], [ -63.893928899999985, -9.771061999683972 ], [ -63.9045302, -9.772279799683931 ], [ -63.9069907, -9.770544199684023 ], [ -63.911182899999964, -9.753172999684555 ], [ -63.9191252, -9.753393999684569 ], [ -63.92607970000001, -9.750499599684643 ], [ -63.931584199999968, -9.752111199684594 ], [ -63.938263800000016, -9.751614599684572 ], [ -63.95295440000001, -9.739678799684942 ] ] ] } },
{ "type": "Feature", "properties": { "NUCOMPTREC": 14.5, "NUDISTBACT": 2509.154, "NUDISTCDAG": 0.0, "NUAREACONT": 65.721, "NUAREAMONT": 65.721, "NUDISTBACC": 2509.154, "NUAREABACC": 65.721, "NUCOMPCDA": 14.5, "Shape__Len": 0, "OBJECTID": 97914, "ID": 90105, "COTRECHO": 90105, "COCURSODAG": "46374482", "COBACIA": "46374482", "NOGENERICO": null, "NOLIGACAO": null, "NOESPECIF": null, "NORIOCOMP": null, "NOORIGINAL": null, "COCDADESAG": "4637448", "NUTRJUS": 91324, "NUORDEMCDA": 6, "NUNIVOTTO": 8, "NUNIVOTCDA": 8, "NUSTRAHLER": 1, "DEDOMINIAL": "Estadual", "DSVERSAO": "BHO bho_2017_v_01_05_50k de 2018-06-22" }, "geometry": { "type": "MultiLineString", "coordinates": [ [ [ -63.8573961, -10.049622299675359 ], [ -63.877125700000022, -10.060189499674999 ], [ -63.885243600000031, -10.062272899674944 ], [ -63.8910115, -10.061299999675004 ], [ -63.903043200000013, -10.054653299675186 ], [ -63.907239399999987, -10.050037099675334 ], [ -63.912717199999967, -10.035491499675761 ], [ -63.9121715, -9.995640099677031 ], [ -63.925668799999983, -9.986202799677327 ], [ -63.92739269999997, -9.984997199677368 ] ] ] } },
{ "type": "Feature", "properties": { "NUCOMPTREC": 14.5, "NUDISTBACT": 2394.141, "NUDISTCDAG": 0.0, "NUAREACONT": 72.295, "NUAREAMONT": 72.295, "NUDISTBACC": 2394.141, "NUAREABACC": 72.295, "NUCOMPCDA": 14.5, "Shape__Len": 0, "OBJECTID": 97994, "ID": 90182, "COTRECHO": 90182, "COCURSODAG": "46352696", "COBACIA": "46352696", "NOGENERICO": "Igarapé", "NOLIGACAO": null, "NOESPECIF": "Seringal", "NORIOCOMP": "Igarapé Seringal", "NOORIGINAL": "Igarapé Seringal", "COCDADESAG": "463526", "NUTRJUS": 90181, "NUORDEMCDA": 5, "NUNIVOTTO": 8, "NUNIVOTCDA": 8, "NUSTRAHLER": 1, "DEDOMINIAL": "Estadual", "DSVERSAO": "BHO bho_2017_v_01_05_50k de 2018-06-22" }, "geometry": { "type": "MultiLineString", "coordinates": [ [ [ -62.7153164, -9.375702699696278 ], [ -62.721644799999972, -9.360499799696788 ], [ -62.7390588, -9.339182899697462 ], [ -62.744147699999971, -9.327037799697857 ], [ -62.748061600000021, -9.32373279969795 ], [ -62.750098389930223, -9.322883744711243 ] ] ] } },
{ "type": "Feature", "properties": { "NUCOMPTREC": 14.293, "NUDISTBACT": 2397.583, "NUDISTCDAG": 0.0, "NUAREACONT": 54.145, "NUAREAMONT": 54.145, "NUDISTBACC": 2397.583, "NUAREABACC": 54.145, "NUCOMPCDA": 14.293, "Shape__Len": 0, "OBJECTID": 97998, "ID": 90173, "COTRECHO": 90173, "COCURSODAG": "46352698", "COBACIA": "46352698", "NOGENERICO": null, "NOLIGACAO": null, "NOESPECIF": null, "NORIOCOMP": null, "NOORIGINAL": null, "COCDADESAG": "463526", "NUTRJUS": 90183, "NUORDEMCDA": 5, "NUNIVOTTO": 8, "NUNIVOTCDA": 8, "NUSTRAHLER": 1, "DEDOMINIAL": "Estadual", "DSVERSAO": "BHO bho_2017_v_01_05_50k de 2018-06-22" }, "geometry": { "type": "MultiLineString", "coordinates": [ [ [ -62.7203138, -9.415600699695096 ], [ -62.728881699999988, -9.396948299695662 ], [ -62.751796300000024, -9.365455799696621 ], [ -62.758754599999975, -9.359707399696793 ], [ -62.765708599999989, -9.356690799696928 ], [ -62.78077710000003, -9.356843999696906 ], [ -62.794679847949737, -9.348377891259569 ] ] ] } },
{ "type": "Feature", "properties": { "NUCOMPTREC": 12.81, "NUDISTBACT": 2407.065, "NUDISTCDAG": 0.0, "NUAREACONT": 50.218, "NUAREAMONT": 50.218, "NUDISTBACC": 2407.065, "NUAREABACC": 50.218, "NUCOMPCDA": 12.81, "Shape__Len": 0, "OBJECTID": 98069, "ID": 90109, "COTRECHO": 90109, "COCURSODAG": "463526992", "COBACIA": "463526992", "NOGENERICO": "Rio", "NOLIGACAO": null, "NOESPECIF": "Jacundá", "NORIOCOMP": "Rio Jacundá", "NOORIGINAL": "Rio Jacundá", "COCDADESAG": "463526", "NUTRJUS": 90118, "NUORDEMCDA": 5, "NUNIVOTTO": 9, "NUNIVOTCDA": 9, "NUSTRAHLER": 1, "DEDOMINIAL": "Estadual", "DSVERSAO": "BHO bho_2017_v_01_05_50k de 2018-06-22" }, "geometry": { "type": "MultiLineString", "coordinates": [ [ [ -62.7122228, -9.466175999693492 ], [ -62.718871799999988, -9.466088899693467 ], [ -62.72810349999996, -9.462840999693613 ], [ -62.749218199999959, -9.449523099694032 ], [ -62.757618200000032, -9.433243499694521 ], [ -62.7577018, -9.433075099694509 ], [ -62.762767600000011, -9.422870599694845 ], [ -62.768272599999989, -9.420284999694902 ], [ -62.780735, -9.421443899694863 ], [ -62.78798339999998, -9.416843799695007 ], [ -62.800731900000024, -9.416565499695016 ], [ -62.803656699999976, -9.415381399695057 ], [ -62.805115199999989, -9.414790999695061 ] ] ] } },
{ "type": "Feature", "properties": { "NUCOMPTREC": 11.136, "NUDISTBACT": 2365.34, "NUDISTCDAG": 0.0, "NUAREACONT": 56.115, "NUAREAMONT": 295.771, "NUDISTBACC": 2365.34, "NUAREABACC": 295.771, "NUCOMPCDA": 37.833, "Shape__Len": 0, "OBJECTID": 98092, "ID": 90269, "COTRECHO": 90269, "COCURSODAG": "4635296", "COBACIA": "46352961", "NOGENERICO": "Igarapé", "NOLIGACAO": null, "NOESPECIF": "União", "NORIOCOMP": "Igarapé União", "NOORIGINAL": "Igarapé União", "COCDADESAG": "46352", "NUTRJUS": 90249, "NUORDEMCDA": 4, "NUNIVOTTO": 8, "NUNIVOTCDA": 7, "NUSTRAHLER": 2, "DEDOMINIAL": "Estadual", "DSVERSAO": "BHO bho_2017_v_01_05_50k de 2018-06-22" }, "geometry": { "type": "MultiLineString", "coordinates": [ [ [ -62.5072761, -9.373261599696361 ], [ -62.5136273, -9.372392099696414 ], [ -62.5181134, -9.374842599696349 ], [ -62.520287900000014, -9.374415399696328 ], [ -62.530008, -9.364214699696651 ], [ -62.540002500000014, -9.365523599696628 ], [ -62.544927, -9.364520799696631 ], [ -62.559434899999985, -9.350008999697105 ], [ -62.576105, -9.340391699697404 ], [ -62.5866873, -9.335943899697558 ], [ -62.590496499999979, -9.332894399697626 ], [ -62.5906948, -9.332735799697669 ], [ -62.5919096, -9.33176319969769 ] ] ] } },
{ "type": "Feature", "properties": { "NUCOMPTREC": 15.829, "NUDISTBACT": 2376.476, "NUDISTCDAG": 0.0, "NUAREACONT": 61.376, "NUAREAMONT": 61.376, "NUDISTBACC": 2376.476, "NUAREABACC": 61.376, "NUCOMPCDA": 15.829, "Shape__Len": 0, "OBJECTID": 98099, "ID": 90270, "COTRECHO": 90270, "COCURSODAG": "46352962", "COBACIA": "46352962", "NOGENERICO": "Igarapé", "NOLIGACAO": null, "NOESPECIF": "União", "NORIOCOMP": "Igarapé União", "NOORIGINAL": "Igarapé União", "COCDADESAG": "4635296", "NUTRJUS": 90269, "NUORDEMCDA": 5, "NUNIVOTTO": 8, "NUNIVOTCDA": 8, "NUSTRAHLER": 1, "DEDOMINIAL": "Estadual", "DSVERSAO": "BHO bho_2017_v_01_05_50k de 2018-06-22" }, "geometry": { "type": "MultiLineString", "coordinates": [ [ [ -62.401886199999986, -9.366136199696637 ], [ -62.4171336, -9.37799399969623 ], [ -62.42014749999997, -9.393826399695763 ], [ -62.422749199999984, -9.398433599695561 ], [ -62.429547099999986, -9.40290529969543 ], [ -62.437947199999975, -9.405650899695376 ], [ -62.4433106, -9.403790299695459 ], [ -62.4475256, -9.395885699695684 ], [ -62.451733400000023, -9.391433499695811 ], [ -62.460568500000029, -9.392454599695791 ], [ -62.467530199999985, -9.388723999695925 ], [ -62.478127500000021, -9.375934999696312 ], [ -62.485234199999972, -9.371487099696463 ], [ -62.496533699999972, -9.369488199696479 ], [ -62.506425499999978, -9.372962799696381 ], [ -62.507040599999982, -9.373178899696416 ], [ -62.5072761, -9.373261599696361 ] ] ] } },
{ "type": "Feature", "properties": { "NUCOMPTREC": 15.947, "NUDISTBACT": 2370.314, "NUDISTCDAG": 0.0, "NUAREACONT": 53.748, "NUAREAMONT": 53.748, "NUDISTBACC": 2370.314, "NUAREABACC": 53.748, "NUCOMPCDA": 15.947, "Shape__Len": 0, "OBJECTID": 98102, "ID": 90162, "COTRECHO": 90162, "COCURSODAG": "46352972", "COBACIA": "46352972", "NOGENERICO": null, "NOLIGACAO": null, "NOESPECIF": null, "NORIOCOMP": null, "NOORIGINAL": null, "COCDADESAG": "46352", "NUTRJUS": 90266, "NUORDEMCDA": 4, "NUNIVOTTO": 8, "NUNIVOTCDA": 8, "NUSTRAHLER": 1, "DEDOMINIAL": "Estadual", "DSVERSAO": "BHO bho_2017_v_01_05_50k de 2018-06-22" }, "geometry": { "type": "MultiLineString", "coordinates": [ [ [ -62.530881599999972, -9.468071099693395 ], [ -62.550745099999972, -9.456322599693804 ], [ -62.55162230000002, -9.448983099694027 ], [ -62.54569450000001, -9.439769199694304 ], [ -62.546571700000015, -9.434879099694431 ], [ -62.550489500000026, -9.431286299694577 ], [ -62.555562800000018, -9.429712999694605 ], [ -62.564252899999985, -9.431735699694554 ], [ -62.568021900000019, -9.431310199694559 ], [ -62.5749914, -9.419089499694923 ], [ -62.581518, -9.414636099695089 ], [ -62.582827, -9.409315499695246 ], [ -62.5806713, -9.396649299695627 ], [ -62.581552400000021, -9.387445299695957 ], [ -62.586050199999988, -9.38111969969613 ], [ -62.596483599999985, -9.378974099696189 ], [ -62.597524799999974, -9.376846599696298 ], [ -62.5989684, -9.373896499696356 ], [ -62.599149800000013, -9.373525799696349 ] ] ] } },
{ "type": "Feature", "properties": { "NUCOMPTREC": 18.158, "NUDISTBACT": 2385.975, "NUDISTCDAG": 0.0, "NUAREACONT": 57.827, "NUAREAMONT": 57.827, "NUDISTBACC": 2385.975, "NUAREABACC": 57.827, "NUCOMPCDA": 18.158, "Shape__Len": 0, "OBJECTID": 98103, "ID": 90292, "COTRECHO": 90292, "COCURSODAG": "46352992", "COBACIA": "46352992", "NOGENERICO": "Igarapé", "NOLIGACAO": null, "NOESPECIF": "Baiaco", "NORIOCOMP": "Igarapé Baiaco", "NOORIGINAL": "Igarapé Baiaco", "COCDADESAG": "46352", "NUTRJUS": 90280, "NUORDEMCDA": 4, "NUNIVOTTO": 8, "NUNIVOTCDA": 8, "NUSTRAHLER": 1, "DEDOMINIAL": "Estadual", "DSVERSAO": "BHO bho_2017_v_01_05_50k de 2018-06-22" }, "geometry": { "type": "MultiLineString", "coordinates": [ [ [ -62.468552900000013, -9.564541299690392 ], [ -62.4750841, -9.561671899690532 ], [ -62.480454699999981, -9.556646799690666 ], [ -62.487756400000031, -9.54470609969102 ], [ -62.493234200000018, -9.540693899691167 ], [ -62.510782099999979, -9.533382699691384 ], [ -62.521795, -9.533543799691392 ], [ -62.530779, -9.536862599691288 ], [ -62.534113, -9.535863199691295 ], [ -62.539484099999981, -9.530402599691485 ], [ -62.543253, -9.530118099691473 ], [ -62.547018, -9.53156309969147 ], [ -62.5517942, -9.536318199691278 ], [ -62.561220400000018, -9.533594199691354 ], [ -62.570204400000023, -9.535045899691339 ], [ -62.57572, -9.528148099691563 ], [ -62.577192700000012, -9.510593499692124 ], [ -62.588860099999984, -9.501466099692395 ], [ -62.591650599999973, -9.499282699692433 ] ] ] } },
{ "type": "Feature", "properties": { "NUCOMPTREC": 18.391, "NUDISTBACT": 2389.39, "NUDISTCDAG": 0.0, "NUAREACONT": 75.664, "NUAREAMONT": 75.664, "NUDISTBACC": 2389.39, "NUAREABACC": 75.664, "NUCOMPCDA": 18.391, "Shape__Len": 0, "OBJECTID": 98104, "ID": 90289, "COTRECHO": 90289, "COCURSODAG": "46352994", "COBACIA": "46352994", "NOGENERICO": "Igarapé", "NOLIGACAO": null, "NOESPECIF": "Santa Bárbara", "NORIOCOMP": "Igarapé Santa Bárbara", "NOORIGINAL": "Igarapé Santa Bárbara", "COCDADESAG": "46352", "NUTRJUS": 90299, "NUORDEMCDA": 4, "NUNIVOTTO": 8, "NUNIVOTCDA": 8, "NUSTRAHLER": 1, "DEDOMINIAL": "Estadual", "DSVERSAO": "BHO bho_2017_v_01_05_50k de 2018-06-22" }, "geometry": { "type": "MultiLineString", "coordinates": [ [ [ -62.467862500000031, -9.59250659968952 ], [ -62.478810800000019, -9.590800999689586 ], [ -62.4839265, -9.588229199689687 ], [ -62.4949165, -9.576810799690012 ], [ -62.498979299999959, -9.575375199690077 ], [ -62.50578890000002, -9.576396899690067 ], [ -62.517389, -9.574112399690108 ], [ -62.52811250000002, -9.576428999690062 ], [ -62.535074199999983, -9.575859599690059 ], [ -62.5385536, -9.574138399690087 ], [ -62.5459576, -9.565947799690376 ], [ -62.5504515, -9.56638499969038 ], [ -62.5542127, -9.57027389969025 ], [ -62.557257199999967, -9.570568399690243 ], [ -62.561766099999986, -9.559060499690577 ], [ -62.569742799999972, -9.557777199690598 ], [ -62.580912300000023, -9.549878699690893 ], [ -62.5918029, -9.534062499691371 ], [ -62.5995927, -9.529367599691506 ], [ -62.6018207, -9.528024599691536 ] ] ] } },
{ "type": "Feature", "properties": { "NUCOMPTREC": 11.149, "NUDISTBACT": 2398.126, "NUDISTCDAG": 0.0, "NUAREACONT": 53.278, "NUAREAMONT": 53.278, "NUDISTBACC": 2398.126, "NUAREABACC": 53.278, "NUCOMPCDA": 11.149, "Shape__Len": 0, "OBJECTID": 98108, "ID": 90230, "COTRECHO": 90230, "COCURSODAG": "46352996", "COBACIA": "46352996", "NOGENERICO": "Igarapé", "NOLIGACAO": null, "NOESPECIF": "Primeiro de Maio", "NORIOCOMP": "Igarapé Primeiro de Maio", "NOORIGINAL": "Igarapé Primeiro de Maio", "COCDADESAG": "46352", "NUTRJUS": 90187, "NUORDEMCDA": 4, "NUNIVOTTO": 8, "NUNIVOTCDA": 8, "NUSTRAHLER": 1, "DEDOMINIAL": "Estadual", "DSVERSAO": "BHO bho_2017_v_01_05_50k de 2018-06-22" }, "geometry": { "type": "MultiLineString", "coordinates": [ [ [ -62.5206321, -9.673970899686989 ], [ -62.527010500000017, -9.66374629968734 ], [ -62.538027199999981, -9.655576199687575 ], [ -62.544313900000027, -9.642956099687964 ], [ -62.554125100000014, -9.636600599688176 ], [ -62.560686799999985, -9.625637099688523 ], [ -62.56299460000001, -9.617766999688758 ], [ -62.567648500000018, -9.616527499688814 ], [ -62.575041399999975, -9.607710799689077 ], [ -62.583144300000022, -9.603524499689195 ], [ -62.585436500000021, -9.602340199689264 ] ] ] } },
{ "type": "Feature", "properties": { "NUCOMPTREC": 3.622, "NUDISTBACT": 2434.31, "NUDISTCDAG": 155.329, "NUAREACONT": 24.531, "NUAREAMONT": 776.109, "NUDISTBACC": 2278.98, "NUAREABACC": 5511.716, "NUCOMPCDA": 202.14, "Shape__Len": 0, "OBJECTID": 98785, "ID": 88750, "COTRECHO": 88750, "COCURSODAG": "46342", "COBACIA": "4634293", "NOGENERICO": "Rio", "NOLIGACAO": null, "NOESPECIF": "Machadinho", "NORIOCOMP": "Rio Machadinho", "NOORIGINAL": "Rio Machadinho", "COCDADESAG": "4634", "NUTRJUS": 88795, "NUORDEMCDA": 4, "NUNIVOTTO": 7, "NUNIVOTCDA": 5, "NUSTRAHLER": 3, "DEDOMINIAL": "Estadual", "DSVERSAO": "BHO bho_2017_v_01_05_50k de 2018-06-22" }, "geometry": { "type": "MultiLineString", "coordinates": [ [ [ -62.45549590000001, -9.885712599680399 ], [ -62.4591198, -9.873344699680841 ], [ -62.4578502, -9.856549099681329 ], [ -62.45764759999998, -9.853866699681442 ] ] ] } },
{ "type": "Feature", "properties": { "NUCOMPTREC": 10.118, "NUDISTBACT": 2589.609, "NUDISTCDAG": 0.0, "NUAREACONT": 60.779, "NUAREAMONT": 1144.58, "NUDISTBACC": 2589.609, "NUAREABACC": 1144.58, "NUCOMPCDA": 54.331, "Shape__Len": 0, "OBJECTID": 99590, "ID": 88912, "COTRECHO": 88912, "COCURSODAG": "463448", "COBACIA": "4634481", "NOGENERICO": "Rio", "NOLIGACAO": null, "NOESPECIF": "São Domingos", "NORIOCOMP": "Rio São Domingos", "NOORIGINAL": "Rio São Domingos", "COCDADESAG": "46344", "NUTRJUS": 88916, "NUORDEMCDA": 5, "NUNIVOTTO": 7, "NUNIVOTCDA": 6, "NUSTRAHLER": 3, "DEDOMINIAL": "Estadual", "DSVERSAO": "BHO bho_2017_v_01_05_50k de 2018-06-22" }, "geometry": { "type": "MultiLineString", "coordinates": [ [ [ -62.5682693, -10.623671799657659 ], [ -62.5729043, -10.617541699657837 ], [ -62.5759716, -10.606901099658186 ], [ -62.576711499999988, -10.595395999658505 ], [ -62.580068200000014, -10.586193199658817 ], [ -62.577352, -10.552383999659851 ], [ -62.57768040000002, -10.538395199660291 ], [ -62.577741399999965, -10.535798399660329 ] ] ] } },
{ "type": "Feature", "properties": { "NUCOMPTREC": 5.028, "NUDISTBACT": 2603.132, "NUDISTCDAG": 119.242, "NUAREACONT": 24.191, "NUAREAMONT": 2007.635, "NUDISTBACC": 2483.89, "NUAREABACC": 7273.882, "NUCOMPCDA": 211.426, "Shape__Len": 0, "OBJECTID": 99602, "ID": 88938, "COTRECHO": 88938, "COCURSODAG": "46344", "COBACIA": "46344913", "NOGENERICO": "Rio", "NOLIGACAO": null, "NOESPECIF": "Jaru", "NORIOCOMP": "Rio Jaru", "NOORIGINAL": "Rio Jaru", "COCDADESAG": "4634", "NUTRJUS": 88937, "NUORDEMCDA": 4, "NUNIVOTTO": 8, "NUNIVOTCDA": 5, "NUSTRAHLER": 3, "DEDOMINIAL": "Estadual", "DSVERSAO": "BHO bho_2017_v_01_05_50k de 2018-06-22" }, "geometry": { "type": "MultiLineString", "coordinates": [ [ [ -62.655829200000028, -10.650725599656791 ], [ -62.6550358, -10.640078799657161 ], [ -62.646910100000014, -10.623956499657652 ], [ -62.650127100000027, -10.610031299658059 ], [ -62.650583900000015, -10.608053099658129 ] ] ] } },
{ "type": "Feature", "properties": { "NUCOMPTREC": 29.292, "NUDISTBACT": 2245.183, "NUDISTCDAG": 60.2, "NUAREACONT": 184.142, "NUAREAMONT": 184.142, "NUDISTBACC": 2184.983, "NUAREABACC": 1090.365, "NUCOMPCDA": 89.492, "Shape__Len": 0, "OBJECTID": 99603, "ID": 88675, "COTRECHO": 88675, "COCURSODAG": "463414", "COBACIA": "4634147", "NOGENERICO": "Rio", "NOLIGACAO": null, "NOESPECIF": "Juruá", "NORIOCOMP": "Rio Juruá", "NOORIGINAL": "Rio Juruá", "COCDADESAG": "4634", "NUTRJUS": 88674, "NUORDEMCDA": 4, "NUNIVOTTO": 7, "NUNIVOTCDA": 6, "NUSTRAHLER": 1, "DEDOMINIAL": "Estadual", "DSVERSAO": "BHO bho_2017_v_01_05_50k de 2018-06-22" }, "geometry": { "type": "MultiLineString", "coordinates": [ [ [ -62.341284900000012, -9.345227899697258 ], [ -62.335864300000026, -9.3441395996973 ], [ -62.335255237549873, -9.342913044854118 ] ] ] } },
{ "type": "Feature", "properties": { "NUCOMPTREC": 12.445, "NUDISTBACT": 2437.931, "NUDISTCDAG": 0.0, "NUAREACONT": 39.168, "NUAREAMONT": 184.258, "NUDISTBACC": 2437.931, "NUAREABACC": 184.258, "NUCOMPCDA": 27.567, "Shape__Len": 0, "OBJECTID": 99632, "ID": 88751, "COTRECHO": 88751, "COCURSODAG": "4634294", "COBACIA": "46342941", "NOGENERICO": "Igarapé", "NOLIGACAO": null, "NOESPECIF": "Jandaia", "NORIOCOMP": "Igarapé Jandaia", "NOORIGINAL": "Igarapé Jandaia", "COCDADESAG": "46342", "NUTRJUS": 88750, "NUORDEMCDA": 5, "NUNIVOTTO": 8, "NUNIVOTCDA": 7, "NUSTRAHLER": 2, "DEDOMINIAL": "Estadual", "DSVERSAO": "BHO bho_2017_v_01_05_50k de 2018-06-22" }, "geometry": { "type": "MultiLineString", "coordinates": [ [ [ -62.543521399999975, -9.951123899678434 ], [ -62.543439299999982, -9.951025399678384 ], [ -62.538329099999984, -9.944902699678593 ], [ -62.531802400000011, -9.941153799678716 ], [ -62.511641600000019, -9.934364999678936 ], [ -62.505843299999988, -9.930759899679023 ], [ -62.481650100000024, -9.904104299679835 ], [ -62.468455, -9.899052599680028 ], [ -62.459326, -9.891554799680252 ], [ -62.4566224, -9.887430899680396 ], [ -62.45549590000001, -9.885712599680399 ] ] ] } },
{ "type": "Feature", "properties": { "NUCOMPTREC": 25.584, "NUDISTBACT": 2375.711, "NUDISTCDAG": 0.0, "NUAREACONT": 188.363, "NUAREAMONT": 188.363, "NUDISTBACC": 2375.711, "NUAREABACC": 188.363, "NUCOMPCDA": 25.584, "Shape__Len": 0, "OBJECTID": 99640, "ID": 88734, "COTRECHO": 88734, "COCURSODAG": "4634246", "COBACIA": "4634246", "NOGENERICO": "Rio", "NOLIGACAO": null, "NOESPECIF": "Belém", "NORIOCOMP": "Rio Belém", "NOORIGINAL": "Rio Belém", "COCDADESAG": "463424", "NUTRJUS": 88737, "NUORDEMCDA": 6, "NUNIVOTTO": 7, "NUNIVOTCDA": 7, "NUSTRAHLER": 1, "DEDOMINIAL": "Estadual", "DSVERSAO": "BHO bho_2017_v_01_05_50k de 2018-06-22" }, "geometry": { "type": "MultiLineString", "coordinates": [ [ [ -62.416469899999989, -9.465997999693494 ], [ -62.410980900000027, -9.455916299693818 ], [ -62.397343, -9.448871799694031 ], [ -62.394344600000011, -9.442364599694242 ], [ -62.3932001, -9.433587299694494 ], [ -62.389156800000031, -9.426532799694735 ], [ -62.385685, -9.422493899694858 ], [ -62.37816220000002, -9.417736099694997 ], [ -62.369174900000026, -9.420737299694887 ], [ -62.36526479999997, -9.420442899694917 ], [ -62.3609237, -9.416695699695021 ], [ -62.3416557, -9.416944599695041 ], [ -62.3277584, -9.411740099695146 ], [ -62.31617319999998, -9.410415699695218 ], [ -62.305747600000018, -9.407088499695314 ], [ -62.289515699999967, -9.409355199695252 ], [ -62.282862799999982, -9.405028499695399 ], [ -62.278227800000025, -9.403721899695423 ], [ -62.275908300000026, -9.404006799695418 ], [ -62.267348200000015, -9.410459699695219 ], [ -62.257475399999961, -9.420218699694926 ], [ -62.2489231, -9.421495999694862 ], [ -62.242972, -9.425938199694759 ], [ -62.241697776511515, -9.426287844354142 ] ] ] } },
{ "type": "Feature", "properties": { "NUCOMPTREC": 5.251, "NUDISTBACT": 2375.711, "NUDISTCDAG": 37.453, "NUAREACONT": 11.807, "NUAREAMONT": 269.392, "NUDISTBACC": 2338.257, "NUAREABACC": 1108.754, "NUCOMPCDA": 69.635, "Shape__Len": 0, "OBJECTID": 99641, "ID": 88738, "COTRECHO": 88738, "COCURSODAG": "463424", "COBACIA": "4634247", "NOGENERICO": "Igarapé", "NOLIGACAO": null, "NOESPECIF": "Triunfo", "NORIOCOMP": "Igarapé Triunfo", "NOORIGINAL": "Igarapé Triunfo", "COCDADESAG": "46342", "NUTRJUS": 88737, "NUORDEMCDA": 5, "NUNIVOTTO": 7, "NUNIVOTCDA": 6, "NUSTRAHLER": 2, "DEDOMINIAL": "Estadual", "DSVERSAO": "BHO bho_2017_v_01_05_50k de 2018-06-22" }, "geometry": { "type": "MultiLineString", "coordinates": [ [ [ -62.2618739, -9.447123299694052 ], [ -62.2599101, -9.44638029969409 ], [ -62.24048090000003, -9.43902719969433 ], [ -62.234682500000027, -9.440453299694278 ], [ -62.2312074, -9.439579399694315 ], [ -62.230232278992581, -9.438389871606114 ] ] ] } },
{ "type": "Feature", "properties": { "NUCOMPTREC": 19.507, "NUDISTBACT": 2380.962, "NUDISTCDAG": 0.0, "NUAREACONT": 100.193, "NUAREAMONT": 100.193, "NUDISTBACC": 2380.962, "NUAREABACC": 100.193, "NUCOMPCDA": 19.507, "Shape__Len": 0, "OBJECTID": 99642, "ID": 88739, "COTRECHO": 88739, "COCURSODAG": "4634248", "COBACIA": "4634248", "NOGENERICO": "Igarapé", "NOLIGACAO": null, "NOESPECIF": "Triunfo", "NORIOCOMP": "Igarapé Triunfo", "NOORIGINAL": "Igarapé Triunfo", "COCDADESAG": "463424", "NUTRJUS": 88738, "NUORDEMCDA": 6, "NUNIVOTTO": 7, "NUNIVOTCDA": 7, "NUSTRAHLER": 1, "DEDOMINIAL": "Estadual", "DSVERSAO": "BHO bho_2017_v_01_05_50k de 2018-06-22" }, "geometry": { "type": "MultiLineString", "coordinates": [ [ [ -62.3412439, -9.579501199689938 ], [ -62.328670499999973, -9.573832899690141 ], [ -62.313296900000019, -9.569582899690264 ], [ -62.309100800000017, -9.565689599690353 ], [ -62.3030357, -9.554745099690704 ], [ -62.2930523, -9.547239499690948 ], [ -62.288715, -9.542051699691113 ], [ -62.287726599999971, -9.529101599691515 ], [ -62.279918099999975, -9.521173199691782 ], [ -62.2780487, -9.514120999691977 ], [ -62.284621399999978, -9.490538599692698 ], [ -62.2843431, -9.485930199692852 ], [ -62.283704499999985, -9.485106699692905 ], [ -62.281306400000013, -9.482014599692997 ], [ -62.280974300000018, -9.481833199692979 ], [ -62.2746763, -9.478392399693115 ], [ -62.271986899999987, -9.475203499693219 ], [ -62.269568400000018, -9.455206699693843 ], [ -62.262609600000019, -9.447896299694067 ], [ -62.2618739, -9.447123299694052 ] ] ] } },
{ "type": "Feature", "properties": { "NUCOMPTREC": 19.049, "NUDISTBACT": 2392.674, "NUDISTCDAG": 0.0, "NUAREACONT": 64.97, "NUAREAMONT": 64.97, "NUDISTBACC": 2392.674, "NUAREABACC": 64.97, "NUCOMPCDA": 19.049, "Shape__Len": 0, "OBJECTID": 99643, "ID": 88772, "COTRECHO": 88772, "COCURSODAG": "46342554", "COBACIA": "46342554", "NOGENERICO": null, "NOLIGACAO": null, "NOESPECIF": null, "NORIOCOMP": null, "NOORIGINAL": null, "COCDADESAG": "46342", "NUTRJUS": 72168, "NUORDEMCDA": 5, "NUNIVOTTO": 8, "NUNIVOTCDA": 8, "NUSTRAHLER": 1, "DEDOMINIAL": "Estadual", "DSVERSAO": "BHO bho_2017_v_01_05_50k de 2018-06-22" }, "geometry": { "type": "MultiLineString", "coordinates": [ [ [ -62.134573699999976, -9.841019299681843 ], [ -62.135649300000019, -9.835666499681992 ], [ -62.140597099999979, -9.827053599682248 ], [ -62.148020499999973, -9.820855799682443 ], [ -62.153242700000021, -9.806617299682909 ], [ -62.153876, -9.785754399683498 ], [ -62.152441599999975, -9.77898709968373 ], [ -62.154490399999986, -9.772520399683957 ], [ -62.145399699999984, -9.754944199684493 ], [ -62.1458386, -9.752643599684562 ], [ -62.152812, -9.747767499684727 ], [ -62.176756699999984, -9.742072899684876 ], [ -62.180972199999985, -9.738774499684981 ], [ -62.182429500000012, -9.73575669968511 ], [ -62.182158300000012, -9.728277799685321 ], [ -62.171542699999975, -9.70568429968599 ], [ -62.1714315, -9.705447699686005 ] ] ] } },
{ "type": "Feature", "properties": { "NUCOMPTREC": 26.93, "NUDISTBACT": 2380.962, "NUDISTCDAG": 42.704, "NUAREACONT": 157.392, "NUAREAMONT": 157.392, "NUDISTBACC": 2338.257, "NUAREABACC": 1108.754, "NUCOMPCDA": 69.635, "Shape__Len": 0, "OBJECTID": 99644, "ID": 88740, "COTRECHO": 88740, "COCURSODAG": "463424", "COBACIA": "4634249", "NOGENERICO": "Igarapé", "NOLIGACAO": null, "NOESPECIF": "Valdomiro", "NORIOCOMP": "Igarapé Valdomiro", "NOORIGINAL": "Igarapé Valdomiro", "COCDADESAG": "46342", "NUTRJUS": 88738, "NUORDEMCDA": 5, "NUNIVOTTO": 7, "NUNIVOTCDA": 6, "NUSTRAHLER": 1, "DEDOMINIAL": "Estadual", "DSVERSAO": "BHO bho_2017_v_01_05_50k de 2018-06-22" }, "geometry": { "type": "MultiLineString", "coordinates": [ [ [ -62.400799600000028, -9.583546699689823 ], [ -62.396290500000028, -9.561344299690484 ], [ -62.388405499999976, -9.557932099690634 ], [ -62.377102499999978, -9.557047099690637 ], [ -62.370453, -9.547394899690916 ], [ -62.3695986, -9.538760299691205 ], [ -62.376598600000023, -9.515751799691916 ], [ -62.376614099999983, -9.508560699692135 ], [ -62.373154100000015, -9.498339499692467 ], [ -62.358387199999967, -9.490971099692738 ], [ -62.353183800000011, -9.482616599692937 ], [ -62.349132600000019, -9.479876099693064 ], [ -62.3433382, -9.479144399693073 ], [ -62.3276824, -9.481273399693023 ], [ -62.3258052, -9.478393299693094 ], [ -62.323074, -9.466445499693487 ], [ -62.320186200000023, -9.462269399693625 ], [ -62.307441, -9.458356599693731 ], [ -62.297317, -9.450421599694 ], [ -62.281710700000019, -9.44761209969408 ], [ -62.272078399999984, -9.443285499694195 ], [ -62.266612300000027, -9.442874399694194 ], [ -62.2618739, -9.447123299694052 ] ] ] } },
{ "type": "Feature", "properties": { "NUCOMPTREC": 4.84, "NUDISTBACT": 2392.674, "NUDISTCDAG": 113.694, "NUAREACONT": 8.85, "NUAREAMONT": 2296.989, "NUDISTBACC": 2278.98, "NUAREABACC": 5511.716, "NUCOMPCDA": 202.14, "Shape__Len": 0, "OBJECTID": 99645, "ID": 88770, "COTRECHO": 88770, "COCURSODAG": "46342", "COBACIA": "46342555", "NOGENERICO": "Rio", "NOLIGACAO": null, "NOESPECIF": "Machadinho", "NORIOCOMP": "Rio Machadinho", "NOORIGINAL": "Rio Machadinho", "COCDADESAG": "4634", "NUTRJUS": 72168, "NUORDEMCDA": 4, "NUNIVOTTO": 8, "NUNIVOTCDA": 5, "NUSTRAHLER": 3, "DEDOMINIAL": "Estadual", "DSVERSAO": "BHO bho_2017_v_01_05_50k de 2018-06-22" }, "geometry": { "type": "MultiLineString", "coordinates": [ [ [ -62.203288, -9.726089399685371 ], [ -62.1937401, -9.710239299685892 ], [ -62.1892578, -9.705622599686045 ], [ -62.183314399999979, -9.703884799686092 ], [ -62.1740828, -9.706636999685994 ], [ -62.1737392, -9.706739299685966 ], [ -62.1717011, -9.705598499686033 ], [ -62.1714315, -9.705447699686005 ] ] ] } },
{ "type": "Feature", "properties": { "NUCOMPTREC": 6.12, "NUDISTBACT": 2397.515, "NUDISTCDAG": 118.534, "NUAREACONT": 14.225, "NUAREAMONT": 2144.375, "NUDISTBACC": 2278.98, "NUAREABACC": 5511.716, "NUCOMPCDA": 202.14, "Shape__Len": 0, "OBJECTID": 99647, "ID": 88767, "COTRECHO": 88767, "COCURSODAG": "46342", "COBACIA": "46342571", "NOGENERICO": "Rio", "NOLIGACAO": null, "NOESPECIF": "Machadinho", "NORIOCOMP": "Rio Machadinho", "NOORIGINAL": "Rio Machadinho", "COCDADESAG": "4634", "NUTRJUS": 88770, "NUORDEMCDA": 4, "NUNIVOTTO": 8, "NUNIVOTCDA": 5, "NUSTRAHLER": 3, "DEDOMINIAL": "Estadual", "DSVERSAO": "BHO bho_2017_v_01_05_50k de 2018-06-22" }, "geometry": { "type": "MultiLineString", "coordinates": [ [ [ -62.2455212, -9.750553899684631 ], [ -62.227878299999986, -9.745854999684775 ], [ -62.222674900000015, -9.737929999685029 ], [ -62.218036, -9.737919399685028 ], [ -62.2125198, -9.740353299684928 ], [ -62.20426209999998, -9.727594599685311 ], [ -62.203288, -9.726089399685371 ] ] ] } },
{ "type": "Feature", "properties": { "NUCOMPTREC": 33.758, "NUDISTBACT": 2374.055, "NUDISTCDAG": 0.0, "NUAREACONT": 212.683, "NUAREAMONT": 212.683, "NUDISTBACC": 2374.055, "NUAREABACC": 212.683, "NUCOMPCDA": 33.758, "Shape__Len": 0, "OBJECTID": 99648, "ID": 88719, "COTRECHO": 88719, "COCURSODAG": "4634252", "COBACIA": "4634252", "NOGENERICO": "Igarapé", "NOLIGACAO": null, "NOESPECIF": "Abacaxi", "NORIOCOMP": "Igarapé Abacaxi", "NOORIGINAL": "Igarapé Abacaxi", "COCDADESAG": "46342", "NUTRJUS": 88742, "NUORDEMCDA": 5, "NUNIVOTTO": 7, "NUNIVOTCDA": 7, "NUSTRAHLER": 1, "DEDOMINIAL": "Estadual", "DSVERSAO": "BHO bho_2017_v_01_05_50k de 2018-06-22" }, "geometry": { "type": "MultiLineString", "coordinates": [ [ [ -62.337425600000024, -9.587917399689671 ], [ -62.3117754, -9.599058699689333 ], [ -62.307918700000016, -9.599145399689341 ], [ -62.2992552, -9.597116999689424 ], [ -62.2833251, -9.590034299689627 ], [ -62.27088880000003, -9.578210399689986 ], [ -62.2650982, -9.574598699690124 ], [ -62.253508599999975, -9.571983699690163 ], [ -62.242194, -9.57469149969006 ], [ -62.236090699999977, -9.581725499689892 ], [ -62.233481200000028, -9.582011499689896 ], [ -62.229136700000026, -9.579984399689941 ], [ -62.2256572, -9.581128799689882 ], [ -62.211569899999972, -9.592891699689529 ], [ -62.2069082, -9.601943999689253 ], [ -62.203276500000015, -9.605102399689166 ], [ -62.199945899999975, -9.603795199689159 ], [ -62.193304699999985, -9.591838399689541 ], [ -62.182310700000023, -9.58346899968981 ], [ -62.174623899999979, -9.584747299689784 ], [ -62.16651, -9.583721299689797 ], [ -62.1479398, -9.591154199689583 ], [ -62.1328719, -9.587516899689724 ], [ -62.1140156, -9.593220899689531 ], [ -62.0925765, -9.587408099689702 ], [ -62.087938099999981, -9.587828699689682 ], [ -62.086057822671634, -9.58857399432139 ] ] ] } },
{ "type": "Feature", "properties": { "NUCOMPTREC": 23.366, "NUDISTBACT": 2375.653, "NUDISTCDAG": 0.0, "NUAREACONT": 130.468, "NUAREAMONT": 130.468, "NUDISTBACC": 2375.653, "NUAREABACC": 130.468, "NUCOMPCDA": 23.366, "Shape__Len": 0, "OBJECTID": 99649, "ID": 88769, "COTRECHO": 88769, "COCURSODAG": "4634254", "COBACIA": "4634254", "NOGENERICO": "Igarapé", "NOLIGACAO": "da", "NOESPECIF": "Prata", "NORIOCOMP": "Igarapé da Prata", "NOORIGINAL": "Igarapé da Prata", "COCDADESAG": "46342", "NUTRJUS": 88720, "NUORDEMCDA": 5, "NUNIVOTTO": 7, "NUNIVOTCDA": 7, "NUSTRAHLER": 1, "DEDOMINIAL": "Estadual", "DSVERSAO": "BHO bho_2017_v_01_05_50k de 2018-06-22" }, "geometry": { "type": "MultiLineString", "coordinates": [ [ [ -62.085649799999985, -9.795647999683263 ], [ -62.089338699999978, -9.787528399683467 ], [ -62.087622, -9.781300099683675 ], [ -62.0803775, -9.770601699683985 ], [ -62.081296800000025, -9.753339399684551 ], [ -62.079435199999985, -9.744124799684835 ], [ -62.085279599999964, -9.729176399685274 ], [ -62.086751799999988, -9.719975799685557 ], [ -62.0873851, -9.701271699686176 ], [ -62.084535599999988, -9.682846599686741 ], [ -62.0773332, -9.665564299687297 ], [ -62.063748599999983, -9.648835899687784 ], [ -62.059057922767138, -9.638408911866938 ] ], [ [ -62.065789832031591, -9.625984214524637 ], [ -62.069188600000011, -9.622809499688625 ], [ -62.071211239899633, -9.615977901930178 ] ] ] } },
{ "type": "Feature", "properties": { "NUCOMPTREC": 6.841, "NUDISTBACT": 2413.831, "NUDISTCDAG": 0.0, "NUAREACONT": 29.035, "NUAREAMONT": 268.403, "NUDISTBACC": 2413.831, "NUAREABACC": 268.403, "NUCOMPCDA": 26.579, "Shape__Len": 0, "OBJECTID": 99650, "ID": 72430, "COTRECHO": 72430, "COCURSODAG": "463426", "COBACIA": "4634261", "NOGENERICO": "Igarapé", "NOLIGACAO": null, "NOESPECIF": "Água Azul", "NORIOCOMP": "Igarapé Água Azul", "NOORIGINAL": "Igarapé Água Azul", "COCDADESAG": "46342", "NUTRJUS": 72386, "NUORDEMCDA": 5, "NUNIVOTTO": 7, "NUNIVOTCDA": 6, "NUSTRAHLER": 2, "DEDOMINIAL": "Estadual", "DSVERSAO": "BHO bho_2017_v_01_05_50k de 2018-06-22" }, "geometry": { "type": "MultiLineString", "coordinates": [ [ [ -62.375382399999978, -9.713385999685791 ], [ -62.372307400000018, -9.716737599685667 ], [ -62.369683, -9.724505599685415 ], [ -62.36663129999998, -9.728096099685333 ], [ -62.3624234, -9.728953899685308 ], [ -62.3519867, -9.725621699685377 ], [ -62.328018900000011, -9.738527399685005 ], [ -62.326222, -9.739494699684993 ] ] ] } },
{ "type": "Feature", "properties": { "NUCOMPTREC": 21.517, "NUDISTBACT": 2386.182, "NUDISTCDAG": 0.0, "NUAREACONT": 107.684, "NUAREAMONT": 107.684, "NUDISTBACC": 2386.182, "NUAREABACC": 107.684, "NUCOMPCDA": 21.517, "Shape__Len": 0, "OBJECTID": 99651, "ID": 88756, "COTRECHO": 88756, "COCURSODAG": "46342552", "COBACIA": "46342552", "NOGENERICO": "Igarapé", "NOLIGACAO": "do", "NOESPECIF": "Ananás", "NORIOCOMP": "Igarapé do Ananás", "NOORIGINAL": "Igarapé do Ananás", "COCDADESAG": "46342", "NUTRJUS": 88755, "NUORDEMCDA": 5, "NUNIVOTTO": 8, "NUNIVOTCDA": 8, "NUSTRAHLER": 1, "DEDOMINIAL": "Estadual", "DSVERSAO": "BHO bho_2017_v_01_05_50k de 2018-06-22" }, "geometry": { "type": "MultiLineString", "coordinates": [ [ [ -62.276397499999959, -9.684807199686693 ], [ -62.269878, -9.692161699686425 ], [ -62.26601740000001, -9.692533999686452 ], [ -62.2612952, -9.691090099686464 ], [ -62.2418971, -9.67877999968688 ], [ -62.23070869999998, -9.679614499686847 ], [ -62.22666479999998, -9.671979999687084 ], [ -62.224089699999979, -9.657873199687497 ], [ -62.220339599999988, -9.648657099687773 ], [ -62.216582300000027, -9.644044299687963 ], [ -62.21165730000002, -9.641875399688011 ], [ -62.20354, -9.641425399688028 ], [ -62.196009399999987, -9.637234899688154 ], [ -62.191370899999967, -9.637081599688157 ], [ -62.1857059, -9.641380499688049 ], [ -62.179490100000017, -9.649539999687761 ], [ -62.179041400000017, -9.650128899687777 ], [ -62.1781504, -9.650386999687772 ], [ -62.173712500000022, -9.651672799687674 ], [ -62.156790199999989, -9.665628999687289 ], [ -62.142271100000023, -9.673933599687011 ], [ -62.1361794, -9.674208099686979 ], [ -62.131966499999983, -9.672703299687074 ], [ -62.128782600000022, -9.671565899687097 ] ] ] } },
{ "type": "Feature", "properties": { "NUCOMPTREC": 24.989, "NUDISTBACT": 2397.515, "NUDISTCDAG": 0.0, "NUAREACONT": 143.764, "NUAREAMONT": 143.764, "NUDISTBACC": 2397.515, "NUAREABACC": 143.764, "NUCOMPCDA": 24.989, "Shape__Len": 0, "OBJECTID": 99653, "ID": 88773, "COTRECHO": 88773, "COCURSODAG": "4634256", "COBACIA": "4634256", "NOGENERICO": "Igarapé", "NOLIGACAO": null, "NOESPECIF": "Itamarati", "NORIOCOMP": "Igarapé Itamarati", "NOORIGINAL": "Igarapé Itamarati", "COCDADESAG": "46342", "NUTRJUS": 88770, "NUORDEMCDA": 5, "NUNIVOTTO": 7, "NUNIVOTCDA": 7, "NUSTRAHLER": 1, "DEDOMINIAL": "Estadual", "DSVERSAO": "BHO bho_2017_v_01_05_50k de 2018-06-22" }, "geometry": { "type": "MultiLineString", "coordinates": [ [ [ -62.254322399999978, -9.913372799679557 ], [ -62.2467917, -9.907889399679725 ], [ -62.244193900000027, -9.90126779967998 ], [ -62.2344549, -9.890407699680319 ], [ -62.2281225, -9.875183699680731 ], [ -62.216415199999979, -9.868831499680949 ], [ -62.204990099999982, -9.854131399681444 ], [ -62.1987605, -9.850806899681524 ], [ -62.197173799999973, -9.847495799681598 ], [ -62.197207699999971, -9.833107299682055 ], [ -62.1899904, -9.819855099682462 ], [ -62.188700900000015, -9.812944999682699 ], [ -62.191470299999978, -9.807773899682816 ], [ -62.202506500000027, -9.802331599683015 ], [ -62.2086138, -9.795728199683207 ], [ -62.208484300000016, -9.789111399683463 ], [ -62.203734800000014, -9.774713599683862 ], [ -62.2032042, -9.753998999684537 ], [ -62.20133909999997, -9.745938999684784 ], [ -62.200781899999974, -9.736729499685081 ], [ -62.202810600000028, -9.728116299685345 ], [ -62.203288, -9.726089399685371 ] ] ] } },
{ "type": "Feature", "properties": { "NUCOMPTREC": 18.76, "NUDISTBACT": 2403.635, "NUDISTCDAG": 0.0, "NUAREACONT": 104.34, "NUAREAMONT": 104.34, "NUDISTBACC": 2403.635, "NUAREABACC": 104.34, "NUCOMPCDA": 18.76, "Shape__Len": 0, "OBJECTID": 99654, "ID": 88768, "COTRECHO": 88768, "COCURSODAG": "46342572", "COBACIA": "46342572", "NOGENERICO": "Igarapé", "NOLIGACAO": null, "NOESPECIF": "Uruá", "NORIOCOMP": "Igarapé Uruá", "NOORIGINAL": "Igarapé Uruá", "COCDADESAG": "46342", "NUTRJUS": 88767, "NUORDEMCDA": 5, "NUNIVOTTO": 8, "NUNIVOTCDA": 8, "NUSTRAHLER": 1, "DEDOMINIAL": "Estadual", "DSVERSAO": "BHO bho_2017_v_01_05_50k de 2018-06-22" }, "geometry": { "type": "MultiLineString", "coordinates": [ [ [ -62.276680300000017, -9.893130399680222 ], [ -62.272263, -9.881065899680578 ], [ -62.273113500000029, -9.869014599680966 ], [ -62.2871975, -9.844189899681718 ], [ -62.289840799999979, -9.829807599682148 ], [ -62.284210700000024, -9.815981999682615 ], [ -62.270425100000018, -9.800412999683061 ], [ -62.270225499999981, -9.800187499683084 ], [ -62.270082399999964, -9.799904699683111 ], [ -62.268154400000014, -9.796095199683235 ], [ -62.267448300000012, -9.787456299683456 ], [ -62.272541100000012, -9.77955619968373 ], [ -62.269359300000026, -9.775808999683827 ], [ -62.258640300000032, -9.769743999684035 ], [ -62.2577781, -9.764706699684162 ], [ -62.255176399999982, -9.761677799684252 ], [ -62.2486569, -9.758066199684359 ], [ -62.245887599999989, -9.751431499684626 ], [ -62.2455212, -9.750553899684631 ] ] ] } },
{ "type": "Feature", "properties": { "NUCOMPTREC": 5.78, "NUDISTBACT": 2403.635, "NUDISTCDAG": 124.654, "NUAREACONT": 22.435, "NUAREAMONT": 2025.811, "NUDISTBACC": 2278.98, "NUAREABACC": 5511.716, "NUCOMPCDA": 202.14, "Shape__Len": 0, "OBJECTID": 99655, "ID": 86555, "COTRECHO": 86555, "COCURSODAG": "46342", "COBACIA": "46342573", "NOGENERICO": "Rio", "NOLIGACAO": null, "NOESPECIF": "Machadinho", "NORIOCOMP": "Rio Machadinho", "NOORIGINAL": "Rio Machadinho", "COCDADESAG": "4634", "NUTRJUS": 88767, "NUORDEMCDA": 4, "NUNIVOTTO": 8, "NUNIVOTCDA": 5, "NUSTRAHLER": 3, "DEDOMINIAL": "Estadual", "DSVERSAO": "BHO bho_2017_v_01_05_50k de 2018-06-22" }, "geometry": { "type": "MultiLineString", "coordinates": [ [ [ -62.2919389, -9.735883099685111 ], [ -62.291901399999958, -9.735890899685103 ], [ -62.2815516, -9.738063699685021 ], [ -62.276614900000034, -9.741076999684941 ], [ -62.2673337, -9.741054299684894 ], [ -62.263404799999975, -9.746510999684741 ], [ -62.2577475, -9.747217099684736 ], [ -62.252517399999981, -9.751808899684603 ], [ -62.249904599999986, -9.752379999684589 ], [ -62.2475437, -9.751396499684592 ], [ -62.246378600000014, -9.750910999684583 ], [ -62.2455212, -9.750553899684631 ] ] ] } },
{ "type": "Feature", "properties": { "NUCOMPTREC": 19.874, "NUDISTBACT": 2409.415, "NUDISTCDAG": 0.0, "NUAREACONT": 123.071, "NUAREAMONT": 123.071, "NUDISTBACC": 2409.415, "NUAREABACC": 123.071, "NUCOMPCDA": 19.874, "Shape__Len": 0, "OBJECTID": 99657, "ID": 88743, "COTRECHO": 88743, "COCURSODAG": "4634258", "COBACIA": "4634258", "NOGENERICO": "Igarapé", "NOLIGACAO": null, "NOESPECIF": "Jatuarana", "NORIOCOMP": "Igarapé Jatuarana", "NOORIGINAL": "Igarapé Jatuarana", "COCDADESAG": "46342", "NUTRJUS": 86555, "NUORDEMCDA": 5, "NUNIVOTTO": 7, "NUNIVOTCDA": 7, "NUSTRAHLER": 1, "DEDOMINIAL": "Estadual", "DSVERSAO": "BHO bho_2017_v_01_05_50k de 2018-06-22" }, "geometry": { "type": "MultiLineString", "coordinates": [ [ [ -62.359075, -9.889566199680306 ], [ -62.3530627, -9.878745599680641 ], [ -62.353772100000015, -9.862672099681156 ], [ -62.350861399999985, -9.856834799681323 ], [ -62.346955299999976, -9.851790999681469 ], [ -62.335076300000033, -9.843421999681709 ], [ -62.322897800000014, -9.821001599682431 ], [ -62.3217778, -9.818939099682524 ], [ -62.3180322, -9.806699599682881 ], [ -62.314881, -9.787558399683499 ], [ -62.314075800000019, -9.754897599684481 ], [ -62.304234099999974, -9.744663099684836 ], [ -62.29349889999996, -9.739320299684955 ], [ -62.2924413, -9.736990199685016 ], [ -62.2919683, -9.735947899685057 ], [ -62.2919389, -9.735883099685111 ] ] ] } },
{ "type": "Feature", "properties": { "NUCOMPTREC": 19.913, "NUDISTBACT": 2410.392, "NUDISTCDAG": 0.0, "NUAREACONT": 118.153, "NUAREAMONT": 118.153, "NUDISTBACC": 2410.392, "NUAREABACC": 118.153, "NUCOMPCDA": 19.913, "Shape__Len": 0, "OBJECTID": 99658, "ID": 88744, "COTRECHO": 88744, "COCURSODAG": "46342592", "COBACIA": "46342592", "NOGENERICO": "Igarapé", "NOLIGACAO": "do", "NOESPECIF": "Ari ou da Onça", "NORIOCOMP": "Igarapé do Ari ou da Onça", "NOORIGINAL": "Igarapé do Ari ou da Onça", "COCDADESAG": "46342", "NUTRJUS": 72173, "NUORDEMCDA": 5, "NUNIVOTTO": 8, "NUNIVOTCDA": 8, "NUSTRAHLER": 1, "DEDOMINIAL": "Estadual", "DSVERSAO": "BHO bho_2017_v_01_05_50k de 2018-06-22" }, "geometry": { "type": "MultiLineString", "coordinates": [ [ [ -62.374863199999986, -9.591427399689566 ], [ -62.368050400000016, -9.592422999689544 ], [ -62.364418600000029, -9.595006299689496 ], [ -62.356560300000019, -9.610818199688955 ], [ -62.346401300000025, -9.61698319968877 ], [ -62.332443500000011, -9.63652399968818 ], [ -62.325619, -9.641117899688012 ], [ -62.313865500000013, -9.64627459968789 ], [ -62.301811, -9.655169699687576 ], [ -62.296856, -9.668247099687164 ], [ -62.2982904, -9.67587869968694 ], [ -62.2974054, -9.682779299686732 ], [ -62.3031772, -9.696606099686306 ], [ -62.304604, -9.706968399685987 ], [ -62.299376600000016, -9.728831799685326 ], [ -62.298973400000023, -9.730517999685272 ] ] ] } },
{ "type": "Feature", "properties": { "NUCOMPTREC": 17.835, "NUDISTBACT": 2420.672, "NUDISTCDAG": 0.0, "NUAREACONT": 114.578, "NUAREAMONT": 114.578, "NUDISTBACC": 2420.672, "NUAREABACC": 114.578, "NUCOMPCDA": 17.835, "Shape__Len": 0, "OBJECTID": 99659, "ID": 88653, "COTRECHO": 88653, "COCURSODAG": "4634262", "COBACIA": "4634262", "NOGENERICO": "Igarapé", "NOLIGACAO": null, "NOESPECIF": "Santa Clara", "NORIOCOMP": "Igarapé Santa Clara", "NOORIGINAL": "Igarapé Santa Clara", "COCDADESAG": "463426", "NUTRJUS": 72430, "NUORDEMCDA": 6, "NUNIVOTTO": 7, "NUNIVOTCDA": 7, "NUSTRAHLER": 1, "DEDOMINIAL": "Estadual", "DSVERSAO": "BHO bho_2017_v_01_05_50k de 2018-06-22" }, "geometry": { "type": "MultiLineString", "coordinates": [ [ [ -62.501081199999987, -9.625477799688518 ], [ -62.49033559999998, -9.635505099688187 ], [ -62.4771172, -9.651166399687737 ], [ -62.4675232, -9.665539299687252 ], [ -62.4640293, -9.673449899687007 ], [ -62.460256500000014, -9.676748899686922 ], [ -62.448213099999975, -9.67989779968682 ], [ -62.437764599999987, -9.684914499686663 ], [ -62.420335099999974, -9.701719199686156 ], [ -62.415978900000027, -9.704302499686051 ], [ -62.400311499999987, -9.709163699685892 ], [ -62.384358599999977, -9.710000899685905 ], [ -62.376054699999983, -9.713132499685761 ], [ -62.375382399999978, -9.713385999685791 ] ] ] } },
{ "type": "Feature", "properties": { "NUCOMPTREC": 9.739, "NUDISTBACT": 2427.565, "NUDISTCDAG": 0.358, "NUAREACONT": 21.098, "NUAREAMONT": 232.734, "NUDISTBACC": 2427.207, "NUAREABACC": 340.155, "NUCOMPCDA": 31.016, "Shape__Len": 0, "OBJECTID": 99660, "ID": 88787, "COTRECHO": 88787, "COCURSODAG": "463428", "COBACIA": "4634283", "NOGENERICO": "Igarapé", "NOLIGACAO": null, "NOESPECIF": "Quinze", "NORIOCOMP": "Igarapé Quinze", "NOORIGINAL": "Igarapé Quinze", "COCDADESAG": "46342", "NUTRJUS": 88779, "NUORDEMCDA": 5, "NUNIVOTTO": 7, "NUNIVOTCDA": 6, "NUSTRAHLER": 2, "DEDOMINIAL": "Estadual", "DSVERSAO": "BHO bho_2017_v_01_05_50k de 2018-06-22" }, "geometry": { "type": "MultiLineString", "coordinates": [ [ [ -62.5126179, -9.795489499683208 ], [ -62.512612799999985, -9.795489999683202 ], [ -62.5060451, -9.796093399683228 ], [ -62.497187199999985, -9.800540199683068 ], [ -62.4857316, -9.798796299683115 ], [ -62.477605900000022, -9.800509099683081 ], [ -62.468618600000013, -9.796756399683186 ], [ -62.453535100000018, -9.796155299683214 ], [ -62.4425144, -9.793261899683303 ], [ -62.4367122, -9.793684699683263 ], [ -62.428136600000016, -9.799158699683137 ] ] ] } },
{ "type": "Feature", "properties": { "NUCOMPTREC": 19.737, "NUDISTBACT": 2420.672, "NUDISTCDAG": 6.841, "NUAREACONT": 124.791, "NUAREAMONT": 124.791, "NUDISTBACC": 2413.831, "NUAREABACC": 268.403, "NUCOMPCDA": 26.579, "Shape__Len": 0, "OBJECTID": 99661, "ID": 88721, "COTRECHO": 88721, "COCURSODAG": "463426", "COBACIA": "4634263", "NOGENERICO": "Igarapé", "NOLIGACAO": null, "NOESPECIF": "Pajurá", "NORIOCOMP": "Igarapé Pajurá", "NOORIGINAL": "Igarapé Pajurá", "COCDADESAG": "46342", "NUTRJUS": 72430, "NUORDEMCDA": 5, "NUNIVOTTO": 7, "NUNIVOTCDA": 6, "NUSTRAHLER": 1, "DEDOMINIAL": "Estadual", "DSVERSAO": "BHO bho_2017_v_01_05_50k de 2018-06-22" }, "geometry": { "type": "MultiLineString", "coordinates": [ [ [ -62.445195500000018, -9.567736399690313 ], [ -62.435982599999988, -9.568868699690269 ], [ -62.424759699999981, -9.575978299690039 ], [ -62.412560199999966, -9.588332199689699 ], [ -62.408055199999978, -9.595228399689463 ], [ -62.406888, -9.599688999689327 ], [ -62.3991896, -9.6073012996891 ], [ -62.391774, -9.6187969996887 ], [ -62.386239, -9.632598199688315 ], [ -62.3815656, -9.650143299687771 ], [ -62.3797996, -9.665101799687289 ], [ -62.3838435, -9.674317399687013 ], [ -62.384125799999985, -9.678920799686864 ], [ -62.373787900000032, -9.700198099686222 ], [ -62.372761799999985, -9.707103699685986 ], [ -62.374994300000019, -9.712455599685816 ], [ -62.375382399999978, -9.713385999685791 ] ] ] } },
{ "type": "Feature", "properties": { "NUCOMPTREC": 13.376, "NUDISTBACT": 2413.831, "NUDISTCDAG": 134.85, "NUAREACONT": 111.831, "NUAREAMONT": 1486.728, "NUDISTBACC": 2278.98, "NUAREABACC": 5511.716, "NUCOMPCDA": 202.14, "Shape__Len": 0, "OBJECTID": 99663, "ID": 88722, "COTRECHO": 88722, "COCURSODAG": "46342", "COBACIA": "463427", "NOGENERICO": "Rio", "NOLIGACAO": null, "NOESPECIF": "Machadinho", "NORIOCOMP": "Rio Machadinho", "NOORIGINAL": "Rio Machadinho", "COCDADESAG": "4634", "NUTRJUS": 72386, "NUORDEMCDA": 4, "NUNIVOTTO": 6, "NUNIVOTCDA": 5, "NUSTRAHLER": 3, "DEDOMINIAL": "Estadual", "DSVERSAO": "BHO bho_2017_v_01_05_50k de 2018-06-22" }, "geometry": { "type": "MultiLineString", "coordinates": [ [ [ -62.425962099999985, -9.801548699683062 ], [ -62.42574250000002, -9.801421399683028 ], [ -62.424971799999966, -9.800974799683058 ], [ -62.4064613, -9.790244799683373 ], [ -62.402414, -9.7837636996836 ], [ -62.390534399999979, -9.776261999683809 ], [ -62.384751600000023, -9.766180799684118 ], [ -62.377217700000024, -9.763000799684239 ], [ -62.36838640000002, -9.754927399684478 ], [ -62.350266200000021, -9.751152399684635 ], [ -62.3305249, -9.741515799684908 ], [ -62.330355199999978, -9.741432999684884 ], [ -62.328892100000012, -9.740718499684951 ], [ -62.326222, -9.739494699684993 ] ] ] } },
{ "type": "Feature", "properties": { "NUCOMPTREC": 23.495, "NUDISTBACT": 2427.565, "NUDISTCDAG": 0.0, "NUAREACONT": 107.295, "NUAREAMONT": 107.295, "NUDISTBACC": 2427.565, "NUAREABACC": 107.295, "NUCOMPCDA": 23.495, "Shape__Len": 0, "OBJECTID": 99665, "ID": 88786, "COTRECHO": 88786, "COCURSODAG": "4634282", "COBACIA": "4634282", "NOGENERICO": "Igarapé", "NOLIGACAO": "do", "NOESPECIF": "Moisés", "NORIOCOMP": "Igarapé do Moisés", "NOORIGINAL": "Igarapé do Moisés", "COCDADESAG": "463428", "NUTRJUS": 88779, "NUORDEMCDA": 6, "NUNIVOTTO": 7, "NUNIVOTCDA": 7, "NUSTRAHLER": 1, "DEDOMINIAL": "Estadual", "DSVERSAO": "BHO bho_2017_v_01_05_50k de 2018-06-22" }, "geometry": { "type": "MultiLineString", "coordinates": [ [ [ -62.558859700000028, -9.669262899687126 ], [ -62.5438868, -9.703488299686096 ], [ -62.5403736, -9.727512799685336 ], [ -62.5165584, -9.746757499684746 ], [ -62.508417699999988, -9.759838099684362 ], [ -62.500872199999989, -9.761410999684294 ], [ -62.494913300000015, -9.77017999968399 ], [ -62.486937, -9.770022799684018 ], [ -62.477644199999986, -9.775475599683844 ], [ -62.471841900000015, -9.776620099683816 ], [ -62.468363, -9.77575059968383 ], [ -62.462278500000025, -9.770273399684026 ], [ -62.457635700000033, -9.772278999683975 ], [ -62.4528406, -9.777885199683789 ], [ -62.4410878, -9.779012999683768 ], [ -62.429753800000022, -9.790219199683415 ], [ -62.4277171, -9.794963699683233 ], [ -62.427995899999978, -9.797752199683158 ], [ -62.428136600000016, -9.799158699683137 ] ] ] } },
{ "type": "Feature", "properties": { "NUCOMPTREC": 20.918, "NUDISTBACT": 2437.304, "NUDISTCDAG": 10.097, "NUAREACONT": 137.835, "NUAREAMONT": 137.835, "NUDISTBACC": 2427.207, "NUAREABACC": 340.155, "NUCOMPCDA": 31.016, "Shape__Len": 0, "OBJECTID": 99667, "ID": 88794, "COTRECHO": 88794, "COCURSODAG": "463428", "COBACIA": "4634285", "NOGENERICO": "Igarapé", "NOLIGACAO": null, "NOESPECIF": "Quinze", "NORIOCOMP": "Igarapé Quinze", "NOORIGINAL": "Igarapé Quinze", "COCDADESAG": "46342", "NUTRJUS": 88787, "NUORDEMCDA": 5, "NUNIVOTTO": 7, "NUNIVOTCDA": 6, "NUSTRAHLER": 1, "DEDOMINIAL": "Estadual", "DSVERSAO": "BHO bho_2017_v_01_05_50k de 2018-06-22" }, "geometry": { "type": "MultiLineString", "coordinates": [ [ [ -62.675354700000021, -9.86733289968101 ], [ -62.6583023, -9.84347279968171 ], [ -62.643806499999975, -9.833527799682052 ], [ -62.641483199999982, -9.833239999682057 ], [ -62.635822, -9.836114499681974 ], [ -62.629589199999984, -9.834666699682032 ], [ -62.6214635, -9.834945099682024 ], [ -62.6075434, -9.827446199682235 ], [ -62.590141, -9.823397299682373 ], [ -62.577823099999989, -9.813168899682674 ], [ -62.567523, -9.815455599682611 ], [ -62.53476210000003, -9.798867299683119 ], [ -62.5196747, -9.798268399683133 ], [ -62.513748399999983, -9.795934799683209 ], [ -62.5126179, -9.795489499683208 ] ] ] } },
{ "type": "Feature", "properties": { "NUCOMPTREC": 7.103, "NUDISTBACT": 2427.207, "NUDISTCDAG": 148.227, "NUAREACONT": 97.675, "NUAREAMONT": 1034.741, "NUDISTBACC": 2278.98, "NUAREABACC": 5511.716, "NUCOMPCDA": 202.14, "Shape__Len": 0, "OBJECTID": 99668, "ID": 88795, "COTRECHO": 88795, "COCURSODAG": "46342", "COBACIA": "4634291", "NOGENERICO": "Rio", "NOLIGACAO": null, "NOESPECIF": "Machadinho", "NORIOCOMP": "Rio Machadinho", "NOORIGINAL": "Rio Machadinho", "COCDADESAG": "4634", "NUTRJUS": 88722, "NUORDEMCDA": 4, "NUNIVOTTO": 7, "NUNIVOTCDA": 5, "NUSTRAHLER": 3, "DEDOMINIAL": "Estadual", "DSVERSAO": "BHO bho_2017_v_01_05_50k de 2018-06-22" }, "geometry": { "type": "MultiLineString", "coordinates": [ [ [ -62.45764759999998, -9.853866699681442 ], [ -62.451360799999961, -9.827725999682219 ], [ -62.440221699999988, -9.811736499682723 ], [ -62.43231, -9.806084299682906 ], [ -62.432176500000025, -9.805988899682895 ], [ -62.426047200000021, -9.80160949968303 ], [ -62.425962099999985, -9.801548699683062 ] ] ] } },
{ "type": "Feature", "properties": { "NUCOMPTREC": 31.163, "NUDISTBACT": 2434.31, "NUDISTCDAG": 0.0, "NUAREACONT": 160.957, "NUAREAMONT": 160.957, "NUDISTBACC": 2434.31, "NUAREABACC": 160.957, "NUCOMPCDA": 31.163, "Shape__Len": 0, "OBJECTID": 99669, "ID": 88749, "COTRECHO": 88749, "COCURSODAG": "4634292", "COBACIA": "4634292", "NOGENERICO": "Igarapé", "NOLIGACAO": null, "NOESPECIF": "Repartimento", "NORIOCOMP": "Igarapé Repartimento", "NOORIGINAL": "Igarapé Repartimento", "COCDADESAG": "46342", "NUTRJUS": 88795, "NUORDEMCDA": 5, "NUNIVOTTO": 7, "NUNIVOTCDA": 7, "NUSTRAHLER": 1, "DEDOMINIAL": "Estadual", "DSVERSAO": "BHO bho_2017_v_01_05_50k de 2018-06-22" }, "geometry": { "type": "MultiLineString", "coordinates": [ [ [ -62.6748816, -9.948802899678453 ], [ -62.6669243, -9.943390099678629 ], [ -62.660973099999985, -9.926490599679196 ], [ -62.651688, -9.926048899679186 ], [ -62.649807399999972, -9.919284499679391 ], [ -62.647052900000013, -9.91726889967947 ], [ -62.642551799999978, -9.921002299679332 ], [ -62.635879499999987, -9.918117299679425 ], [ -62.6339989, -9.913802199679576 ], [ -62.634300600000017, -9.90200219967995 ], [ -62.631985, -9.897253799680058 ], [ -62.627781, -9.894230399680191 ], [ -62.602245200000027, -9.892472199680215 ], [ -62.582808899999975, -9.886982799680387 ], [ -62.576858300000012, -9.889132199680327 ], [ -62.569156, -9.89833169968006 ], [ -62.562190400000013, -9.899040099679999 ], [ -62.5569681, -9.897883399680067 ], [ -62.547396900000031, -9.892404599680244 ], [ -62.5382568, -9.891817899680216 ], [ -62.525935, -9.885900599680447 ], [ -62.5125837, -9.887461799680352 ], [ -62.50678540000002, -9.884001799680515 ], [ -62.502577499999965, -9.883420699680499 ], [ -62.493719699999986, -9.887435799680368 ], [ -62.489946799999977, -9.8874290996804 ], [ -62.471403300000013, -9.869995199680918 ], [ -62.4591236, -9.855597699681342 ], [ -62.45764759999998, -9.853866699681442 ] ] ] } },
{ "type": "Feature", "properties": { "NUCOMPTREC": 15.122, "NUDISTBACT": 2450.376, "NUDISTCDAG": 12.445, "NUAREACONT": 92.079, "NUAREAMONT": 92.079, "NUDISTBACC": 2437.931, "NUAREABACC": 184.258, "NUCOMPCDA": 27.567, "Shape__Len": 0, "OBJECTID": 99670, "ID": 88781, "COTRECHO": 88781, "COCURSODAG": "4634294", "COBACIA": "46342943", "NOGENERICO": "Igarapé", "NOLIGACAO": null, "NOESPECIF": "Braço Esquerdo do Jandaia", "NORIOCOMP": "Igarapé Braço Esquerdo do Jandaia", "NOORIGINAL": "Igarapé Braço Esquerdo do Jandaia", "COCDADESAG": "46342", "NUTRJUS": 88751, "NUORDEMCDA": 5, "NUNIVOTTO": 8, "NUNIVOTCDA": 7, "NUSTRAHLER": 1, "DEDOMINIAL": "Estadual", "DSVERSAO": "BHO bho_2017_v_01_05_50k de 2018-06-22" }, "geometry": { "type": "MultiLineString", "coordinates": [ [ [ -62.6439026, -9.99535779967705 ], [ -62.6390308, -9.990954999677163 ], [ -62.622307400000018, -9.985005499677351 ], [ -62.619697799999976, -9.982702799677437 ], [ -62.6140555, -9.968307699677895 ], [ -62.609703299999964, -9.96758379967789 ], [ -62.60041039999998, -9.969588799677821 ], [ -62.596191499999975, -9.962923299678033 ], [ -62.5925825, -9.961231499678075 ], [ -62.586486900000018, -9.961798799678075 ], [ -62.582283, -9.960356099678123 ], [ -62.5771557, -9.945372599678569 ], [ -62.575046199999974, -9.94293819967867 ], [ -62.5661961, -9.942065399678667 ], [ -62.563007200000015, -9.939324799678786 ], [ -62.558799299999968, -9.93817149967882 ], [ -62.5502315, -9.942042699678677 ], [ -62.543521399999975, -9.951123899678434 ] ] ] } },
{ "type": "Feature", "properties": { "NUCOMPTREC": 18.19, "NUDISTBACT": 2442.675, "NUDISTCDAG": 163.695, "NUAREACONT": 152.268, "NUAREAMONT": 398.195, "NUDISTBACC": 2278.98, "NUAREABACC": 5511.716, "NUCOMPCDA": 202.14, "Shape__Len": 0, "OBJECTID": 99672, "ID": 88775, "COTRECHO": 88775, "COCURSODAG": "46342", "COBACIA": "4634297", "NOGENERICO": "Rio", "NOLIGACAO": null, "NOESPECIF": "Machadinho", "NORIOCOMP": "Rio Machadinho", "NOORIGINAL": "Rio Machadinho", "COCDADESAG": "4634", "NUTRJUS": 80225, "NUORDEMCDA": 4, "NUNIVOTTO": 7, "NUNIVOTCDA": 5, "NUSTRAHLER": 2, "DEDOMINIAL": "Estadual", "DSVERSAO": "BHO bho_2017_v_01_05_50k de 2018-06-22" }, "geometry": { "type": "MultiLineString", "coordinates": [ [ [ -62.551143500000023, -10.051723399675303 ], [ -62.537505599999974, -10.047102299675432 ], [ -62.535186599999975, -10.044797899675492 ], [ -62.533454399999975, -10.038897799675652 ], [ -62.528816, -10.034285599675801 ], [ -62.525943199999972, -10.013568799676435 ], [ -62.510024, -9.981031399677493 ], [ -62.508441100000034, -9.971822499677739 ], [ -62.508746099999982, -9.962185799678043 ], [ -62.5070106, -9.95944849967815 ], [ -62.504256100000028, -9.956710699678208 ], [ -62.4955549, -9.95439569967832 ], [ -62.48250860000001, -9.945745099678581 ], [ -62.4783046, -9.9418528996787 ], [ -62.468171900000023, -9.926580199679149 ], [ -62.467356199999983, -9.925350499679174 ] ] ] } },
{ "type": "Feature", "properties": { "NUCOMPTREC": 20.255, "NUDISTBACT": 2460.865, "NUDISTCDAG": 181.885, "NUAREACONT": 179.999, "NUAREAMONT": 179.999, "NUDISTBACC": 2278.98, "NUAREABACC": 5511.716, "NUCOMPCDA": 202.14, "Shape__Len": 0, "OBJECTID": 99673, "ID": 88799, "COTRECHO": 88799, "COCURSODAG": "46342", "COBACIA": "4634299", "NOGENERICO": "Rio", "NOLIGACAO": null, "NOESPECIF": "Machadinho", "NORIOCOMP": "Rio Machadinho", "NOORIGINAL": "Rio Machadinho", "COCDADESAG": "4634", "NUTRJUS": 88775, "NUORDEMCDA": 4, "NUNIVOTTO": 7, "NUNIVOTCDA": 5, "NUSTRAHLER": 1, "DEDOMINIAL": "Estadual", "DSVERSAO": "BHO bho_2017_v_01_05_50k de 2018-06-22" }, "geometry": { "type": "MultiLineString", "coordinates": [ [ [ -62.6573954, -10.172294999671584 ], [ -62.651459799999984, -10.144013799672418 ], [ -62.6487092, -10.137106999672669 ], [ -62.6402979, -10.12716979967294 ], [ -62.634491799999978, -10.12299319967307 ], [ -62.625206600000013, -10.11909979967321 ], [ -62.5984919, -10.115185399673292 ], [ -62.585531300000021, -10.108054699673565 ], [ -62.584499499999978, -10.107486999673554 ], [ -62.57412, -10.101771499673729 ], [ -62.571220499999981, -10.097884799673835 ], [ -62.5738488, -10.086378599674209 ], [ -62.573566599999978, -10.080047999674386 ], [ -62.566975500000012, -10.063696599674934 ], [ -62.566673099999988, -10.062946299674966 ], [ -62.5665416, -10.062782899674946 ], [ -62.5598069, -10.054422299675201 ], [ -62.5517888, -10.051924499675255 ], [ -62.551143500000023, -10.051723399675303 ] ] ] } },
{ "type": "Feature", "properties": { "NUCOMPTREC": 15.816, "NUDISTBACT": 2486.862, "NUDISTCDAG": 0.0, "NUAREACONT": 52.951, "NUAREAMONT": 52.951, "NUDISTBACC": 2486.862, "NUAREABACC": 52.951, "NUCOMPCDA": 15.816, "Shape__Len": 0, "OBJECTID": 99687, "ID": 86441, "COTRECHO": 86441, "COCURSODAG": "46343852", "COBACIA": "46343852", "NOGENERICO": null, "NOLIGACAO": null, "NOESPECIF": null, "NORIOCOMP": null, "NOORIGINAL": null, "COCDADESAG": "463438", "NUTRJUS": 88850, "NUORDEMCDA": 5, "NUNIVOTTO": 8, "NUNIVOTCDA": 8, "NUSTRAHLER": 1, "DEDOMINIAL": "Estadual", "DSVERSAO": "BHO bho_2017_v_01_05_50k de 2018-06-22" }, "geometry": { "type": "MultiLineString", "coordinates": [ [ [ -62.1931341, -9.937950299678826 ], [ -62.19510630000002, -9.941493699678723 ], [ -62.199817499999973, -9.969630499677814 ], [ -62.1982537, -9.977849499677561 ], [ -62.1905175, -9.988422299677277 ], [ -62.18712979999998, -10.008843099676588 ], [ -62.1823081, -10.021922099676186 ], [ -62.174750800000012, -10.024927099676137 ], [ -62.160522300000025, -10.025611099676082 ], [ -62.153552900000022, -10.027318799676022 ], [ -62.146571699999974, -10.032769499675833 ], [ -62.136779, -10.043711799675513 ], [ -62.136306, -10.044240199675514 ] ] ] } },
{ "type": "Feature", "properties": { "NUCOMPTREC": 30.447, "NUDISTBACT": 2424.069, "NUDISTCDAG": 0.0, "NUAREACONT": 147.084, "NUAREAMONT": 147.084, "NUDISTBACC": 2424.069, "NUAREABACC": 147.084, "NUCOMPCDA": 30.447, "Shape__Len": 0, "OBJECTID": 99702, "ID": 88839, "COTRECHO": 88839, "COCURSODAG": "4634374", "COBACIA": "4634374", "NOGENERICO": null, "NOLIGACAO": null, "NOESPECIF": null, "NORIOCOMP": null, "NOORIGINAL": null, "COCDADESAG": "4634", "NUTRJUS": 88841, "NUORDEMCDA": 4, "NUNIVOTTO": 7, "NUNIVOTCDA": 7, "NUSTRAHLER": 1, "DEDOMINIAL": "Estadual", "DSVERSAO": "BHO bho_2017_v_01_05_50k de 2018-06-22" }, "geometry": { "type": "MultiLineString", "coordinates": [ [ [ -62.03717970000001, -9.748410599684696 ], [ -62.03663419999998, -9.736545999685049 ], [ -62.032407275033691, -9.730359184705881 ] ] ] } },
{ "type": "Feature", "properties": { "NUCOMPTREC": 15.979, "NUDISTBACT": 2527.539, "NUDISTCDAG": 0.0, "NUAREACONT": 64.352, "NUAREAMONT": 64.352, "NUDISTBACC": 2527.539, "NUAREABACC": 64.352, "NUCOMPCDA": 15.979, "Shape__Len": 0, "OBJECTID": 99704, "ID": 88892, "COTRECHO": 88892, "COCURSODAG": "4634432", "COBACIA": "4634432", "NOGENERICO": null, "NOLIGACAO": null, "NOESPECIF": null, "NORIOCOMP": null, "NOORIGINAL": null, "COCDADESAG": "46344", "NUTRJUS": 86667, "NUORDEMCDA": 5, "NUNIVOTTO": 7, "NUNIVOTCDA": 7, "NUSTRAHLER": 1, "DEDOMINIAL": "Estadual", "DSVERSAO": "BHO bho_2017_v_01_05_50k de 2018-06-22" }, "geometry": { "type": "MultiLineString", "coordinates": [ [ [ -62.2469765, -10.37299379966537 ], [ -62.2479187, -10.36295369966567 ], [ -62.246477, -10.359215299665802 ], [ -62.234979099999961, -10.345609699666205 ], [ -62.230065599999989, -10.333227999666601 ], [ -62.230664499999975, -10.326320799666817 ], [ -62.239712800000014, -10.309078999667326 ], [ -62.240010600000012, -10.305624999667449 ], [ -62.239003399999987, -10.301882699667571 ], [ -62.228852700000012, -10.293369399667835 ], [ -62.223782599999979, -10.286165999668011 ], [ -62.2253998, -10.27754099966829 ], [ -62.2323849, -10.272948199668424 ], [ -62.2284826, -10.264308599668709 ], [ -62.229315400000011, -10.249255299669196 ], [ -62.229365200000011, -10.248352999669208 ], [ -62.229367599999989, -10.248310799669211 ] ] ] } },
{ "type": "Feature", "properties": { "NUCOMPTREC": 21.086, "NUDISTBACT": 2452.618, "NUDISTCDAG": 0.0, "NUAREACONT": 115.538, "NUAREAMONT": 115.538, "NUDISTBACC": 2452.618, "NUAREABACC": 115.538, "NUCOMPCDA": 21.086, "Shape__Len": 0, "OBJECTID": 99705, "ID": 88865, "COTRECHO": 88865, "COCURSODAG": "4634382", "COBACIA": "4634382", "NOGENERICO": null, "NOLIGACAO": null, "NOESPECIF": null, "NORIOCOMP": null, "NOORIGINAL": null, "COCDADESAG": "463438", "NUTRJUS": 80079, "NUORDEMCDA": 5, "NUNIVOTTO": 7, "NUNIVOTCDA": 7, "NUSTRAHLER": 1, "DEDOMINIAL": "Estadual", "DSVERSAO": "BHO bho_2017_v_01_05_50k de 2018-06-22" }, "geometry": { "type": "MultiLineString", "coordinates": [ [ [ -62.1397961, -9.865654999681061 ], [ -62.128149800000017, -9.860677799681227 ], [ -62.123293699999984, -9.854257799681422 ], [ -62.123011500000018, -9.851098799681493 ], [ -62.110106299999984, -9.826790999682272 ], [ -62.104754, -9.82174249968244 ], [ -62.096636100000012, -9.819276499682493 ], [ -62.090833799999977, -9.818683699682518 ], [ -62.080381499999987, -9.822108199682409 ], [ -62.0738392, -9.826694399682268 ], [ -62.0624869, -9.840474999681854 ], [ -62.0542052, -9.844191699681723 ], [ -62.0475368, -9.84302069968177 ], [ -62.038270500000017, -9.836521199681954 ], [ -62.028978199999983, -9.838369499681903 ], [ -62.026915809234737, -9.83702136500307 ] ] ] } },
{ "type": "Feature", "properties": { "NUCOMPTREC": 26.64, "NUDISTBACT": 2468.303, "NUDISTCDAG": 0.0, "NUAREACONT": 121.936, "NUAREAMONT": 121.936, "NUDISTBACC": 2468.303, "NUAREABACC": 121.936, "NUCOMPCDA": 26.64, "Shape__Len": 0, "OBJECTID": 99707, "ID": 88849, "COTRECHO": 88849, "COCURSODAG": "4634384", "COBACIA": "4634384", "NOGENERICO": "Igarapé", "NOLIGACAO": null, "NOESPECIF": "Anarizinho", "NORIOCOMP": "Igarapé Anarizinho", "NOORIGINAL": "Igarapé Anarizinho", "COCDADESAG": "463438", "NUTRJUS": 7546, "NUORDEMCDA": 5, "NUNIVOTTO": 7, "NUNIVOTCDA": 7, "NUSTRAHLER": 1, "DEDOMINIAL": "Estadual", "DSVERSAO": "BHO bho_2017_v_01_05_50k de 2018-06-22" }, "geometry": { "type": "MultiLineString", "coordinates": [ [ [ -62.2352488, -9.911983399679611 ], [ -62.2136342, -9.909057899679704 ], [ -62.2031857, -9.909896799679698 ], [ -62.1857789, -9.908412899679693 ], [ -62.1648743, -9.911240799679607 ], [ -62.158065299999976, -9.90834859967973 ], [ -62.1428557, -9.897375199680068 ], [ -62.1368973, -9.900381399679993 ], [ -62.129626099999982, -9.907123599679744 ], [ -62.1248311, -9.908982499679675 ], [ -62.1201888, -9.909690399679674 ], [ -62.11381039999997, -9.906939799679744 ], [ -62.106402, -9.909652099679704 ], [ -62.099871399999984, -9.910065999679645 ], [ -62.092883, -9.918824899679411 ], [ -62.0847574, -9.918949399679372 ], [ -62.079081200000019, -9.92454619967924 ], [ -62.0718217, -9.925531199679229 ], [ -62.0683272, -9.930266199679053 ], [ -62.05889, -9.931394599679003 ], [ -62.050159095738771, -9.9415682446194 ] ] ] } },
{ "type": "Feature", "properties": { "NUCOMPTREC": 18.559, "NUDISTBACT": 2468.303, "NUDISTCDAG": 22.589, "NUAREACONT": 241.966, "NUAREAMONT": 945.547, "NUDISTBACC": 2445.713, "NUAREABACC": 1338.718, "NUCOMPCDA": 86.773, "Shape__Len": 0, "OBJECTID": 99708, "ID": 88850, "COTRECHO": 88850, "COCURSODAG": "463438", "COBACIA": "46343851", "NOGENERICO": "Rio", "NOLIGACAO": null, "NOESPECIF": "Anari", "NORIOCOMP": "Rio Anari", "NOORIGINAL": "Rio Anari", "COCDADESAG": "4634", "NUTRJUS": 7546, "NUORDEMCDA": 4, "NUNIVOTTO": 8, "NUNIVOTCDA": 6, "NUSTRAHLER": 2, "DEDOMINIAL": "Estadual", "DSVERSAO": "BHO bho_2017_v_01_05_50k de 2018-06-22" }, "geometry": { "type": "MultiLineString", "coordinates": [ [ [ -62.136306, -10.044240199675514 ], [ -62.135650100000028, -10.043769299675533 ], [ -62.135438500000021, -10.043617399675558 ], [ -62.127326499999981, -10.037793499675734 ], [ -62.121520299999979, -10.036341299675771 ], [ -62.1110718, -10.03688739967575 ], [ -62.105185, -10.03536389967579 ], [ -62.1045868, -10.035209099675768 ], [ -62.098318899999988, -10.02851009967601 ], [ -62.097660500000018, -10.026331599676062 ], [ -62.097395300000017, -10.025453999676118 ], [ -62.097113400000019, -10.024521299676124 ], [ -62.0950383, -10.017916699676331 ], [ -62.089068199999979, -10.012450599676521 ], [ -62.089671, -10.007050599676683 ], [ -62.0828654, -10.001419999676838 ], [ -62.0809964, -9.994509999677051 ], [ -62.078252099999986, -9.99089869967716 ], [ -62.076403, -9.988465499677261 ], [ -62.0763235, -9.98842859967727 ], [ -62.062569253587142, -9.982045524616277 ] ] ] } },
{ "type": "Feature", "properties": { "NUCOMPTREC": 26.367, "NUDISTBACT": 2496.574, "NUDISTCDAG": 0.0, "NUAREACONT": 125.877, "NUAREAMONT": 125.877, "NUDISTBACC": 2496.574, "NUAREABACC": 125.877, "NUCOMPCDA": 26.367, "Shape__Len": 0, "OBJECTID": 99709, "ID": 88856, "COTRECHO": 88856, "COCURSODAG": "4634386", "COBACIA": "4634386", "NOGENERICO": "Rio", "NOLIGACAO": null, "NOESPECIF": "Anari", "NORIOCOMP": "Rio Anari", "NOORIGINAL": "Rio Anari", "COCDADESAG": "463438", "NUTRJUS": 88867, "NUORDEMCDA": 5, "NUNIVOTTO": 7, "NUNIVOTCDA": 7, "NUSTRAHLER": 1, "DEDOMINIAL": "Estadual", "DSVERSAO": "BHO bho_2017_v_01_05_50k de 2018-06-22" }, "geometry": { "type": "MultiLineString", "coordinates": [ [ [ -62.3470896, -10.15263029967217 ], [ -62.335905, -10.154332599672086 ], [ -62.323407700000025, -10.158480999671987 ], [ -62.317602099999974, -10.158181599671964 ], [ -62.3059897, -10.153987599672124 ], [ -62.297581799999989, -10.148068799672282 ], [ -62.2816211, -10.142568199672501 ], [ -62.2777072, -10.139395399672589 ], [ -62.2765627, -10.132054799672792 ], [ -62.2819566, -10.120988599673119 ], [ -62.282113200000012, -10.116241899673264 ], [ -62.269803099999976, -10.102261799673739 ], [ -62.264305799999988, -10.092178399674058 ], [ -62.264611399999964, -10.086567299674227 ], [ -62.2672397, -10.080386099674396 ], [ -62.2752337, -10.068920899674787 ], [ -62.2759064, -10.067955999674762 ], [ -62.272427400000026, -10.059288699675076 ], [ -62.2463232, -10.048154799675409 ], [ -62.239368699999986, -10.043390399675555 ], [ -62.228813600000024, -10.02524189967613 ], [ -62.2240296, -10.023649199676189 ], [ -62.214664500000019, -10.024540899676103 ] ] ] } },
{ "type": "Feature", "properties": { "NUCOMPTREC": 2.525, "NUDISTBACT": 2496.574, "NUDISTCDAG": 50.861, "NUAREACONT": 11.312, "NUAREAMONT": 419.901, "NUDISTBACC": 2445.713, "NUAREABACC": 1338.718, "NUCOMPCDA": 86.773, "Shape__Len": 0, "OBJECTID": 99710, "ID": 88855, "COTRECHO": 88855, "COCURSODAG": "463438", "COBACIA": "4634387", "NOGENERICO": null, "NOLIGACAO": null, "NOESPECIF": null, "NORIOCOMP": null, "NOORIGINAL": null, "COCDADESAG": "4634", "NUTRJUS": 88867, "NUORDEMCDA": 4, "NUNIVOTTO": 7, "NUNIVOTCDA": 6, "NUSTRAHLER": 2, "DEDOMINIAL": "Estadual", "DSVERSAO": "BHO bho_2017_v_01_05_50k de 2018-06-22" }, "geometry": { "type": "MultiLineString", "coordinates": [ [ [ -62.231938, -10.009589099676621 ], [ -62.2314985, -10.009969599676552 ], [ -62.2155831, -10.02374589967614 ], [ -62.214664500000019, -10.024540899676103 ] ] ] } },
{ "type": "Feature", "properties": { "NUCOMPTREC": 20.949, "NUDISTBACT": 2502.55, "NUDISTCDAG": 3.451, "NUAREACONT": 76.138, "NUAREAMONT": 76.138, "NUDISTBACC": 2499.099, "NUAREABACC": 195.989, "NUCOMPCDA": 24.4, "Shape__Len": 0, "OBJECTID": 99711, "ID": 88845, "COTRECHO": 88845, "COCURSODAG": "4634388", "COBACIA": "46343883", "NOGENERICO": "Rio", "NOLIGACAO": null, "NOESPECIF": "Anari", "NORIOCOMP": "Rio Anari", "NOORIGINAL": "Rio Anari", "COCDADESAG": "463438", "NUTRJUS": 7547, "NUORDEMCDA": 5, "NUNIVOTTO": 8, "NUNIVOTCDA": 7, "NUSTRAHLER": 1, "DEDOMINIAL": "Estadual", "DSVERSAO": "BHO bho_2017_v_01_05_50k de 2018-06-22" }, "geometry": { "type": "MultiLineString", "coordinates": [ [ [ -62.383474400000011, -9.951130899678413 ], [ -62.372899700000012, -9.942480999678645 ], [ -62.365235700000014, -9.927217599679155 ], [ -62.3558251, -9.914967999679511 ], [ -62.348290500000012, -9.909918499679691 ], [ -62.33668260000001, -9.909608599679707 ], [ -62.3285492, -9.913763099679548 ], [ -62.305317899999977, -9.921053799679317 ], [ -62.298634499999977, -9.924924999679183 ], [ -62.2878766, -9.934253999678935 ], [ -62.2762571, -9.939123499678761 ], [ -62.253372599999985, -9.971249899677746 ], [ -62.250763099999972, -9.986053899677323 ] ] ] } },
{ "type": "Feature", "properties": { "NUCOMPTREC": 6.285, "NUDISTBACT": 2543.052, "NUDISTCDAG": 59.162, "NUAREACONT": 31.047, "NUAREAMONT": 4528.57, "NUDISTBACC": 2483.89, "NUAREABACC": 7273.882, "NUCOMPCDA": 211.426, "Shape__Len": 0, "OBJECTID": 99712, "ID": 73811, "COTRECHO": 73811, "COCURSODAG": "46344", "COBACIA": "4634451", "NOGENERICO": "Rio", "NOLIGACAO": null, "NOESPECIF": "Jaru", "NORIOCOMP": "Rio Jaru", "NOORIGINAL": "Rio Jaru", "COCDADESAG": "4634", "NUTRJUS": 2527, "NUORDEMCDA": 4, "NUNIVOTTO": 7, "NUNIVOTCDA": 5, "NUSTRAHLER": 4, "DEDOMINIAL": "Estadual", "DSVERSAO": "BHO bho_2017_v_01_05_50k de 2018-06-22" }, "geometry": { "type": "MultiLineString", "coordinates": [ [ [ -62.3496503, -10.35624619966587 ], [ -62.3496281, -10.355710399665904 ], [ -62.349115700000013, -10.343269899666272 ], [ -62.3464841, -10.336948299666485 ], [ -62.33458940000002, -10.327578199666775 ], [ -62.334311099999987, -10.32297039966687 ], [ -62.3367905, -10.316791499667108 ], [ -62.336946599999962, -10.311611999667271 ], [ -62.33855890000001, -10.309289499667305 ], [ -62.339834399999972, -10.307451999667393 ] ] ] } },
{ "type": "Feature", "properties": { "NUCOMPTREC": 33.387, "NUDISTBACT": 2499.099, "NUDISTCDAG": 53.386, "NUAREACONT": 212.601, "NUAREAMONT": 212.601, "NUDISTBACC": 2445.713, "NUAREABACC": 1338.718, "NUCOMPCDA": 86.773, "Shape__Len": 0, "OBJECTID": 99713, "ID": 88868, "COTRECHO": 88868, "COCURSODAG": "463438", "COBACIA": "4634389", "NOGENERICO": null, "NOLIGACAO": null, "NOESPECIF": null, "NORIOCOMP": null, "NOORIGINAL": null, "COCDADESAG": "4634", "NUTRJUS": 88855, "NUORDEMCDA": 4, "NUNIVOTTO": 7, "NUNIVOTCDA": 6, "NUSTRAHLER": 1, "DEDOMINIAL": "Estadual", "DSVERSAO": "BHO bho_2017_v_01_05_50k de 2018-06-22" }, "geometry": { "type": "MultiLineString", "coordinates": [ [ [ -62.4676884, -10.105650699673626 ], [ -62.4588311, -10.1062123996736 ], [ -62.4506099, -10.103924699673662 ], [ -62.4402648, -10.095390199673934 ], [ -62.4344774, -10.083871799674288 ], [ -62.426939600000033, -10.077097899674506 ], [ -62.410097800000024, -10.07735679967451 ], [ -62.403891, -10.072901199674609 ], [ -62.40067149999998, -10.07259349967463 ], [ -62.3846914, -10.078030199674469 ], [ -62.375551299999984, -10.074562999674583 ], [ -62.3691579, -10.078145799674477 ], [ -62.363496699999978, -10.077701399674506 ], [ -62.358712799999978, -10.073378599674623 ], [ -62.3556805, -10.065747999674835 ], [ -62.353506, -10.064302999674892 ], [ -62.349435400000011, -10.066167499674846 ], [ -62.345933800000012, -10.075656999674532 ], [ -62.3418709, -10.075073099674547 ], [ -62.336656399999974, -10.069160299674769 ], [ -62.3312775, -10.072318199674624 ], [ -62.3285191, -10.07202319967465 ], [ -62.326634599999977, -10.070869199674704 ], [ -62.325628, -10.066695299674803 ], [ -62.326524099999972, -10.054037999675211 ], [ -62.321164500000016, -10.047264099675422 ], [ -62.2992488, -10.045639199675467 ], [ -62.2748762, -10.039255299675652 ], [ -62.256027700000011, -10.028567999676003 ], [ -62.251248200000028, -10.024099199676161 ], [ -62.2467653, -10.016895199676391 ], [ -62.240101400000015, -10.011699599676509 ], [ -62.233469899999982, -10.00998519967659 ], [ -62.231938, -10.009589099676621 ] ] ] } },
{ "type": "Feature", "properties": { "NUCOMPTREC": 5.363, "NUDISTBACT": 2580.666, "NUDISTCDAG": 96.776, "NUAREACONT": 19.117, "NUAREAMONT": 3632.781, "NUDISTBACC": 2483.89, "NUAREABACC": 7273.882, "NUCOMPCDA": 211.426, "Shape__Len": 0, "OBJECTID": 99715, "ID": 88910, "COTRECHO": 88910, "COCURSODAG": "46344", "COBACIA": "4634459", "NOGENERICO": "Rio", "NOLIGACAO": null, "NOESPECIF": "Jaru", "NORIOCOMP": "Rio Jaru", "NOORIGINAL": "Rio Jaru", "COCDADESAG": "4634", "NUTRJUS": 88906, "NUORDEMCDA": 4, "NUNIVOTTO": 7, "NUNIVOTCDA": 5, "NUSTRAHLER": 4, "DEDOMINIAL": "Estadual", "DSVERSAO": "BHO bho_2017_v_01_05_50k de 2018-06-22" }, "geometry": { "type": "MultiLineString", "coordinates": [ [ [ -62.566777800000011, -10.505910399661268 ], [ -62.566624, -10.505805299661274 ], [ -62.561635500000015, -10.502397699661383 ], [ -62.5481921, -10.505880999661246 ], [ -62.5445604, -10.503717199661317 ], [ -62.542695299999977, -10.486310299661886 ], [ -62.539870300000018, -10.481240799662041 ], [ -62.539490800000017, -10.480559699662063 ] ] ] } },
{ "type": "Feature", "properties": { "NUCOMPTREC": 5.465, "NUDISTBACT": 2586.029, "NUDISTCDAG": 0.0, "NUAREACONT": 14.478, "NUAREAMONT": 280.94, "NUDISTBACC": 2586.029, "NUAREABACC": 280.94, "NUCOMPCDA": 28.577, "Shape__Len": 0, "OBJECTID": 99717, "ID": 88915, "COTRECHO": 88915, "COCURSODAG": "463446", "COBACIA": "4634461", "NOGENERICO": "Rio", "NOLIGACAO": null, "NOESPECIF": "Ubirajara", "NORIOCOMP": "Rio Ubirajara", "NOORIGINAL": "Rio Ubirajara", "COCDADESAG": "46344", "NUTRJUS": 88910, "NUORDEMCDA": 5, "NUNIVOTTO": 7, "NUNIVOTCDA": 6, "NUSTRAHLER": 2, "DEDOMINIAL": "Estadual", "DSVERSAO": "BHO bho_2017_v_01_05_50k de 2018-06-22" }, "geometry": { "type": "MultiLineString", "coordinates": [ [ [ -62.610681600000021, -10.512554199661071 ], [ -62.60974920000001, -10.512140799661069 ], [ -62.603277100000014, -10.509270899661139 ], [ -62.591661400000021, -10.50075859966141 ], [ -62.585706300000012, -10.498447499661493 ], [ -62.5755213, -10.504767599661283 ], [ -62.567814300000016, -10.5057749996613 ], [ -62.566777800000011, -10.505910399661268 ] ] ] } },
{ "type": "Feature", "properties": { "NUCOMPTREC": 21.157, "NUDISTBACT": 2512.5, "NUDISTCDAG": 0.0, "NUAREACONT": 119.77, "NUAREAMONT": 119.77, "NUDISTBACC": 2512.5, "NUAREABACC": 119.77, "NUCOMPCDA": 21.157, "Shape__Len": 0, "OBJECTID": 99720, "ID": 88848, "COTRECHO": 88848, "COCURSODAG": "4634414", "COBACIA": "4634414", "NOGENERICO": null, "NOLIGACAO": null, "NOESPECIF": null, "NORIOCOMP": null, "NOORIGINAL": null, "COCDADESAG": "46344", "NUTRJUS": 88873, "NUORDEMCDA": 5, "NUNIVOTTO": 7, "NUNIVOTCDA": 7, "NUSTRAHLER": 1, "DEDOMINIAL": "Estadual", "DSVERSAO": "BHO bho_2017_v_01_05_50k de 2018-06-22" }, "geometry": { "type": "MultiLineString", "coordinates": [ [ [ -62.279633900000022, -10.166823399671721 ], [ -62.268506100000025, -10.164408399671814 ], [ -62.2612582, -10.158065599671977 ], [ -62.2525759, -10.143656699672443 ], [ -62.248516900000013, -10.140771599672519 ], [ -62.224983899999977, -10.145177899672404 ], [ -62.211903300000024, -10.149752399672268 ], [ -62.202885400000014, -10.157209699672023 ], [ -62.1919481, -10.175168199671443 ], [ -62.183075299999977, -10.181622599671293 ], [ -62.1801686, -10.182333199671257 ], [ -62.170879500000019, -10.18058489967129 ], [ -62.1511499, -10.172192699671534 ], [ -62.146163800124398, -10.17521528088125 ] ] ] } },
{ "type": "Feature", "properties": { "NUCOMPTREC": 10.995, "NUDISTBACT": 2516.544, "NUDISTCDAG": 32.654, "NUAREACONT": 84.972, "NUAREAMONT": 5799.431, "NUDISTBACC": 2483.89, "NUAREABACC": 7273.882, "NUCOMPCDA": 211.426, "Shape__Len": 0, "OBJECTID": 99727, "ID": 86667, "COTRECHO": 86667, "COCURSODAG": "46344", "COBACIA": "4634431", "NOGENERICO": "Rio", "NOLIGACAO": null, "NOESPECIF": "Jaru", "NORIOCOMP": "Rio Jaru", "NOORIGINAL": "Rio Jaru", "COCDADESAG": "4634", "NUTRJUS": 88874, "NUORDEMCDA": 4, "NUNIVOTTO": 7, "NUNIVOTCDA": 5, "NUSTRAHLER": 4, "DEDOMINIAL": "Estadual", "DSVERSAO": "BHO bho_2017_v_01_05_50k de 2018-06-22" }, "geometry": { "type": "MultiLineString", "coordinates": [ [ [ -62.229367599999989, -10.248310799669211 ], [ -62.213353, -10.238260799669499 ], [ -62.2011612, -10.234061899669614 ], [ -62.1899955, -10.227128499669845 ], [ -62.17794479999997, -10.225227999669935 ], [ -62.177143988768449, -10.224938406850908 ] ] ] } },
{ "type": "Feature", "properties": { "NUCOMPTREC": 26.407, "NUDISTBACT": 2538.551, "NUDISTCDAG": 0.0, "NUAREACONT": 106.947, "NUAREAMONT": 106.947, "NUDISTBACC": 2538.551, "NUAREABACC": 106.947, "NUCOMPCDA": 26.407, "Shape__Len": 0, "OBJECTID": 99728, "ID": 88899, "COTRECHO": 88899, "COCURSODAG": "4634436", "COBACIA": "4634436", "NOGENERICO": "Igarapé", "NOLIGACAO": null, "NOESPECIF": "Profundo", "NORIOCOMP": "Igarapé Profundo", "NOORIGINAL": "Igarapé Profundo", "COCDADESAG": "46344", "NUTRJUS": 75210, "NUORDEMCDA": 5, "NUNIVOTTO": 7, "NUNIVOTCDA": 7, "NUSTRAHLER": 1, "DEDOMINIAL": "Estadual", "DSVERSAO": "BHO bho_2017_v_01_05_50k de 2018-06-22" }, "geometry": { "type": "MultiLineString", "coordinates": [ [ [ -62.296213218917302, -10.45338960552421 ], [ -62.2955116, -10.440113599663317 ], [ -62.3009283, -10.420561199663899 ], [ -62.299082100000014, -10.40070269966451 ], [ -62.303186499999981, -10.383446999665022 ], [ -62.2986014, -10.353948499665943 ], [ -62.2925396, -10.334225599666574 ], [ -62.296186200000022, -10.327325599666761 ], [ -62.310438, -10.320017699666987 ], [ -62.3152526, -10.31153929966726 ], [ -62.3164425, -10.296579699667719 ], [ -62.3139445, -10.285427199668074 ], [ -62.313337400000023, -10.282716199668124 ], [ -62.312940700000013, -10.280945199668219 ] ] ] } },
{ "type": "Feature", "properties": { "NUCOMPTREC": 26.57, "NUDISTBACT": 2539.909, "NUDISTCDAG": 0.0, "NUAREACONT": 134.281, "NUAREAMONT": 134.281, "NUDISTBACC": 2539.909, "NUAREABACC": 134.281, "NUCOMPCDA": 26.57, "Shape__Len": 0, "OBJECTID": 99839, "ID": 88901, "COTRECHO": 88901, "COCURSODAG": "4634438", "COBACIA": "4634438", "NOGENERICO": "Igarapé", "NOLIGACAO": null, "NOESPECIF": "Soledade", "NORIOCOMP": "Igarapé Soledade", "NOORIGINAL": "Igarapé Soledade", "COCDADESAG": "46344", "NUTRJUS": 88861, "NUORDEMCDA": 5, "NUNIVOTTO": 7, "NUNIVOTCDA": 7, "NUSTRAHLER": 1, "DEDOMINIAL": "Estadual", "DSVERSAO": "BHO bho_2017_v_01_05_50k de 2018-06-22" }, "geometry": { "type": "MultiLineString", "coordinates": [ [ [ -62.463805099999988, -10.123020899673055 ], [ -62.462058399999982, -10.128666999672911 ], [ -62.4594184, -10.131717599672818 ], [ -62.4424199, -10.1385987996726 ], [ -62.4331159, -10.145774999672387 ], [ -62.422640399999985, -10.157266199672003 ], [ -62.3990885, -10.173336399671507 ], [ -62.3970441, -10.179089299671325 ], [ -62.398481899999979, -10.187433699671073 ], [ -62.397161900000015, -10.193185499670928 ], [ -62.387835199999984, -10.210719999670355 ], [ -62.388830700000028, -10.222231799669984 ], [ -62.387930799999978, -10.238340299669506 ], [ -62.376719, -10.252703699669059 ], [ -62.3621468, -10.277568899668301 ], [ -62.356764399999967, -10.280576199668184 ], [ -62.328870900000034, -10.283108999668151 ], [ -62.3242955, -10.286564199668014 ], [ -62.323663599999961, -10.287041299668001 ] ] ] } },
{ "type": "Feature", "properties": { "NUCOMPTREC": 3.143, "NUDISTBACT": 2539.909, "NUDISTCDAG": 56.018, "NUAREACONT": 3.725, "NUAREAMONT": 5209.224, "NUDISTBACC": 2483.89, "NUAREABACC": 7273.882, "NUCOMPCDA": 211.426, "Shape__Len": 0, "OBJECTID": 99840, "ID": 2527, "COTRECHO": 2527, "COCURSODAG": "46344", "COBACIA": "4634439", "NOGENERICO": "Rio", "NOLIGACAO": null, "NOESPECIF": "Jaru", "NORIOCOMP": "Rio Jaru", "NOORIGINAL": "Rio Jaru", "COCDADESAG": "4634", "NUTRJUS": 88861, "NUORDEMCDA": 4, "NUNIVOTTO": 7, "NUNIVOTCDA": 5, "NUSTRAHLER": 4, "DEDOMINIAL": "Estadual", "DSVERSAO": "BHO bho_2017_v_01_05_50k de 2018-06-22" }, "geometry": { "type": "MultiLineString", "coordinates": [ [ [ -62.339834399999972, -10.307451999667393 ], [ -62.3408111, -10.301717499667561 ], [ -62.323663599999961, -10.287041299668001 ] ] ] } },
{ "type": "Feature", "properties": { "NUCOMPTREC": 25.545, "NUDISTBACT": 2550.215, "NUDISTCDAG": 0.0, "NUAREACONT": 105.705, "NUAREAMONT": 105.705, "NUDISTBACC": 2550.215, "NUAREABACC": 105.705, "NUCOMPCDA": 25.545, "Shape__Len": 0, "OBJECTID": 99841, "ID": 88860, "COTRECHO": 88860, "COCURSODAG": "4634442", "COBACIA": "4634442", "NOGENERICO": null, "NOLIGACAO": null, "NOESPECIF": null, "NORIOCOMP": null, "NOORIGINAL": null, "COCDADESAG": "463444", "NUTRJUS": 16544, "NUORDEMCDA": 6, "NUNIVOTTO": 7, "NUNIVOTCDA": 7, "NUSTRAHLER": 1, "DEDOMINIAL": "Estadual", "DSVERSAO": "BHO bho_2017_v_01_05_50k de 2018-06-22" }, "geometry": { "type": "MultiLineString", "coordinates": [ [ [ -62.4958415, -10.116628499673272 ], [ -62.490611399999985, -10.118634099673223 ], [ -62.479995299999977, -10.12883249967288 ], [ -62.467769099999984, -10.146368299672362 ], [ -62.46048680000002, -10.160166199671917 ], [ -62.446482899999971, -10.198269199670777 ], [ -62.417826600000012, -10.223974999669954 ], [ -62.413313800000026, -10.229718999669767 ], [ -62.4108266, -10.241225199669406 ], [ -62.419367799999968, -10.256776899668917 ], [ -62.4196462, -10.262531399668763 ], [ -62.40829, -10.278625399668281 ], [ -62.393869300000013, -10.304688199667455 ], [ -62.393161, -10.305967899667415 ] ] ] } },
{ "type": "Feature", "properties": { "NUCOMPTREC": 19.56, "NUDISTBACT": 2560.774, "NUDISTCDAG": 2.766, "NUAREACONT": 96.338, "NUAREAMONT": 96.338, "NUDISTBACC": 2558.008, "NUAREABACC": 164.277, "NUCOMPCDA": 22.326, "Shape__Len": 0, "OBJECTID": 99842, "ID": 88897, "COTRECHO": 88897, "COCURSODAG": "4634444", "COBACIA": "46344443", "NOGENERICO": null, "NOLIGACAO": null, "NOESPECIF": null, "NORIOCOMP": null, "NOORIGINAL": null, "COCDADESAG": "463444", "NUTRJUS": 10804, "NUORDEMCDA": 6, "NUNIVOTTO": 8, "NUNIVOTCDA": 7, "NUSTRAHLER": 1, "DEDOMINIAL": "Estadual", "DSVERSAO": "BHO bho_2017_v_01_05_50k de 2018-06-22" }, "geometry": { "type": "MultiLineString", "coordinates": [ [ [ -62.60098720000002, -10.213591599670249 ], [ -62.592415500000023, -10.217608899670173 ], [ -62.5861671, -10.218322299670136 ], [ -62.577168200000017, -10.216009499670191 ], [ -62.5672952, -10.211106699670365 ], [ -62.5611958, -10.211527799670332 ], [ -62.548695099999982, -10.220432399670061 ], [ -62.527775, -10.223137399669964 ], [ -62.5248643, -10.227591899669836 ], [ -62.525428799999986, -10.239103699669485 ], [ -62.523681599999982, -10.243418199669364 ], [ -62.516704899999979, -10.2457093996693 ], [ -62.501601900000018, -10.243962699669343 ], [ -62.495788600000033, -10.245102699669323 ], [ -62.4928819, -10.247974999669214 ], [ -62.492294099999981, -10.251427199669125 ], [ -62.4947469, -10.262941199668758 ], [ -62.492996399999974, -10.267684599668604 ], [ -62.4770123, -10.26938739966859 ], [ -62.4716156, -10.273348999668432 ], [ -62.4705688, -10.274117399668425 ], [ -62.4703023, -10.274312999668419 ] ] ] } },
{ "type": "Feature", "properties": { "NUCOMPTREC": 12.321, "NUDISTBACT": 2558.008, "NUDISTCDAG": 14.956, "NUAREACONT": 103.939, "NUAREAMONT": 325.245, "NUDISTBACC": 2543.052, "NUAREABACC": 676.929, "NUCOMPCDA": 54.409, "Shape__Len": 0, "OBJECTID": 99843, "ID": 88898, "COTRECHO": 88898, "COCURSODAG": "463444", "COBACIA": "4634445", "NOGENERICO": "Rio", "NOLIGACAO": null, "NOESPECIF": "Taquifone", "NORIOCOMP": "Rio Taquifone", "NOORIGINAL": "Rio Taquifone", "COCDADESAG": "46344", "NUTRJUS": 75186, "NUORDEMCDA": 5, "NUNIVOTTO": 7, "NUNIVOTCDA": 6, "NUSTRAHLER": 2, "DEDOMINIAL": "Estadual", "DSVERSAO": "BHO bho_2017_v_01_05_50k de 2018-06-22" }, "geometry": { "type": "MultiLineString", "coordinates": [ [ [ -62.558617099999978, -10.304784699667483 ], [ -62.5573496, -10.304675199667487 ], [ -62.5484737, -10.303909099667473 ], [ -62.5441136, -10.305052999667437 ], [ -62.5310252, -10.313526399667195 ], [ -62.5240518, -10.313803099667151 ], [ -62.5192568, -10.31595259966711 ], [ -62.514019500000011, -10.320692099666944 ], [ -62.507046100000025, -10.321690999666929 ], [ -62.50182, -10.319809899666989 ], [ -62.491229799999985, -10.309004299667356 ], [ -62.47728690000001, -10.306106599667435 ], [ -62.459700199999986, -10.296802799667734 ], [ -62.4591939, -10.296534899667703 ] ] ] } },
{ "type": "Feature", "properties": { "NUCOMPTREC": 27.132, "NUDISTBACT": 2570.329, "NUDISTCDAG": 27.277, "NUAREACONT": 156.973, "NUAREAMONT": 156.973, "NUDISTBACC": 2543.052, "NUAREABACC": 676.929, "NUCOMPCDA": 54.409, "Shape__Len": 0, "OBJECTID": 99844, "ID": 88905, "COTRECHO": 88905, "COCURSODAG": "463444", "COBACIA": "4634447", "NOGENERICO": null, "NOLIGACAO": null, "NOESPECIF": null, "NORIOCOMP": null, "NOORIGINAL": null, "COCDADESAG": "46344", "NUTRJUS": 88898, "NUORDEMCDA": 5, "NUNIVOTTO": 7, "NUNIVOTCDA": 6, "NUSTRAHLER": 1, "DEDOMINIAL": "Estadual", "DSVERSAO": "BHO bho_2017_v_01_05_50k de 2018-06-22" }, "geometry": { "type": "MultiLineString", "coordinates": [ [ [ -62.6953416, -10.390205299664816 ], [ -62.688856400000013, -10.369638499665459 ], [ -62.68075409999998, -10.359920799665758 ], [ -62.6803074, -10.343731799666264 ], [ -62.676241100000027, -10.342433999666325 ], [ -62.661275499999988, -10.344001799666252 ], [ -62.6560493, -10.339678399666415 ], [ -62.6548937, -10.331621699666659 ], [ -62.661019800000027, -10.307459299667387 ], [ -62.661027600000011, -10.301705999667574 ], [ -62.6574036, -10.293931399667823 ], [ -62.649843700000019, -10.288667399667968 ], [ -62.649839, -10.288664199668 ], [ -62.6498353, -10.288668699667985 ], [ -62.648880799999979, -10.289794899667919 ], [ -62.642583499999986, -10.297223799667686 ], [ -62.629498899999987, -10.305701099667456 ], [ -62.621205599999989, -10.316481199667088 ], [ -62.613645, -10.321652399666952 ], [ -62.607541500000025, -10.323802999666876 ], [ -62.59243470000002, -10.319469599666995 ], [ -62.584298, -10.320897999666954 ], [ -62.576165100000026, -10.319879599666969 ], [ -62.5663, -10.308357999667354 ], [ -62.5588492, -10.304892599667474 ], [ -62.558617099999978, -10.304784699667483 ] ] ] } },
{ "type": "Feature", "properties": { "NUCOMPTREC": 22.038, "NUDISTBACT": 2549.337, "NUDISTCDAG": 0.0, "NUAREACONT": 139.935, "NUAREAMONT": 139.935, "NUDISTBACC": 2549.337, "NUAREABACC": 139.935, "NUCOMPCDA": 22.038, "Shape__Len": 0, "OBJECTID": 99845, "ID": 88881, "COTRECHO": 88881, "COCURSODAG": "4634452", "COBACIA": "4634452", "NOGENERICO": "Igarapé", "NOLIGACAO": null, "NOESPECIF": "Bom Jardim", "NORIOCOMP": "Igarapé Bom Jardim", "NOORIGINAL": "Igarapé Bom Jardim", "COCDADESAG": "46344", "NUTRJUS": 73811, "NUORDEMCDA": 5, "NUNIVOTTO": 7, "NUNIVOTCDA": 7, "NUSTRAHLER": 1, "DEDOMINIAL": "Estadual", "DSVERSAO": "BHO bho_2017_v_01_05_50k de 2018-06-22" }, "geometry": { "type": "MultiLineString", "coordinates": [ [ [ -62.316404518960198, -10.475123473327777 ], [ -62.3241375, -10.463641999662562 ], [ -62.3299626, -10.459481899662704 ], [ -62.345087700000029, -10.4537578996629 ], [ -62.351210499999965, -10.445137799663135 ], [ -62.3554716, -10.419829899663933 ], [ -62.353609899999981, -10.406875899664291 ], [ -62.346376899999981, -10.390464199664809 ], [ -62.345236399999976, -10.380392499665154 ], [ -62.345839099999985, -10.369172899665504 ], [ -62.3496503, -10.35624619966587 ] ] ] } },
{ "type": "Feature", "properties": { "NUCOMPTREC": 36.347, "NUDISTBACT": 2556.393, "NUDISTCDAG": 0.0, "NUAREACONT": 201.789, "NUAREAMONT": 201.789, "NUDISTBACC": 2556.393, "NUAREABACC": 201.789, "NUCOMPCDA": 36.347, "Shape__Len": 0, "OBJECTID": 99846, "ID": 88883, "COTRECHO": 88883, "COCURSODAG": "4634454", "COBACIA": "4634454", "NOGENERICO": "Igarapé", "NOLIGACAO": null, "NOESPECIF": "São João", "NORIOCOMP": "Igarapé São João", "NOORIGINAL": "Igarapé São João", "COCDADESAG": "46344", "NUTRJUS": 88882, "NUORDEMCDA": 5, "NUNIVOTTO": 7, "NUNIVOTCDA": 7, "NUSTRAHLER": 1, "DEDOMINIAL": "Estadual", "DSVERSAO": "BHO bho_2017_v_01_05_50k de 2018-06-22" }, "geometry": { "type": "MultiLineString", "coordinates": [ [ [ -62.384382617863722, -10.567889346699509 ], [ -62.385818500000028, -10.567748599659373 ], [ -62.3885879, -10.565309099659412 ], [ -62.390048499999978, -10.560563599659602 ], [ -62.3894801, -10.554232999659783 ], [ -62.394647500000019, -10.536675099660348 ], [ -62.395137299999973, -10.535010599660392 ], [ -62.391021200000012, -10.528360599660555 ], [ -62.391173900000013, -10.523757699660692 ], [ -62.397884, -10.511399299661088 ], [ -62.397891699999988, -10.507945899661184 ], [ -62.393252800000027, -10.500600899661412 ], [ -62.39152109999997, -10.493980299661603 ], [ -62.393615399999987, -10.461903999662631 ], [ -62.3887092, -10.443483899663182 ], [ -62.397311399999978, -10.428248699663637 ], [ -62.401995899999982, -10.409845799664241 ], [ -62.400268, -10.4006368996645 ], [ -62.401301900000021, -10.391000199664813 ], [ -62.397568400000019, -10.383353199665018 ], [ -62.3964128, -10.380986099665092 ], [ -62.39602960000002, -10.380201199665127 ] ] ] } },
{ "type": "Feature", "properties": { "NUCOMPTREC": 21.51, "NUDISTBACT": 2556.393, "NUDISTCDAG": 72.503, "NUAREACONT": 228.458, "NUAREAMONT": 4134.591, "NUDISTBACC": 2483.89, "NUAREABACC": 7273.882, "NUCOMPCDA": 211.426, "Shape__Len": 0, "OBJECTID": 99847, "ID": 88904, "COTRECHO": 88904, "COCURSODAG": "46344", "COBACIA": "4634455", "NOGENERICO": "Rio", "NOLIGACAO": null, "NOESPECIF": "Jaru", "NORIOCOMP": "Rio Jaru", "NOORIGINAL": "Rio Jaru", "COCDADESAG": "4634", "NUTRJUS": 88882, "NUORDEMCDA": 4, "NUNIVOTTO": 7, "NUNIVOTCDA": 5, "NUSTRAHLER": 4, "DEDOMINIAL": "Estadual", "DSVERSAO": "BHO bho_2017_v_01_05_50k de 2018-06-22" }, "geometry": { "type": "MultiLineString", "coordinates": [ [ [ -62.515706200000018, -10.472298699662307 ], [ -62.51367579999998, -10.47177489966233 ], [ -62.498974200000013, -10.46798089966242 ], [ -62.49797860000001, -10.455604699662796 ], [ -62.49551079999997, -10.452149699662922 ], [ -62.492748600000034, -10.45214579966291 ], [ -62.483726900000029, -10.459611999662686 ], [ -62.470932300000023, -10.464337599662569 ], [ -62.465412300000025, -10.462172099662581 ], [ -62.464832199999989, -10.460013799662686 ], [ -62.47008169999998, -10.450526499662985 ], [ -62.4693606, -10.445780899663101 ], [ -62.46675110000001, -10.443329099663213 ], [ -62.4482954, -10.44114029966323 ], [ -62.445392500000018, -10.439554199663281 ], [ -62.44119239999997, -10.431778099663525 ], [ -62.4390682, -10.422319799663867 ], [ -62.438869099999977, -10.421433499663845 ], [ -62.4372824, -10.414345699664088 ], [ -62.433521199999973, -10.408506299664257 ], [ -62.4201772, -10.398511799664568 ], [ -62.407134199999959, -10.381080599665134 ], [ -62.396796600000016, -10.380261899665136 ], [ -62.39602960000002, -10.380201199665127 ] ] ] } },
{ "type": "Feature", "properties": { "NUCOMPTREC": 27.186, "NUDISTBACT": 2580.666, "NUDISTCDAG": 0.0, "NUAREACONT": 173.662, "NUAREAMONT": 173.662, "NUDISTBACC": 2580.666, "NUAREABACC": 173.662, "NUCOMPCDA": 27.186, "Shape__Len": 0, "OBJECTID": 99848, "ID": 88908, "COTRECHO": 88908, "COCURSODAG": "4634458", "COBACIA": "4634458", "NOGENERICO": null, "NOLIGACAO": null, "NOESPECIF": null, "NORIOCOMP": null, "NOORIGINAL": null, "COCDADESAG": "46344", "NUTRJUS": 88906, "NUORDEMCDA": 5, "NUNIVOTTO": 7, "NUNIVOTCDA": 7, "NUSTRAHLER": 1, "DEDOMINIAL": "Estadual", "DSVERSAO": "BHO bho_2017_v_01_05_50k de 2018-06-22" }, "geometry": { "type": "MultiLineString", "coordinates": [ [ [ -62.690931700000021, -10.444100699663148 ], [ -62.6901155, -10.438167299663329 ], [ -62.685289800000028, -10.430033399663611 ], [ -62.6840154, -10.416963899663985 ], [ -62.6773397, -10.409618799664212 ], [ -62.672838599999984, -10.406737699664331 ], [ -62.665861300000024, -10.405291099664364 ], [ -62.6542339, -10.40930999966424 ], [ -62.634466, -10.412740099664148 ], [ -62.6216753, -10.412439099664113 ], [ -62.5972645, -10.408956299664251 ], [ -62.5889828, -10.409523599664235 ], [ -62.556264100000021, -10.424729399663754 ], [ -62.5481196, -10.429609899663616 ], [ -62.5440451, -10.434211699663464 ], [ -62.5433091, -10.439386199663321 ], [ -62.545338500000021, -10.443131099663214 ], [ -62.5483863, -10.446299499663114 ], [ -62.558842599999977, -10.452211199662933 ], [ -62.560875899999985, -10.455813399662821 ], [ -62.5608682, -10.459262899662699 ], [ -62.558388799999982, -10.466165699662463 ], [ -62.551984300000015, -10.474933499662241 ], [ -62.543690799999986, -10.480099199662046 ], [ -62.539490800000017, -10.480559699662063 ] ] ] } },
{ "type": "Feature", "properties": { "NUCOMPTREC": 16.776, "NUDISTBACT": 2591.495, "NUDISTCDAG": 0.0, "NUAREACONT": 86.185, "NUAREAMONT": 86.185, "NUDISTBACC": 2591.495, "NUAREABACC": 86.185, "NUCOMPCDA": 16.776, "Shape__Len": 0, "OBJECTID": 99849, "ID": 88909, "COTRECHO": 88909, "COCURSODAG": "4634462", "COBACIA": "4634462", "NOGENERICO": null, "NOLIGACAO": null, "NOESPECIF": null, "NORIOCOMP": null, "NOORIGINAL": null, "COCDADESAG": "463446", "NUTRJUS": 88915, "NUORDEMCDA": 6, "NUNIVOTTO": 7, "NUNIVOTCDA": 7, "NUSTRAHLER": 1, "DEDOMINIAL": "Estadual", "DSVERSAO": "BHO bho_2017_v_01_05_50k de 2018-06-22" }, "geometry": { "type": "MultiLineString", "coordinates": [ [ [ -62.728903699999989, -10.441601099663249 ], [ -62.7101541, -10.442018999663253 ], [ -62.704764, -10.457693499662746 ], [ -62.6977756, -10.468043099662415 ], [ -62.682947800000029, -10.471628699662322 ], [ -62.6698593, -10.479239299662092 ], [ -62.650083600000016, -10.483103899661957 ], [ -62.634664499999978, -10.49589179966156 ], [ -62.618089399999981, -10.49774349966153 ], [ -62.613286599999974, -10.502773599661367 ], [ -62.610837499999988, -10.511969199661079 ], [ -62.610681600000021, -10.512554199661071 ] ] ] } },
{ "type": "Feature", "properties": { "NUCOMPTREC": 23.112, "NUDISTBACT": 2591.495, "NUDISTCDAG": 5.465, "NUAREACONT": 180.277, "NUAREAMONT": 180.277, "NUDISTBACC": 2586.029, "NUAREABACC": 280.94, "NUCOMPCDA": 28.577, "Shape__Len": 0, "OBJECTID": 99890, "ID": 88911, "COTRECHO": 88911, "COCURSODAG": "463446", "COBACIA": "4634463", "NOGENERICO": "Rio", "NOLIGACAO": null, "NOESPECIF": "Ubirajara", "NORIOCOMP": "Rio Ubirajara", "NOORIGINAL": "Rio Ubirajara", "COCDADESAG": "46344", "NUTRJUS": 88915, "NUORDEMCDA": 5, "NUNIVOTTO": 7, "NUNIVOTCDA": 6, "NUSTRAHLER": 1, "DEDOMINIAL": "Estadual", "DSVERSAO": "BHO bho_2017_v_01_05_50k de 2018-06-22" }, "geometry": { "type": "MultiLineString", "coordinates": [ [ [ -62.788288, -10.56322949965948 ], [ -62.783496800000016, -10.555460099659745 ], [ -62.7740478, -10.551282799659887 ], [ -62.772899399999964, -10.533871599660397 ], [ -62.769412699999961, -10.531426099660452 ], [ -62.76577709999998, -10.532429399660467 ], [ -62.759231, -10.538466699660281 ], [ -62.756320300000027, -10.539186699660258 ], [ -62.700804699999978, -10.52288459966074 ], [ -62.694990800000028, -10.522445699660745 ], [ -62.6868463, -10.526611299660649 ], [ -62.679869600000011, -10.526460799660629 ], [ -62.6717289, -10.523862999660713 ], [ -62.6656211, -10.526592399660654 ], [ -62.660971, -10.526874699660633 ], [ -62.6545777, -10.524850899660663 ], [ -62.6446975, -10.518225799660868 ], [ -62.636850799999976, -10.514907999660979 ], [ -62.6228962, -10.515179199660963 ], [ -62.610681600000021, -10.512554199661071 ] ] ] } },
{ "type": "Feature", "properties": { "NUCOMPTREC": 13.523, "NUDISTBACT": 2589.609, "NUDISTCDAG": 105.719, "NUAREACONT": 79.612, "NUAREAMONT": 2158.997, "NUDISTBACC": 2483.89, "NUAREABACC": 7273.882, "NUCOMPCDA": 211.426, "Shape__Len": 0, "OBJECTID": 99915, "ID": 88937, "COTRECHO": 88937, "COCURSODAG": "46344", "COBACIA": "46344911", "NOGENERICO": "Rio", "NOLIGACAO": null, "NOESPECIF": "Jaru", "NORIOCOMP": "Rio Jaru", "NOORIGINAL": "Rio Jaru", "COCDADESAG": "4634", "NUTRJUS": 88916, "NUORDEMCDA": 4, "NUNIVOTTO": 8, "NUNIVOTCDA": 5, "NUSTRAHLER": 3, "DEDOMINIAL": "Estadual", "DSVERSAO": "BHO bho_2017_v_01_05_50k de 2018-06-22" }, "geometry": { "type": "MultiLineString", "coordinates": [ [ [ -62.650583900000015, -10.608053099658129 ], [ -62.647589499999981, -10.604990799658207 ], [ -62.630362100000013, -10.597328099658485 ], [ -62.627168700000034, -10.593153599658574 ], [ -62.626593099999987, -10.588548599658751 ], [ -62.6306748, -10.578342399659027 ], [ -62.624574699999975, -10.571862899659219 ], [ -62.626916900000026, -10.559345599659597 ], [ -62.624449099999978, -10.55603949965972 ], [ -62.6165985, -10.554733899659736 ], [ -62.6102123, -10.548396699659962 ], [ -62.5978566, -10.546942299660023 ], [ -62.5862293, -10.542327199660138 ], [ -62.579435199999978, -10.537101399660283 ], [ -62.577741399999965, -10.535798399660329 ] ] ] } },
{ "type": "Feature", "properties": { "NUCOMPTREC": 14.614, "NUDISTBACT": 2603.132, "NUDISTCDAG": 0.0, "NUAREACONT": 71.75, "NUAREAMONT": 71.75, "NUDISTBACC": 2603.132, "NUAREABACC": 71.75, "NUCOMPCDA": 14.614, "Shape__Len": 0, "OBJECTID": 99921, "ID": 88947, "COTRECHO": 88947, "COCURSODAG": "46344912", "COBACIA": "46344912", "NOGENERICO": null, "NOLIGACAO": null, "NOESPECIF": null, "NORIOCOMP": null, "NOORIGINAL": null, "COCDADESAG": "46344", "NUTRJUS": 88937, "NUORDEMCDA": 5, "NUNIVOTTO": 8, "NUNIVOTCDA": 8, "NUSTRAHLER": 1, "DEDOMINIAL": "Estadual", "DSVERSAO": "BHO bho_2017_v_01_05_50k de 2018-06-22" }, "geometry": { "type": "MultiLineString", "coordinates": [ [ [ -62.769622399999989, -10.614548299657947 ], [ -62.755077299999982, -10.617988899657828 ], [ -62.7456277, -10.61769729965779 ], [ -62.7209125, -10.607605599658136 ], [ -62.6947544, -10.593056199658562 ], [ -62.688940899999984, -10.590749499658669 ], [ -62.682398700000022, -10.590166699658674 ], [ -62.6709047, -10.597205699658479 ], [ -62.658389100000022, -10.608125299658093 ], [ -62.652571299999977, -10.610134699658062 ], [ -62.651214700000025, -10.608713699658116 ], [ -62.650583900000015, -10.608053099658129 ] ] ] } },
{ "type": "Feature", "properties": { "NUCOMPTREC": 30.012, "NUDISTBACT": 2608.16, "NUDISTCDAG": 0.0, "NUAREACONT": 221.102, "NUAREAMONT": 221.102, "NUDISTBACC": 2608.16, "NUAREABACC": 221.102, "NUCOMPCDA": 30.012, "Shape__Len": 0, "OBJECTID": 99943, "ID": 88954, "COTRECHO": 88954, "COCURSODAG": "4634492", "COBACIA": "4634492", "NOGENERICO": "Rio", "NOLIGACAO": null, "NOESPECIF": "Canarana", "NORIOCOMP": "Rio Canarana", "NOORIGINAL": "Rio Canarana", "COCDADESAG": "46344", "NUTRJUS": 88938, "NUORDEMCDA": 5, "NUNIVOTTO": 7, "NUNIVOTCDA": 7, "NUSTRAHLER": 1, "DEDOMINIAL": "Estadual", "DSVERSAO": "BHO bho_2017_v_01_05_50k de 2018-06-22" }, "geometry": { "type": "MultiLineString", "coordinates": [ [ [ -62.658558714190683, -10.683148164184754 ], [ -62.6573171, -10.681507399655855 ], [ -62.650931399999976, -10.669992899656226 ], [ -62.6491992, -10.65949059965658 ], [ -62.650946400000016, -10.655319999656681 ], [ -62.655688800000014, -10.650857699656818 ], [ -62.655829200000028, -10.650725599656791 ] ] ] } },
{ "type": "Feature", "properties": { "NUCOMPTREC": 30.963, "NUDISTBACT": 2620.093, "NUDISTCDAG": 0.0, "NUAREACONT": 143.22, "NUAREAMONT": 143.22, "NUDISTBACC": 2620.093, "NUAREABACC": 143.22, "NUCOMPCDA": 30.963, "Shape__Len": 0, "OBJECTID": 99977, "ID": 88935, "COTRECHO": 88935, "COCURSODAG": "46344932", "COBACIA": "46344932", "NOGENERICO": null, "NOLIGACAO": null, "NOESPECIF": null, "NORIOCOMP": null, "NOORIGINAL": null, "COCDADESAG": "46344", "NUTRJUS": 88884, "NUORDEMCDA": 5, "NUNIVOTTO": 8, "NUNIVOTCDA": 8, "NUSTRAHLER": 1, "DEDOMINIAL": "Estadual", "DSVERSAO": "BHO bho_2017_v_01_05_50k de 2018-06-22" }, "geometry": { "type": "MultiLineString", "coordinates": [ [ [ -62.905446400000017, -10.585845999658803 ], [ -62.898900200000014, -10.587424399658724 ], [ -62.895703500000025, -10.589869399658676 ], [ -62.8919191, -10.600077799658372 ], [ -62.889592400000012, -10.602235599658263 ], [ -62.884938499999983, -10.603386199658249 ], [ -62.880284, -10.602523999658306 ], [ -62.873162200000024, -10.598634499658404 ], [ -62.866638799999969, -10.592288899658639 ], [ -62.860809899999985, -10.581081099658954 ], [ -62.855575900000026, -10.577913299659029 ], [ -62.8512159, -10.578486199659007 ], [ -62.843361300000026, -10.585098999658848 ], [ -62.829258499999966, -10.582072299658915 ], [ -62.8240206, -10.585235699658817 ], [ -62.8184934, -10.593287499658558 ], [ -62.810555, -10.593325799658576 ], [ -62.801773200000021, -10.59068809965868 ], [ -62.795662, -10.59212529965864 ], [ -62.793479799999986, -10.59456859965854 ], [ -62.792896499999976, -10.599315899658407 ], [ -62.797996599999976, -10.621299899657703 ], [ -62.796345, -10.634978899657316 ], [ -62.791851099999974, -10.643477299657015 ], [ -62.782684300000021, -10.649946799656844 ], [ -62.77817529999998, -10.650227999656854 ], [ -62.768871299999986, -10.647347399656919 ], [ -62.764217499999972, -10.648495199656889 ], [ -62.760288, -10.653094099656723 ], [ -62.756786299999987, -10.668913699656262 ], [ -62.752555274216306, -10.675183123874772 ] ], [ [ -62.730591800656001, -10.68119384940905 ], [ -62.7279628, -10.679940899655929 ], [ -62.726871099999983, -10.679420499655921 ] ] ] } },
{ "type": "Feature", "properties": { "NUCOMPTREC": 5.721, "NUDISTBACT": 2620.093, "NUDISTCDAG": 136.203, "NUAREACONT": 20.49, "NUAREAMONT": 1573.402, "NUDISTBACC": 2483.89, "NUAREABACC": 7273.882, "NUCOMPCDA": 211.426, "Shape__Len": 0, "OBJECTID": 99985, "ID": 88939, "COTRECHO": 88939, "COCURSODAG": "46344", "COBACIA": "46344933", "NOGENERICO": "Rio", "NOLIGACAO": null, "NOESPECIF": "Jaru", "NORIOCOMP": "Rio Jaru", "NOORIGINAL": "Rio Jaru", "COCDADESAG": "4634", "NUTRJUS": 88884, "NUORDEMCDA": 4, "NUNIVOTTO": 8, "NUNIVOTCDA": 5, "NUSTRAHLER": 3, "DEDOMINIAL": "Estadual", "DSVERSAO": "BHO bho_2017_v_01_05_50k de 2018-06-22" }, "geometry": { "type": "MultiLineString", "coordinates": [ [ [ -62.728489847638059, -10.681769082907946 ], [ -62.727614800000033, -10.680499499655884 ], [ -62.726871099999983, -10.679420499655921 ] ] ] } },
{ "type": "Feature", "properties": { "NUCOMPTREC": 34.762, "NUDISTBACT": 2366.85, "NUDISTCDAG": 19.246, "NUAREACONT": 169.226, "NUAREAMONT": 169.226, "NUDISTBACC": 2347.603, "NUAREABACC": 461.168, "NUCOMPCDA": 54.008, "Shape__Len": 0, "OBJECTID": 101750, "ID": 90879, "COTRECHO": 90879, "COCURSODAG": "4636224", "COBACIA": "46362245", "NOGENERICO": "Rio", "NOLIGACAO": null, "NOESPECIF": "Preto do Candeias ou Braço Esquerdo", "NORIOCOMP": "Rio Preto do Candeias ou Braço Esquerdo", "NOORIGINAL": "Rio Preto do Candeias ou Braço Esquerdo", "COCDADESAG": "463622", "NUTRJUS": 1212, "NUORDEMCDA": 6, "NUNIVOTTO": 8, "NUNIVOTCDA": 7, "NUSTRAHLER": 1, "DEDOMINIAL": "Estadual", "DSVERSAO": "BHO bho_2017_v_01_05_50k de 2018-06-22" }, "geometry": { "type": "MultiLineString", "coordinates": [ [ [ -63.40777079999998, -9.496947699692548 ], [ -63.419806400000027, -9.501678799692357 ], [ -63.429373699999985, -9.503105399692307 ], [ -63.4337188, -9.502383699692345 ], [ -63.4490695, -9.493011999692662 ], [ -63.455722200000025, -9.482641399692948 ], [ -63.456584, -9.477461899693107 ], [ -63.4565728, -9.468826199693421 ], [ -63.451911, -9.451570599693955 ], [ -63.4574083, -9.442929399694227 ], [ -63.460303300000021, -9.441343299694287 ], [ -63.4730523, -9.439025999694344 ], [ -63.501464300000016, -9.446610399694094 ], [ -63.508418800000015, -9.446885899694065 ], [ -63.517978299999982, -9.444425399694159 ], [ -63.522319499999981, -9.440248099694305 ], [ -63.528366100000021, -9.416064599695074 ], [ -63.527457700000014, -9.391894899695812 ], [ -63.512927499999982, -9.364438099696631 ], [ -63.498420099999976, -9.35050529969711 ], [ -63.49549780000001, -9.334969599697599 ], [ -63.492594899999979, -9.330657999697729 ], [ -63.488681, -9.32821739969782 ], [ -63.487361, -9.317145099698138 ], [ -63.486438632628492, -9.316024953060936 ] ] ] } },
{ "type": "Feature", "properties": { "NUCOMPTREC": 28.7, "NUDISTBACT": 2396.024, "NUDISTCDAG": 0.0, "NUAREACONT": 119.925, "NUAREAMONT": 119.925, "NUDISTBACC": 2396.024, "NUAREABACC": 119.925, "NUCOMPCDA": 28.7, "Shape__Len": 0, "OBJECTID": 102052, "ID": 90893, "COTRECHO": 90893, "COCURSODAG": "46362254", "COBACIA": "46362254", "NOGENERICO": null, "NOLIGACAO": null, "NOESPECIF": null, "NORIOCOMP": null, "NOORIGINAL": null, "COCDADESAG": "463622", "NUTRJUS": 90849, "NUORDEMCDA": 6, "NUNIVOTTO": 8, "NUNIVOTCDA": 8, "NUSTRAHLER": 1, "DEDOMINIAL": "Estadual", "DSVERSAO": "BHO bho_2017_v_01_05_50k de 2018-06-22" }, "geometry": { "type": "MultiLineString", "coordinates": [ [ [ -63.224488199999989, -9.436371699694408 ], [ -63.2382894, -9.407473099695316 ], [ -63.242634399999986, -9.404449699695398 ], [ -63.250458400000021, -9.402139699695496 ], [ -63.254075100000016, -9.397678499695605 ], [ -63.2537812, -9.391926799695812 ], [ -63.252197267094985, -9.387175786572342 ] ] ] } },
{ "type": "Feature", "properties": { "NUCOMPTREC": 27.201, "NUDISTBACT": 2415.606, "NUDISTCDAG": 0.0, "NUAREACONT": 119.944, "NUAREAMONT": 311.289, "NUDISTBACC": 2415.606, "NUAREABACC": 311.289, "NUCOMPCDA": 41.225, "Shape__Len": 0, "OBJECTID": 102053, "ID": 90966, "COTRECHO": 90966, "COCURSODAG": "4636226", "COBACIA": "46362261", "NOGENERICO": null, "NOLIGACAO": null, "NOESPECIF": null, "NORIOCOMP": null, "NOORIGINAL": null, "COCDADESAG": "463622", "NUTRJUS": 90956, "NUORDEMCDA": 6, "NUNIVOTTO": 8, "NUNIVOTCDA": 7, "NUSTRAHLER": 2, "DEDOMINIAL": "Estadual", "DSVERSAO": "BHO bho_2017_v_01_05_50k de 2018-06-22" }, "geometry": { "type": "MultiLineString", "coordinates": [ [ [ -63.212193599999978, -9.576706599690056 ], [ -63.216801900000014, -9.558990899690615 ], [ -63.2195519, -9.554527499690733 ], [ -63.223031400000032, -9.551792499690787 ], [ -63.235207600000024, -9.55336519969074 ], [ -63.2383931, -9.551205699690861 ], [ -63.236062, -9.532648399691432 ], [ -63.237363099999989, -9.527753999691571 ], [ -63.240693099999973, -9.524587799691654 ], [ -63.2435926, -9.52400889969169 ], [ -63.25026050000001, -9.527314399691596 ], [ -63.2560588, -9.527308899691555 ], [ -63.272572799999985, -9.515499299691934 ], [ -63.2803968, -9.514917699691969 ], [ -63.289098500000016, -9.517068699691873 ], [ -63.294309100000021, -9.514039199692 ], [ -63.298074699999972, -9.508138599692181 ], [ -63.298940200000011, -9.502959099692346 ], [ -63.294290199999985, -9.489151799692772 ], [ -63.2947135, -9.47792789969311 ], [ -63.296594099999986, -9.473613399693233 ], [ -63.304704099999981, -9.467850599693445 ], [ -63.300202899999981, -9.458068299693704 ], [ -63.303079, -9.435049199694435 ], [ -63.304959600000025, -9.432743699694528 ], [ -63.308439099999987, -9.431878599694558 ], [ -63.320966300000016, -9.433687399694485 ], [ -63.326155200000017, -9.429966499694594 ], [ -63.326852599999988, -9.429466399694647 ] ] ] } },
{ "type": "Feature", "properties": { "NUCOMPTREC": 17.743, "NUDISTBACT": 2442.806, "NUDISTCDAG": 0.0, "NUAREACONT": 78.326, "NUAREAMONT": 78.326, "NUDISTBACC": 2442.806, "NUAREABACC": 78.326, "NUCOMPCDA": 17.743, "Shape__Len": 0, "OBJECTID": 102054, "ID": 89777, "COTRECHO": 89777, "COCURSODAG": "46362262", "COBACIA": "46362262", "NOGENERICO": null, "NOLIGACAO": null, "NOESPECIF": null, "NORIOCOMP": null, "NOORIGINAL": null, "COCDADESAG": "4636226", "NUTRJUS": 90966, "NUORDEMCDA": 7, "NUNIVOTTO": 8, "NUNIVOTCDA": 8, "NUSTRAHLER": 1, "DEDOMINIAL": "Estadual", "DSVERSAO": "BHO bho_2017_v_01_05_50k de 2018-06-22" }, "geometry": { "type": "MultiLineString", "coordinates": [ [ [ -63.180085299999973, -9.696116999686332 ], [ -63.1804669, -9.688944699686527 ], [ -63.186390800000019, -9.671338399687123 ], [ -63.186288, -9.663877799687349 ], [ -63.180733400000015, -9.649722199687746 ], [ -63.180462900000016, -9.639148199688107 ], [ -63.172917199999951, -9.629368699688373 ], [ -63.170876, -9.623898699688549 ], [ -63.176674400000024, -9.603614599689218 ], [ -63.1748093, -9.587298399689711 ], [ -63.176228200000033, -9.58318389968983 ], [ -63.180142100000012, -9.579728899689968 ], [ -63.184777100000019, -9.578001699690011 ], [ -63.191506100000026, -9.578151599690006 ], [ -63.201974, -9.581879399689859 ], [ -63.2076619, -9.581396599689892 ], [ -63.211967699999988, -9.576940299690014 ], [ -63.212193599999978, -9.576706599690056 ] ] ] } },
{ "type": "Feature", "properties": { "NUCOMPTREC": 14.025, "NUDISTBACT": 2442.806, "NUDISTCDAG": 27.201, "NUAREACONT": 113.019, "NUAREAMONT": 113.019, "NUDISTBACC": 2415.606, "NUAREABACC": 311.289, "NUCOMPCDA": 41.225, "Shape__Len": 0, "OBJECTID": 102055, "ID": 89801, "COTRECHO": 89801, "COCURSODAG": "4636226", "COBACIA": "46362263", "NOGENERICO": null, "NOLIGACAO": null, "NOESPECIF": null, "NORIOCOMP": null, "NOORIGINAL": null, "COCDADESAG": "463622", "NUTRJUS": 90966, "NUORDEMCDA": 6, "NUNIVOTTO": 8, "NUNIVOTCDA": 7, "NUSTRAHLER": 1, "DEDOMINIAL": "Estadual", "DSVERSAO": "BHO bho_2017_v_01_05_50k de 2018-06-22" }, "geometry": { "type": "MultiLineString", "coordinates": [ [ [ -63.2301612, -9.676372799686948 ], [ -63.216702699999985, -9.672841599687073 ], [ -63.21052659999998, -9.667294999687249 ], [ -63.207917699999989, -9.659739899687429 ], [ -63.210176, -9.645486999687897 ], [ -63.2154021, -9.634811399688214 ], [ -63.220506, -9.630085299688393 ], [ -63.2240688, -9.62367469968855 ], [ -63.223485400000015, -9.611903999688922 ], [ -63.226853800000015, -9.602243399689264 ], [ -63.2247898, -9.584020399689797 ], [ -63.219567499999982, -9.579417599689956 ], [ -63.213467400000013, -9.577174899690011 ], [ -63.212193599999978, -9.576706599690056 ] ] ] } },
{ "type": "Feature", "properties": { "NUCOMPTREC": 6.71, "NUDISTBACT": 2415.606, "NUDISTCDAG": 132.44, "NUAREACONT": 34.25, "NUAREAMONT": 544.336, "NUDISTBACC": 2283.166, "NUAREABACC": 2556.01, "NUCOMPCDA": 190.066, "Shape__Len": 0, "OBJECTID": 102056, "ID": 90965, "COTRECHO": 90965, "COCURSODAG": "463622", "COBACIA": "4636227", "NOGENERICO": "Rio", "NOLIGACAO": null, "NOESPECIF": "Preto do Candeias ou Braço Direito", "NORIOCOMP": "Rio Preto do Candeias ou Braço Direito", "NOORIGINAL": "Rio Preto do Candeias ou Braço Direito", "COCDADESAG": "46362", "NUTRJUS": 90956, "NUORDEMCDA": 5, "NUNIVOTTO": 7, "NUNIVOTCDA": 6, "NUSTRAHLER": 2, "DEDOMINIAL": "Estadual", "DSVERSAO": "BHO bho_2017_v_01_05_50k de 2018-06-22" }, "geometry": { "type": "MultiLineString", "coordinates": [ [ [ -63.343362899999981, -9.485973899692826 ], [ -63.343671700000016, -9.479713899693031 ], [ -63.3407689, -9.472811099693271 ], [ -63.335981100000026, -9.466915499693485 ], [ -63.332338199999981, -9.445626399694106 ], [ -63.3273977, -9.431072499694601 ], [ -63.326852599999988, -9.429466399694647 ] ] ] } },
{ "type": "Feature", "properties": { "NUCOMPTREC": 27.14, "NUDISTBACT": 2422.316, "NUDISTCDAG": 0.0, "NUAREACONT": 234.979, "NUAREAMONT": 234.979, "NUDISTBACC": 2422.316, "NUAREABACC": 234.979, "NUCOMPCDA": 27.14, "Shape__Len": 0, "OBJECTID": 102057, "ID": 90931, "COTRECHO": 90931, "COCURSODAG": "4636228", "COBACIA": "4636228", "NOGENERICO": "Igarapé", "NOLIGACAO": null, "NOESPECIF": "Formigão", "NORIOCOMP": "Igarapé Formigão", "NOORIGINAL": "Igarapé Formigão", "COCDADESAG": "463622", "NUTRJUS": 90965, "NUORDEMCDA": 6, "NUNIVOTTO": 7, "NUNIVOTCDA": 7, "NUSTRAHLER": 1, "DEDOMINIAL": "Estadual", "DSVERSAO": "BHO bho_2017_v_01_05_50k de 2018-06-22" }, "geometry": { "type": "MultiLineString", "coordinates": [ [ [ -63.453246700000015, -9.678133799686888 ], [ -63.4429205, -9.673843199687036 ], [ -63.435214799999976, -9.668063799687211 ], [ -63.427951399999969, -9.659152699687464 ], [ -63.418662400000017, -9.651108199687741 ], [ -63.4159007, -9.644209199687916 ], [ -63.411231199999975, -9.621193499688646 ], [ -63.40817939999998, -9.615299599688852 ], [ -63.392355899999984, -9.594887299689447 ], [ -63.37988189999998, -9.589293899689617 ], [ -63.374224599999977, -9.584408899689825 ], [ -63.367968299999973, -9.56484889969042 ], [ -63.352732, -9.546453799690973 ], [ -63.348951399999983, -9.539119799691187 ], [ -63.3495275, -9.533220299691379 ], [ -63.360525300000013, -9.518536299691842 ], [ -63.357900799999967, -9.504868999692265 ], [ -63.355871400000019, -9.500841799692381 ], [ -63.343685400000012, -9.486357299692852 ], [ -63.343362899999981, -9.485973899692826 ] ] ] } },
{ "type": "Feature", "properties": { "NUCOMPTREC": 2.128, "NUDISTBACT": 2422.458, "NUDISTCDAG": 0.0, "NUAREACONT": 7.106, "NUAREAMONT": 235.656, "NUDISTBACC": 2422.458, "NUAREABACC": 235.656, "NUCOMPCDA": 36.846, "Shape__Len": 0, "OBJECTID": 102923, "ID": 91098, "COTRECHO": 91098, "COCURSODAG": "463648", "COBACIA": "4636481", "NOGENERICO": "Igarapé", "NOLIGACAO": null, "NOESPECIF": "Dias Nobre", "NORIOCOMP": "Igarapé Dias Nobre", "NOORIGINAL": "Igarapé Dias Nobre", "COCDADESAG": "46364", "NUTRJUS": 91081, "NUORDEMCDA": 5, "NUNIVOTTO": 7, "NUNIVOTCDA": 6, "NUSTRAHLER": 2, "DEDOMINIAL": "Estadual", "DSVERSAO": "BHO bho_2017_v_01_05_50k de 2018-06-22" }, "geometry": { "type": "MultiLineString", "coordinates": [ [ [ -62.802971899999982, -9.612277999688919 ], [ -62.80316770000001, -9.612268399688935 ], [ -62.804905799999972, -9.612183499688943 ], [ -62.8130087, -9.600582199689313 ], [ -62.814501600000035, -9.598444499689389 ], [ -62.814770899999985, -9.598058899689388 ] ] ] } },
{ "type": "Feature", "properties": { "NUCOMPTREC": 11.933, "NUDISTBACT": 2608.16, "NUDISTCDAG": 124.27, "NUAREACONT": 45.721, "NUAREAMONT": 1762.343, "NUDISTBACC": 2483.89, "NUAREABACC": 7273.882, "NUCOMPCDA": 211.426, "Shape__Len": 0, "OBJECTID": 103005, "ID": 88884, "COTRECHO": 88884, "COCURSODAG": "46344", "COBACIA": "46344931", "NOGENERICO": "Rio", "NOLIGACAO": null, "NOESPECIF": "Jaru", "NORIOCOMP": "Rio Jaru", "NOORIGINAL": "Rio Jaru", "COCDADESAG": "4634", "NUTRJUS": 88938, "NUORDEMCDA": 4, "NUNIVOTTO": 8, "NUNIVOTCDA": 5, "NUSTRAHLER": 3, "DEDOMINIAL": "Estadual", "DSVERSAO": "BHO bho_2017_v_01_05_50k de 2018-06-22" }, "geometry": { "type": "MultiLineString", "coordinates": [ [ [ -62.726871099999983, -10.679420499655921 ], [ -62.7141909, -10.674654999656047 ], [ -62.7067791, -10.665730499656343 ], [ -62.7037231, -10.668174999656296 ], [ -62.7029908, -10.675221699656074 ], [ -62.7016825, -10.676515599656049 ], [ -62.6992068, -10.676512799656043 ], [ -62.6961586, -10.673637199656072 ], [ -62.694419100000012, -10.665864999656344 ], [ -62.690349, -10.666149399656337 ], [ -62.679435, -10.671026199656161 ], [ -62.676817799999988, -10.670739499656232 ], [ -62.6724577, -10.666422299656347 ], [ -62.67333880000001, -10.657068399656637 ], [ -62.6721832, -10.653760999656695 ], [ -62.670146, -10.652321099656753 ], [ -62.660693200000019, -10.653605499656752 ], [ -62.6559668, -10.650807099656818 ], [ -62.655829200000028, -10.650725599656791 ] ] ] } },
{ "type": "Feature", "properties": { "NUCOMPTREC": 13.005, "NUDISTBACT": 2375.095, "NUDISTCDAG": 3.566, "NUAREACONT": 66.14, "NUAREAMONT": 1633.239, "NUDISTBACC": 2371.529, "NUAREABACC": 1722.793, "NUCOMPCDA": 81.292, "Shape__Len": 0, "OBJECTID": 103077, "ID": 90719, "COTRECHO": 90719, "COCURSODAG": "46364", "COBACIA": "463643", "NOGENERICO": "Rio", "NOLIGACAO": null, "NOESPECIF": "Preto do Crespo", "NORIOCOMP": "Rio Preto do Crespo", "NOORIGINAL": "Rio Preto do Crespo", "COCDADESAG": "4636", "NUTRJUS": 84540, "NUORDEMCDA": 4, "NUNIVOTTO": 6, "NUNIVOTCDA": 5, "NUSTRAHLER": 3, "DEDOMINIAL": "Estadual", "DSVERSAO": "BHO bho_2017_v_01_05_50k de 2018-06-22" }, "geometry": { "type": "MultiLineString", "coordinates": [ [ [ -63.019488, -9.452126799693891 ], [ -63.043177599999979, -9.456535599693781 ], [ -63.0663194, -9.474948799693214 ], [ -63.0698498, -9.470912799693339 ], [ -63.0719176, -9.470357999693325 ], [ -63.073347099999985, -9.472178799693289 ], [ -63.073895199999988, -9.476879799693153 ], [ -63.079938099999978, -9.476967299693161 ], [ -63.0825843, -9.478156899693092 ], [ -63.084790899999973, -9.47473359969319 ], [ -63.08750120000002, -9.474817399693221 ], [ -63.0897928, -9.475487599693201 ], [ -63.09181, -9.47490849969323 ], [ -63.0948239, -9.471933599693307 ], [ -63.0966444, -9.472117199693304 ], [ -63.097967600000011, -9.473549299693252 ], [ -63.097133900000024, -9.47761269969314 ], [ -63.104776, -9.483200599692916 ], [ -63.109736600000019, -9.488924099692786 ] ] ] } },
{ "type": "Feature", "properties": { "NUCOMPTREC": 5.739, "NUDISTBACT": 2405.299, "NUDISTCDAG": 0.0, "NUAREACONT": 20.117, "NUAREAMONT": 452.916, "NUDISTBACC": 2405.299, "NUAREABACC": 452.916, "NUCOMPCDA": 45.209, "Shape__Len": 0, "OBJECTID": 103085, "ID": 91079, "COTRECHO": 91079, "COCURSODAG": "463646", "COBACIA": "4636461", "NOGENERICO": "Igarapé", "NOLIGACAO": null, "NOESPECIF": "Manteiga", "NORIOCOMP": "Igarapé Manteiga", "NOORIGINAL": "Igarapé Manteiga", "COCDADESAG": "46364", "NUTRJUS": 91078, "NUORDEMCDA": 5, "NUNIVOTTO": 7, "NUNIVOTCDA": 6, "NUSTRAHLER": 2, "DEDOMINIAL": "Estadual", "DSVERSAO": "BHO bho_2017_v_01_05_50k de 2018-06-22" }, "geometry": { "type": "MultiLineString", "coordinates": [ [ [ -62.9189247, -9.606014199689124 ], [ -62.918957299999981, -9.605922599689109 ], [ -62.919178, -9.605300899689118 ], [ -62.9211103, -9.59985979968932 ], [ -62.9306775, -9.586627399689728 ], [ -62.939907600000033, -9.565532399690385 ], [ -62.941995699999985, -9.560759199690542 ], [ -62.942152500000013, -9.560400599690523 ] ] ] } },
{ "type": "Feature", "properties": { "NUCOMPTREC": 15.824, "NUDISTBACT": 2458.688, "NUDISTCDAG": 0.0, "NUAREACONT": 57.004, "NUAREAMONT": 57.004, "NUDISTBACC": 2458.688, "NUAREABACC": 57.004, "NUCOMPCDA": 15.824, "Shape__Len": 0, "OBJECTID": 103837, "ID": 88863, "COTRECHO": 88863, "COCURSODAG": "46343832", "COBACIA": "46343832", "NOGENERICO": null, "NOLIGACAO": null, "NOESPECIF": null, "NORIOCOMP": null, "NOORIGINAL": null, "COCDADESAG": "463438", "NUTRJUS": 88866, "NUORDEMCDA": 5, "NUNIVOTTO": 8, "NUNIVOTCDA": 8, "NUSTRAHLER": 1, "DEDOMINIAL": "Estadual", "DSVERSAO": "BHO bho_2017_v_01_05_50k de 2018-06-22" }, "geometry": { "type": "MultiLineString", "coordinates": [ [ [ -62.1082447, -9.872537899680843 ], [ -62.103899599999977, -9.873102399680818 ], [ -62.0963501, -9.871643499680873 ], [ -62.092139, -9.872640799680841 ], [ -62.0726682, -9.882516399680513 ], [ -62.065702699999967, -9.883646399680474 ], [ -62.046270199999988, -9.879849799680596 ], [ -62.041055700000015, -9.876094199680736 ], [ -62.0369968, -9.875220899680739 ], [ -62.031470116236584, -9.879612921879954 ] ] ] } },
{ "type": "Feature", "properties": { "NUCOMPTREC": 10.693, "NUDISTBACT": 2397.323, "NUDISTCDAG": 177.484, "NUAREACONT": 47.038, "NUAREAMONT": 6468.734, "NUDISTBACC": 2219.839, "NUAREABACC": 13132.064, "NUCOMPCDA": 435.326, "Shape__Len": 0, "OBJECTID": 103870, "ID": 91011, "COTRECHO": 91011, "COCURSODAG": "46362", "COBACIA": "4636275", "NOGENERICO": "Rio", "NOLIGACAO": null, "NOESPECIF": "Candeias", "NORIOCOMP": "Rio Candeias", "NOORIGINAL": "Rio Candeias", "COCDADESAG": "4636", "NUTRJUS": 90981, "NUORDEMCDA": 4, "NUNIVOTTO": 7, "NUNIVOTCDA": 5, "NUSTRAHLER": 4, "DEDOMINIAL": "Estadual", "DSVERSAO": "BHO bho_2017_v_01_05_50k de 2018-06-22" }, "geometry": { "type": "MultiLineString", "coordinates": [ [ [ -63.7616671, -9.389588199695854 ], [ -63.763089900000011, -9.384494299696005 ], [ -63.7610532, -9.380183699696142 ], [ -63.768293299999989, -9.379593599696195 ], [ -63.7706011, -9.375561399696283 ], [ -63.766389899999979, -9.370820799696437 ], [ -63.766686209913637, -9.369106483522655 ] ] ] } },
{ "type": "Feature", "properties": { "NUCOMPTREC": 9.896, "NUDISTBACT": 2408.016, "NUDISTCDAG": 0.0, "NUAREACONT": 34.72, "NUAREAMONT": 556.491, "NUDISTBACC": 2408.016, "NUAREABACC": 556.491, "NUCOMPCDA": 59.44, "Shape__Len": 0, "OBJECTID": 103900, "ID": 90137, "COTRECHO": 90137, "COCURSODAG": "4636276", "COBACIA": "46362761", "NOGENERICO": "Igarapé", "NOLIGACAO": "da", "NOESPECIF": "Ambição", "NORIOCOMP": "Igarapé da Ambição", "NOORIGINAL": "Igarapé da Ambição", "COCDADESAG": "46362", "NUTRJUS": 91011, "NUORDEMCDA": 5, "NUNIVOTTO": 8, "NUNIVOTCDA": 7, "NUSTRAHLER": 2, "DEDOMINIAL": "Estadual", "DSVERSAO": "BHO bho_2017_v_01_05_50k de 2018-06-22" }, "geometry": { "type": "MultiLineString", "coordinates": [ [ [ -63.8072727, -9.452829599693873 ], [ -63.8071622, -9.448043999694024 ], [ -63.7978577, -9.443685699694194 ], [ -63.7949509, -9.440957299694249 ], [ -63.7929026, -9.432763899694523 ], [ -63.7869513, -9.427597799694686 ], [ -63.783460699999978, -9.421852699694851 ], [ -63.7720129, -9.420152799694891 ], [ -63.763292299999975, -9.409956599695215 ], [ -63.761526, -9.397303199695635 ], [ -63.7592027, -9.39442879969573 ], [ -63.760638, -9.391609699695817 ], [ -63.7616671, -9.389588199695854 ] ] ] } },
{ "type": "Feature", "properties": { "NUCOMPTREC": 10.115, "NUDISTBACT": 2479.851, "NUDISTCDAG": 0.0, "NUAREACONT": 56.402, "NUAREAMONT": 1225.574, "NUDISTBACC": 2479.851, "NUAREABACC": 1225.574, "NUCOMPCDA": 88.331, "Shape__Len": 0, "OBJECTID": 103907, "ID": 91054, "COTRECHO": 91054, "COCURSODAG": "463628", "COBACIA": "4636281", "NOGENERICO": "Igarapé", "NOLIGACAO": null, "NOESPECIF": "Santa Cruz", "NORIOCOMP": "Igarapé Santa Cruz", "NOORIGINAL": "Igarapé Santa Cruz", "COCDADESAG": "46362", "NUTRJUS": 91053, "NUORDEMCDA": 5, "NUNIVOTTO": 7, "NUNIVOTCDA": 6, "NUSTRAHLER": 3, "DEDOMINIAL": "Estadual", "DSVERSAO": "BHO bho_2017_v_01_05_50k de 2018-06-22" }, "geometry": { "type": "MultiLineString", "coordinates": [ [ [ -63.554077600000028, -9.630443699688357 ], [ -63.550876899999984, -9.624991499688546 ], [ -63.552280900000028, -9.620558699688669 ], [ -63.55720969999998, -9.619254799688731 ], [ -63.5635881, -9.620541399688651 ], [ -63.563721499999986, -9.612626899688919 ], [ -63.56762759999998, -9.608734099689022 ], [ -63.573132, -9.606998499689061 ], [ -63.573124899999982, -9.603403999689217 ], [ -63.5690581, -9.598665199689373 ], [ -63.5731053, -9.590740099689603 ], [ -63.572079299999984, -9.58571109968978 ], [ -63.567433100000017, -9.580829499689909 ], [ -63.563797500000021, -9.573783299690133 ], [ -63.5650435, -9.565350299690369 ], [ -63.5653385, -9.563353799690455 ] ] ] } },
{ "type": "Feature", "properties": { "NUCOMPTREC": 1.201, "NUDISTBACT": 2489.965, "NUDISTCDAG": 0.0, "NUAREACONT": 1.909, "NUAREAMONT": 396.831, "NUDISTBACC": 2489.965, "NUAREABACC": 396.831, "NUCOMPCDA": 34.171, "Shape__Len": 0, "OBJECTID": 103909, "ID": 7617, "COTRECHO": 7617, "COCURSODAG": "4636282", "COBACIA": "46362821", "NOGENERICO": null, "NOLIGACAO": null, "NOESPECIF": null, "NORIOCOMP": null, "NOORIGINAL": null, "COCDADESAG": "463628", "NUTRJUS": 91054, "NUORDEMCDA": 6, "NUNIVOTTO": 8, "NUNIVOTCDA": 7, "NUSTRAHLER": 2, "DEDOMINIAL": "Estadual", "DSVERSAO": "BHO bho_2017_v_01_05_50k de 2018-06-22" }, "geometry": { "type": "MultiLineString", "coordinates": [ [ [ -63.55023640000001, -9.640476599688045 ], [ -63.553183400000023, -9.632779399688285 ], [ -63.554077600000028, -9.630443699688357 ] ] ] } },
{ "type": "Feature", "properties": { "NUCOMPTREC": 24.234, "NUDISTBACT": 2379.473, "NUDISTCDAG": 10.186, "NUAREACONT": 118.635, "NUAREAMONT": 118.635, "NUDISTBACC": 2369.288, "NUAREABACC": 300.425, "NUCOMPCDA": 34.42, "Shape__Len": 0, "OBJECTID": 103910, "ID": 89429, "COTRECHO": 89429, "COCURSODAG": "4635266", "COBACIA": "46352665", "NOGENERICO": "Igarapé", "NOLIGACAO": null, "NOESPECIF": "Taboca do Preto", "NORIOCOMP": "Igarapé Taboca do Preto", "NOORIGINAL": "Igarapé Taboca do Preto", "COCDADESAG": "463526", "NUTRJUS": 90103, "NUORDEMCDA": 5, "NUNIVOTTO": 8, "NUNIVOTCDA": 7, "NUSTRAHLER": 1, "DEDOMINIAL": "Estadual", "DSVERSAO": "BHO bho_2017_v_01_05_50k de 2018-06-22" }, "geometry": { "type": "MultiLineString", "coordinates": [ [ [ -63.011867483047496, -9.347640256724752 ], [ -63.0170577, -9.357316699696895 ], [ -63.028063400000015, -9.36623949969661 ], [ -63.038786899999984, -9.36594719969661 ], [ -63.047713, -9.361653799696739 ], [ -63.0561664, -9.35343039969697 ], [ -63.0576436181628, -9.350870752451769 ] ] ] } },
{ "type": "Feature", "properties": { "NUCOMPTREC": 6.511, "NUDISTBACT": 2539.008, "NUDISTCDAG": 319.169, "NUAREACONT": 29.721, "NUAREAMONT": 3102.809, "NUDISTBACC": 2219.839, "NUAREABACC": 13132.064, "NUCOMPCDA": 435.326, "Shape__Len": 0, "OBJECTID": 103916, "ID": 91036, "COTRECHO": 91036, "COCURSODAG": "46362", "COBACIA": "46362917", "NOGENERICO": "Rio", "NOLIGACAO": null, "NOESPECIF": "Candeias", "NORIOCOMP": "Rio Candeias", "NOORIGINAL": "Rio Candeias", "COCDADESAG": "4636", "NUTRJUS": 91035, "NUORDEMCDA": 4, "NUNIVOTTO": 8, "NUNIVOTCDA": 5, "NUSTRAHLER": 3, "DEDOMINIAL": "Estadual", "DSVERSAO": "BHO bho_2017_v_01_05_50k de 2018-06-22" }, "geometry": { "type": "MultiLineString", "coordinates": [ [ [ -63.761695499999966, -9.979183199677555 ], [ -63.757217200000014, -9.977798299677593 ], [ -63.752559299999966, -9.970617099677824 ], [ -63.746891, -9.967749299677857 ], [ -63.745715899999986, -9.961712599678073 ], [ -63.735839100000028, -9.957708199678207 ], [ -63.7324863, -9.94951139967846 ], [ -63.72782849999998, -9.94333699967863 ], [ -63.72822050000002, -9.939816299678768 ], [ -63.728450099999968, -9.937754199678787 ] ] ] } },
{ "type": "Feature", "properties": { "NUCOMPTREC": 18.37, "NUDISTBACT": 2378.863, "NUDISTCDAG": 0.0, "NUAREACONT": 98.956, "NUAREAMONT": 98.956, "NUDISTBACC": 2378.863, "NUAREABACC": 98.956, "NUCOMPCDA": 18.37, "Shape__Len": 0, "OBJECTID": 103919, "ID": 90143, "COTRECHO": 90143, "COCURSODAG": "46352662", "COBACIA": "46352662", "NOGENERICO": "Igarapé", "NOLIGACAO": null, "NOESPECIF": "Japim", "NORIOCOMP": "Igarapé Japim", "NOORIGINAL": "Igarapé Japim", "COCDADESAG": "4635266", "NUTRJUS": 90142, "NUORDEMCDA": 6, "NUNIVOTTO": 8, "NUNIVOTCDA": 8, "NUSTRAHLER": 1, "DEDOMINIAL": "Estadual", "DSVERSAO": "BHO bho_2017_v_01_05_50k de 2018-06-22" }, "geometry": { "type": "MultiLineString", "coordinates": [ [ [ -62.9431665, -9.370435899696485 ], [ -62.955045400000017, -9.362236899696752 ], [ -62.961709900000024, -9.355762399696928 ], [ -62.966493300000025, -9.354322399696976 ], [ -62.974603399999964, -9.354612899696971 ], [ -62.981470597425123, -9.349498420476467 ] ] ] } },
{ "type": "Feature", "properties": { "NUCOMPTREC": 5.351, "NUDISTBACT": 2580.819, "NUDISTCDAG": 360.98, "NUAREACONT": 41.536, "NUAREAMONT": 1863.678, "NUDISTBACC": 2219.839, "NUAREABACC": 13132.064, "NUCOMPCDA": 435.326, "Shape__Len": 0, "OBJECTID": 103920, "ID": 91016, "COTRECHO": 91016, "COCURSODAG": "46362", "COBACIA": "46362951", "NOGENERICO": "Rio", "NOLIGACAO": null, "NOESPECIF": "Candeias", "NORIOCOMP": "Rio Candeias", "NOORIGINAL": "Rio Candeias", "COCDADESAG": "4636", "NUTRJUS": 91047, "NUORDEMCDA": 4, "NUNIVOTTO": 8, "NUNIVOTCDA": 5, "NUSTRAHLER": 3, "DEDOMINIAL": "Estadual", "DSVERSAO": "BHO bho_2017_v_01_05_50k de 2018-06-22" }, "geometry": { "type": "MultiLineString", "coordinates": [ [ [ -63.739483500000013, -10.284806399668058 ], [ -63.739540700000013, -10.282878099668148 ], [ -63.730598900000025, -10.274785899668363 ], [ -63.7282644, -10.270043599668538 ], [ -63.7286722, -10.257671299668941 ], [ -63.7264677, -10.246025099669282 ], [ -63.72716709999996, -10.243265999669367 ], [ -63.727547200000011, -10.24176669966943 ] ] ] } },
{ "type": "Feature", "properties": { "NUCOMPTREC": 18.178, "NUDISTBACT": 2407.065, "NUDISTCDAG": 131.756, "NUAREACONT": 105.338, "NUAREAMONT": 105.338, "NUDISTBACC": 2275.31, "NUAREABACC": 2395.833, "NUCOMPCDA": 149.933, "Shape__Len": 0, "OBJECTID": 103927, "ID": 89451, "COTRECHO": 89451, "COCURSODAG": "463526", "COBACIA": "463526993", "NOGENERICO": "Rio", "NOLIGACAO": null, "NOESPECIF": "Jacundá", "NORIOCOMP": "Rio Jacundá", "NOORIGINAL": "Rio Jacundá", "COCDADESAG": "46352", "NUTRJUS": 90118, "NUORDEMCDA": 4, "NUNIVOTTO": 9, "NUNIVOTCDA": 6, "NUSTRAHLER": 1, "DEDOMINIAL": "Estadual", "DSVERSAO": "BHO bho_2017_v_01_05_50k de 2018-06-22" }, "geometry": { "type": "MultiLineString", "coordinates": [ [ [ -62.735302100000013, -9.525141499691662 ], [ -62.7566379, -9.526061899691618 ], [ -62.7603762, -9.522429099691733 ], [ -62.758213399999974, -9.509193999692124 ], [ -62.7711185, -9.497117299692528 ], [ -62.772716800000012, -9.492082199692689 ], [ -62.773311799999988, -9.472514299693279 ], [ -62.7711302, -9.463350199693551 ], [ -62.77083219999998, -9.462098099693595 ], [ -62.7746239, -9.457120299693749 ], [ -62.78303180000001, -9.455110799693825 ], [ -62.784771299999989, -9.453530199693862 ], [ -62.786800700000015, -9.450079099693966 ], [ -62.789128, -9.438283999694359 ], [ -62.791157399999975, -9.436844499694402 ], [ -62.799560799999988, -9.436995599694377 ], [ -62.8056492, -9.432822799694518 ], [ -62.806523099999986, -9.427642799694684 ], [ -62.80377249999998, -9.422464899694875 ], [ -62.804802400000035, -9.416579099695005 ], [ -62.804824100000012, -9.416454999695025 ], [ -62.805115199999989, -9.414790999695061 ] ] ] } },
{ "type": "Feature", "properties": { "NUCOMPTREC": 4.891, "NUDISTBACT": 2588.018, "NUDISTCDAG": 368.179, "NUAREACONT": 35.389, "NUAREAMONT": 1530.408, "NUDISTBACC": 2219.839, "NUAREABACC": 13132.064, "NUCOMPCDA": 435.326, "Shape__Len": 0, "OBJECTID": 103937, "ID": 91061, "COTRECHO": 91061, "COCURSODAG": "46362", "COBACIA": "4636297", "NOGENERICO": "Rio", "NOLIGACAO": null, "NOESPECIF": "Candeias", "NORIOCOMP": "Rio Candeias", "NOORIGINAL": "Rio Candeias", "COCDADESAG": "4636", "NUTRJUS": 91017, "NUORDEMCDA": 4, "NUNIVOTTO": 7, "NUNIVOTCDA": 5, "NUSTRAHLER": 3, "DEDOMINIAL": "Estadual", "DSVERSAO": "BHO bho_2017_v_01_05_50k de 2018-06-22" }, "geometry": { "type": "MultiLineString", "coordinates": [ [ [ -63.744374199999982, -10.339111799666412 ], [ -63.745030299999989, -10.330408399666679 ], [ -63.737679099999987, -10.321953399666917 ], [ -63.738377500000013, -10.310302699667314 ], [ -63.733715700000012, -10.303837699667477 ], [ -63.7333107, -10.301838199667577 ], [ -63.7328802, -10.299712099667646 ] ] ] } },
{ "type": "Feature", "properties": { "NUCOMPTREC": 26.697, "NUDISTBACT": 2376.476, "NUDISTCDAG": 11.136, "NUAREACONT": 178.28, "NUAREAMONT": 178.28, "NUDISTBACC": 2365.34, "NUAREABACC": 295.771, "NUCOMPCDA": 37.833, "Shape__Len": 0, "OBJECTID": 103944, "ID": 90252, "COTRECHO": 90252, "COCURSODAG": "4635296", "COBACIA": "46352963", "NOGENERICO": "Igarapé", "NOLIGACAO": null, "NOESPECIF": "Gigante", "NORIOCOMP": "Igarapé Gigante", "NOORIGINAL": "Igarapé Gigante", "COCDADESAG": "46352", "NUTRJUS": 90269, "NUORDEMCDA": 4, "NUNIVOTTO": 8, "NUNIVOTCDA": 7, "NUSTRAHLER": 1, "DEDOMINIAL": "Estadual", "DSVERSAO": "BHO bho_2017_v_01_05_50k de 2018-06-22" }, "geometry": { "type": "MultiLineString", "coordinates": [ [ [ -62.458703399999983, -9.560784099690515 ], [ -62.4616178, -9.551867899690805 ], [ -62.461339399999986, -9.544962299691036 ], [ -62.4597483, -9.540931199691141 ], [ -62.450345500000026, -9.530268299691464 ], [ -62.4471676, -9.523356099691705 ], [ -62.438099599999987, -9.485936499692839 ], [ -62.43811520000002, -9.477877999693087 ], [ -62.439717400000013, -9.473420199693274 ], [ -62.446538, -9.466955199693428 ], [ -62.4465568, -9.456885699693755 ], [ -62.447865200000024, -9.45329119969391 ], [ -62.452073, -9.450131199693965 ], [ -62.457581399999974, -9.449711699694017 ], [ -62.460190800000014, -9.447986699694043 ], [ -62.46033970000002, -9.445831099694136 ], [ -62.454415200000035, -9.434741599694448 ], [ -62.457028400000013, -9.423562099694845 ], [ -62.4573985, -9.421978699694874 ], [ -62.455326800000023, -9.410860899695191 ], [ -62.4559107, -9.407408599695318 ], [ -62.460553, -9.40309969969544 ], [ -62.473305900000014, -9.401105099695512 ], [ -62.490701, -9.394944499695699 ], [ -62.497662699999985, -9.39135899969583 ], [ -62.500703199999982, -9.386601499695956 ], [ -62.500798299999985, -9.386452799695935 ], [ -62.500799299999976, -9.386448699695986 ], [ -62.50283550000001, -9.37794209969622 ], [ -62.507162199999989, -9.373381599696399 ], [ -62.5072761, -9.373261599696361 ] ] ] } },
{ "type": "Feature", "properties": { "NUCOMPTREC": 27.972, "NUDISTBACT": 2372.592, "NUDISTCDAG": 0.0, "NUAREACONT": 190.2, "NUAREAMONT": 190.2, "NUDISTBACC": 2372.592, "NUAREABACC": 190.2, "NUCOMPCDA": 27.972, "Shape__Len": 0, "OBJECTID": 103945, "ID": 90279, "COTRECHO": 90279, "COCURSODAG": "4635298", "COBACIA": "4635298", "NOGENERICO": "Igarapé", "NOLIGACAO": null, "NOESPECIF": "Valparaíso", "NORIOCOMP": "Igarapé Valparaíso", "NOORIGINAL": "Igarapé Valparaíso", "COCDADESAG": "46352", "NUTRJUS": 90255, "NUORDEMCDA": 4, "NUNIVOTTO": 7, "NUNIVOTCDA": 7, "NUSTRAHLER": 1, "DEDOMINIAL": "Estadual", "DSVERSAO": "BHO bho_2017_v_01_05_50k de 2018-06-22" }, "geometry": { "type": "MultiLineString", "coordinates": [ [ [ -62.637897, -9.624475199688554 ], [ -62.642199699999985, -9.612426199688931 ], [ -62.6495393, -9.602487199689214 ], [ -62.6525148, -9.592061599689577 ], [ -62.6591904, -9.584012599689801 ], [ -62.6603543, -9.579843099689949 ], [ -62.660327600000016, -9.570280299690211 ], [ -62.6547958, -9.557553599690632 ], [ -62.6538114, -9.549038399690867 ], [ -62.653510200000028, -9.546433499690966 ], [ -62.6534654, -9.546237599690979 ], [ -62.645213399999989, -9.51019549969212 ], [ -62.642440599999986, -9.485337199692884 ], [ -62.642153899999968, -9.482765899692977 ], [ -62.6414593, -9.464693399693514 ], [ -62.6374765, -9.454691699693848 ], [ -62.6373954, -9.454487799693824 ], [ -62.636874299999981, -9.453178999693861 ], [ -62.6368854, -9.438834399694345 ], [ -62.6340014, -9.427323799694705 ], [ -62.615843400000017, -9.395580299695691 ], [ -62.611468699999989, -9.390923099695838 ], [ -62.6108994, -9.390316899695863 ] ] ] } },
{ "type": "Feature", "properties": { "NUCOMPTREC": 13.383, "NUDISTBACT": 2372.592, "NUDISTCDAG": 291.103, "NUAREACONT": 82.827, "NUAREAMONT": 394.407, "NUDISTBACC": 2081.489, "NUAREABACC": 11089.102, "NUCOMPCDA": 327.584, "Shape__Len": 0, "OBJECTID": 103946, "ID": 90280, "COTRECHO": 90280, "COCURSODAG": "46352", "COBACIA": "46352991", "NOGENERICO": "Rio", "NOLIGACAO": null, "NOESPECIF": "Preto", "NORIOCOMP": "Rio Preto", "NOORIGINAL": "Rio Preto", "COCDADESAG": "46", "NUTRJUS": 90255, "NUORDEMCDA": 3, "NUNIVOTTO": 8, "NUNIVOTCDA": 5, "NUSTRAHLER": 2, "DEDOMINIAL": "Estadual", "DSVERSAO": "BHO bho_2017_v_01_05_50k de 2018-06-22" }, "geometry": { "type": "MultiLineString", "coordinates": [ [ [ -62.591650599999973, -9.499282699692433 ], [ -62.5879461, -9.487013799692825 ], [ -62.587546299999971, -9.481485499693024 ], [ -62.5873588, -9.478893199693099 ], [ -62.59043, -9.473061499693236 ], [ -62.605661800000014, -9.456245799693766 ], [ -62.614813500000011, -9.437696799694393 ], [ -62.615622299999984, -9.428993299694646 ], [ -62.607466100000018, -9.402439299695489 ], [ -62.6103887, -9.392120099695786 ], [ -62.610560899999982, -9.391512099695795 ], [ -62.6108994, -9.390316899695863 ] ] ] } },
{ "type": "Feature", "properties": { "NUCOMPTREC": 29.209, "NUDISTBACT": 2397.323, "NUDISTCDAG": 0.0, "NUAREACONT": 262.83, "NUAREAMONT": 262.83, "NUDISTBACC": 2397.323, "NUAREABACC": 262.83, "NUCOMPCDA": 29.209, "Shape__Len": 0, "OBJECTID": 103956, "ID": 90986, "COTRECHO": 90986, "COCURSODAG": "4636274", "COBACIA": "4636274", "NOGENERICO": "Igarapé", "NOLIGACAO": null, "NOESPECIF": "Belo Horizonte", "NORIOCOMP": "Igarapé Belo Horizonte", "NOORIGINAL": "Igarapé Belo Horizonte", "COCDADESAG": "46362", "NUTRJUS": 90981, "NUORDEMCDA": 5, "NUNIVOTTO": 7, "NUNIVOTCDA": 7, "NUSTRAHLER": 1, "DEDOMINIAL": "Estadual", "DSVERSAO": "BHO bho_2017_v_01_05_50k de 2018-06-22" }, "geometry": { "type": "MultiLineString", "coordinates": [ [ [ -63.82765608188982, -9.410094073367558 ], [ -63.8196511, -9.410113799695203 ], [ -63.816317200000015, -9.408968699695267 ], [ -63.8118121, -9.403948699695421 ], [ -63.805292599999973, -9.403099799695458 ], [ -63.802675899999983, -9.400515399695548 ], [ -63.800192499999973, -9.392035299695765 ], [ -63.795753638026099, -9.3837829026359 ] ] ] } },
{ "type": "Feature", "properties": { "NUCOMPTREC": 13.179, "NUDISTBACT": 2417.913, "NUDISTCDAG": 9.896, "NUAREACONT": 104.183, "NUAREAMONT": 454.837, "NUDISTBACC": 2408.016, "NUAREABACC": 556.491, "NUCOMPCDA": 59.44, "Shape__Len": 0, "OBJECTID": 103957, "ID": 90293, "COTRECHO": 90293, "COCURSODAG": "4636276", "COBACIA": "46362763", "NOGENERICO": "Igarapé", "NOLIGACAO": "da", "NOESPECIF": "Ambição", "NORIOCOMP": "Igarapé da Ambição", "NOORIGINAL": "Igarapé da Ambição", "COCDADESAG": "46362", "NUTRJUS": 90137, "NUORDEMCDA": 5, "NUNIVOTTO": 8, "NUNIVOTCDA": 7, "NUSTRAHLER": 2, "DEDOMINIAL": "Estadual", "DSVERSAO": "BHO bho_2017_v_01_05_50k de 2018-06-22" }, "geometry": { "type": "MultiLineString", "coordinates": [ [ [ -63.786532399999984, -9.563742599690453 ], [ -63.7872802, -9.549643599690903 ], [ -63.7874284, -9.546848099690941 ], [ -63.7895345, -9.537934099691222 ], [ -63.79227730000003, -9.533180699691394 ], [ -63.79139559999998, -9.527858999691539 ], [ -63.7855672, -9.514922899691935 ], [ -63.78526549999998, -9.510612199692121 ], [ -63.792456, -9.487000899692836 ], [ -63.801701799999989, -9.468569499693409 ], [ -63.802527199999986, -9.466923599693427 ], [ -63.803545499999984, -9.459494599693715 ], [ -63.8057963, -9.45546989969383 ], [ -63.805863600000016, -9.455349599693797 ], [ -63.8072727, -9.452829599693873 ] ] ] } },
{ "type": "Feature", "properties": { "NUCOMPTREC": 23.268, "NUDISTBACT": 2477.284, "NUDISTCDAG": 0.0, "NUAREACONT": 125.127, "NUAREAMONT": 125.127, "NUDISTBACC": 2477.284, "NUAREABACC": 125.127, "NUCOMPCDA": 23.268, "Shape__Len": 0, "OBJECTID": 103958, "ID": 91156, "COTRECHO": 91156, "COCURSODAG": "4636934", "COBACIA": "4636934", "NOGENERICO": null, "NOLIGACAO": null, "NOESPECIF": null, "NORIOCOMP": null, "NOORIGINAL": null, "COCDADESAG": "4636", "NUTRJUS": 91154, "NUORDEMCDA": 4, "NUNIVOTTO": 7, "NUNIVOTCDA": 7, "NUSTRAHLER": 1, "DEDOMINIAL": "Estadual", "DSVERSAO": "BHO bho_2017_v_01_05_50k de 2018-06-22" }, "geometry": { "type": "MultiLineString", "coordinates": [ [ [ -63.417683599999975, -10.234574299669651 ], [ -63.378304300000032, -10.22123989967004 ], [ -63.367848, -10.219381099670111 ], [ -63.3585513, -10.221261599670036 ], [ -63.338516700000014, -10.229770599669779 ], [ -63.330677200000018, -10.231648499669722 ], [ -63.3247227, -10.230502899669734 ], [ -63.319053699999976, -10.22720069966989 ], [ -63.3065641, -10.230376299669743 ], [ -63.3006097, -10.228800699669828 ], [ -63.294212399999985, -10.224055099669933 ], [ -63.285354499999983, -10.223636799669983 ], [ -63.2760539, -10.220621299670066 ], [ -63.260066400000035, -10.206678499670506 ], [ -63.245148700000023, -10.207320299670466 ], [ -63.244220199999972, -10.207360199670443 ], [ -63.2362473, -10.201227999670678 ], [ -63.223118199999981, -10.196477299670844 ], [ -63.222369399999984, -10.196206299670784 ] ] ] } },
{ "type": "Feature", "properties": { "NUCOMPTREC": 31.014, "NUDISTBACT": 2422.468, "NUDISTCDAG": 0.0, "NUAREACONT": 167.043, "NUAREAMONT": 167.043, "NUDISTBACC": 2422.468, "NUAREABACC": 167.043, "NUCOMPCDA": 31.014, "Shape__Len": 0, "OBJECTID": 103959, "ID": 91031, "COTRECHO": 91031, "COCURSODAG": "4636278", "COBACIA": "4636278", "NOGENERICO": null, "NOLIGACAO": null, "NOESPECIF": null, "NORIOCOMP": null, "NOORIGINAL": null, "COCDADESAG": "46362", "NUTRJUS": 91014, "NUORDEMCDA": 5, "NUNIVOTTO": 7, "NUNIVOTCDA": 7, "NUSTRAHLER": 1, "DEDOMINIAL": "Estadual", "DSVERSAO": "BHO bho_2017_v_01_05_50k de 2018-06-22" }, "geometry": { "type": "MultiLineString", "coordinates": [ [ [ -63.7344653, -9.633488199688248 ], [ -63.7281214, -9.642683899687992 ], [ -63.719011899999984, -9.645862299687865 ], [ -63.7149602, -9.645391199687904 ], [ -63.705022900000024, -9.64018999968807 ], [ -63.693689399999982, -9.626831599688481 ], [ -63.666688599999979, -9.611203799688964 ], [ -63.6650902, -9.608761599689013 ], [ -63.66537240000001, -9.604878199689125 ], [ -63.668409, -9.600267699689317 ], [ -63.681142500000021, -9.58815529968966 ], [ -63.688089199999979, -9.583967499689841 ], [ -63.702291600000017, -9.581348499689883 ], [ -63.7046032, -9.578036299690002 ], [ -63.7038594, -9.568543499690259 ], [ -63.7067316, -9.556447799690664 ], [ -63.70322979999996, -9.546096599690992 ], [ -63.7068309, -9.535155999691298 ], [ -63.706090899999985, -9.527819299691535 ], [ -63.7096881, -9.51587079969195 ], [ -63.702569700000026, -9.507108499692222 ], [ -63.7057358, -9.496023499692537 ], [ -63.701654099999978, -9.485672399692865 ], [ -63.706117399999989, -9.471564999693307 ], [ -63.7055335, -9.469119399693401 ], [ -63.698564, -9.462517099693606 ], [ -63.6978318, -9.459208799693688 ], [ -63.699998400000013, -9.456037699693825 ], [ -63.7029139, -9.454590199693826 ], [ -63.704679, -9.453713799693869 ] ] ] } },
{ "type": "Feature", "properties": { "NUCOMPTREC": 30.207, "NUDISTBACT": 2422.468, "NUDISTCDAG": 202.629, "NUAREACONT": 88.993, "NUAREAMONT": 5633.324, "NUDISTBACC": 2219.839, "NUAREABACC": 13132.064, "NUCOMPCDA": 435.326, "Shape__Len": 0, "OBJECTID": 103960, "ID": 91025, "COTRECHO": 91025, "COCURSODAG": "46362", "COBACIA": "46362791", "NOGENERICO": "Rio", "NOLIGACAO": null, "NOESPECIF": "Candeias", "NORIOCOMP": "Rio Candeias", "NOORIGINAL": "Rio Candeias", "COCDADESAG": "4636", "NUTRJUS": 91014, "NUORDEMCDA": 4, "NUNIVOTTO": 8, "NUNIVOTCDA": 5, "NUSTRAHLER": 4, "DEDOMINIAL": "Estadual", "DSVERSAO": "BHO bho_2017_v_01_05_50k de 2018-06-22" }, "geometry": { "type": "MultiLineString", "coordinates": [ [ [ -63.584167799999989, -9.442212899694246 ], [ -63.5844462, -9.437046799694407 ], [ -63.575424399999982, -9.426018999694728 ], [ -63.575416599999969, -9.421124999694893 ], [ -63.578884300000013, -9.416804999695033 ], [ -63.582649399999987, -9.416222199695031 ], [ -63.584671099999973, -9.411038799695184 ], [ -63.58886780000001, -9.408443799695272 ], [ -63.5933612, -9.411170399695198 ], [ -63.598740099999979, -9.420653799694927 ], [ -63.602066200000024, -9.417337699695024 ], [ -63.6101802, -9.417898199695005 ], [ -63.616112499999986, -9.414144799695071 ], [ -63.620171500000026, -9.414714799695108 ], [ -63.622780400000018, -9.416867699695027 ], [ -63.6232193, -9.41916989969493 ], [ -63.621212599999971, -9.429102199694634 ], [ -63.6242605, -9.43240219969455 ], [ -63.629906600000034, -9.430237199694638 ], [ -63.634812099999976, -9.420154899694916 ], [ -63.6400233, -9.417987099694983 ], [ -63.642056599999982, -9.420140299694921 ], [ -63.642224399999982, -9.430789399694561 ], [ -63.656853500000011, -9.430613799694594 ], [ -63.659913, -9.437800999694343 ], [ -63.6641169, -9.439373299694319 ], [ -63.672230800000015, -9.438928199694347 ], [ -63.674542599999988, -9.436475999694435 ], [ -63.674538700000028, -9.434465899694493 ], [ -63.6637963, -9.424128699694768 ], [ -63.663793, -9.42268869969482 ], [ -63.6669741, -9.420378599694901 ], [ -63.673642500000035, -9.420653599694891 ], [ -63.683774299999989, -9.416603099695001 ], [ -63.686383700000029, -9.418037399694985 ], [ -63.689309400000013, -9.431268099694579 ], [ -63.69264720000001, -9.432553699694559 ], [ -63.6991589, -9.429663099694652 ], [ -63.7017722, -9.432104199694574 ], [ -63.704679, -9.453713799693869 ] ] ] } },
{ "type": "Feature", "properties": { "NUCOMPTREC": 24.587, "NUDISTBACT": 2452.675, "NUDISTCDAG": 0.0, "NUAREACONT": 121.535, "NUAREAMONT": 121.535, "NUDISTBACC": 2452.675, "NUAREABACC": 121.535, "NUCOMPCDA": 24.587, "Shape__Len": 0, "OBJECTID": 103961, "ID": 91001, "COTRECHO": 91001, "COCURSODAG": "46362792", "COBACIA": "46362792", "NOGENERICO": "Igarapé", "NOLIGACAO": null, "NOESPECIF": "Pinotes", "NORIOCOMP": "Igarapé Pinotes", "NOORIGINAL": "Igarapé Pinotes", "COCDADESAG": "46362", "NUTRJUS": 91025, "NUORDEMCDA": 5, "NUNIVOTTO": 8, "NUNIVOTCDA": 8, "NUSTRAHLER": 1, "DEDOMINIAL": "Estadual", "DSVERSAO": "BHO bho_2017_v_01_05_50k de 2018-06-22" }, "geometry": { "type": "MultiLineString", "coordinates": [ [ [ -63.664376699999984, -9.560276299690548 ], [ -63.666109, -9.558746299690593 ], [ -63.675409, -9.556813499690646 ], [ -63.6805091, -9.551830599690822 ], [ -63.6823096, -9.547520599690923 ], [ -63.6828707, -9.539606099691202 ], [ -63.678510099999983, -9.532283799691429 ], [ -63.6448681, -9.523572699691687 ], [ -63.637914099999989, -9.525164399691642 ], [ -63.625176300000028, -9.53209899969144 ], [ -63.617928399999975, -9.531102299691451 ], [ -63.6054694, -9.533430099691362 ], [ -63.601696600000025, -9.532428999691399 ], [ -63.59400260000001, -9.523955699691671 ], [ -63.589336899999964, -9.51015279969212 ], [ -63.58294740000003, -9.500522799692401 ], [ -63.583519599999988, -9.496924399692535 ], [ -63.59030580000001, -9.483967599692949 ], [ -63.5913091, -9.47821309969312 ], [ -63.58751740000001, -9.465124799693521 ], [ -63.591564600000012, -9.457782499693749 ], [ -63.5914118, -9.454617999693825 ], [ -63.5841789, -9.442231799694223 ], [ -63.584167799999989, -9.442212899694246 ] ] ] } },
{ "type": "Feature", "properties": { "NUCOMPTREC": 6.225, "NUDISTBACT": 2452.675, "NUDISTCDAG": 232.836, "NUAREACONT": 24.554, "NUAREAMONT": 5422.796, "NUDISTBACC": 2219.839, "NUAREABACC": 13132.064, "NUCOMPCDA": 435.326, "Shape__Len": 0, "OBJECTID": 103962, "ID": 91015, "COTRECHO": 91015, "COCURSODAG": "46362", "COBACIA": "46362793", "NOGENERICO": "Rio", "NOLIGACAO": null, "NOESPECIF": "Candeias", "NORIOCOMP": "Rio Candeias", "NOORIGINAL": "Rio Candeias", "COCDADESAG": "4636", "NUTRJUS": 91025, "NUORDEMCDA": 4, "NUNIVOTTO": 8, "NUNIVOTCDA": 5, "NUSTRAHLER": 4, "DEDOMINIAL": "Estadual", "DSVERSAO": "BHO bho_2017_v_01_05_50k de 2018-06-22" }, "geometry": { "type": "MultiLineString", "coordinates": [ [ [ -63.561534900000019, -9.446708599694107 ], [ -63.563866, -9.444882999694137 ], [ -63.565448800000013, -9.439700699694317 ], [ -63.557334799999978, -9.438134699694331 ], [ -63.555881399999983, -9.434684599694494 ], [ -63.560074199999974, -9.430070699694584 ], [ -63.566448200000025, -9.430060599694603 ], [ -63.570801, -9.433074599694521 ], [ -63.5780606, -9.441693999694229 ], [ -63.582119499999976, -9.443268499694188 ], [ -63.583657, -9.442476099694236 ], [ -63.584062599999967, -9.442267199694243 ], [ -63.584167799999989, -9.442212899694246 ] ] ] } },
{ "type": "Feature", "properties": { "NUCOMPTREC": 27.916, "NUDISTBACT": 2458.9, "NUDISTCDAG": 0.0, "NUAREACONT": 143.819, "NUAREAMONT": 143.819, "NUDISTBACC": 2458.9, "NUAREABACC": 143.819, "NUCOMPCDA": 27.916, "Shape__Len": 0, "OBJECTID": 103963, "ID": 91022, "COTRECHO": 91022, "COCURSODAG": "46362794", "COBACIA": "46362794", "NOGENERICO": null, "NOLIGACAO": null, "NOESPECIF": null, "NORIOCOMP": null, "NOORIGINAL": null, "COCDADESAG": "46362", "NUTRJUS": 91015, "NUORDEMCDA": 5, "NUNIVOTTO": 8, "NUNIVOTCDA": 8, "NUSTRAHLER": 1, "DEDOMINIAL": "Estadual", "DSVERSAO": "BHO bho_2017_v_01_05_50k de 2018-06-22" }, "geometry": { "type": "MultiLineString", "coordinates": [ [ [ -63.436744200000021, -9.636321299688202 ], [ -63.4459837, -9.620716199688669 ], [ -63.4483598, -9.611278899688958 ], [ -63.448058600000032, -9.604228299689179 ], [ -63.443118599999984, -9.594019899689476 ], [ -63.445281299999984, -9.586678799689739 ], [ -63.450927499999977, -9.581203699689896 ], [ -63.476425, -9.570087999690235 ], [ -63.485405, -9.564177399690427 ], [ -63.490180599999981, -9.558558999690602 ], [ -63.505210700000021, -9.531200999691462 ], [ -63.512145700000026, -9.515940299691959 ], [ -63.516326799999987, -9.502122399692379 ], [ -63.525718499999982, -9.483118899692975 ], [ -63.5290452, -9.478649999693113 ], [ -63.540050300000019, -9.474029399693245 ], [ -63.539451400000026, -9.463093699693566 ], [ -63.542919199999979, -9.455033099693818 ], [ -63.552917599999986, -9.455161999693805 ], [ -63.5572548, -9.44910969969402 ], [ -63.5603785, -9.447357299694101 ], [ -63.561534900000019, -9.446708599694107 ] ] ] } },
{ "type": "Feature", "properties": { "NUCOMPTREC": 20.951, "NUDISTBACT": 2458.9, "NUDISTCDAG": 239.061, "NUAREACONT": 73.814, "NUAREAMONT": 5254.423, "NUDISTBACC": 2219.839, "NUAREABACC": 13132.064, "NUCOMPCDA": 435.326, "Shape__Len": 0, "OBJECTID": 103964, "ID": 91053, "COTRECHO": 91053, "COCURSODAG": "46362", "COBACIA": "46362795", "NOGENERICO": "Rio", "NOLIGACAO": null, "NOESPECIF": "Candeias", "NORIOCOMP": "Rio Candeias", "NOORIGINAL": "Rio Candeias", "COCDADESAG": "4636", "NUTRJUS": 91015, "NUORDEMCDA": 4, "NUNIVOTTO": 8, "NUNIVOTCDA": 5, "NUSTRAHLER": 4, "DEDOMINIAL": "Estadual", "DSVERSAO": "BHO bho_2017_v_01_05_50k de 2018-06-22" }, "geometry": { "type": "MultiLineString", "coordinates": [ [ [ -63.5653385, -9.563353799690455 ], [ -63.565781300000019, -9.560465399690536 ], [ -63.5617335, -9.552926499690791 ], [ -63.5628746, -9.542566399691099 ], [ -63.560989600000035, -9.54084309969117 ], [ -63.55939510000001, -9.541997499691099 ], [ -63.558681799999988, -9.54847199969092 ], [ -63.5544817, -9.551355999690822 ], [ -63.549839500000019, -9.548052099690944 ], [ -63.5486722, -9.543024199691084 ], [ -63.5488095, -9.53899429969122 ], [ -63.5527078, -9.530210799691517 ], [ -63.560970600000019, -9.531060299691445 ], [ -63.562416799999987, -9.529045299691523 ], [ -63.56152, -9.513220099692035 ], [ -63.5593417, -9.511498399692053 ], [ -63.5525288, -9.510360199692085 ], [ -63.549625400000025, -9.506048499692252 ], [ -63.5529522, -9.501149999692393 ], [ -63.567139, -9.493357699692618 ], [ -63.569885600000021, -9.489614399692741 ], [ -63.568138299999987, -9.485012699692927 ], [ -63.557846600000012, -9.484167199692912 ], [ -63.555523199999968, -9.480432699693022 ], [ -63.554642100000024, -9.472804899693301 ], [ -63.561008800000025, -9.468623699693433 ], [ -63.5586743, -9.458989199693715 ], [ -63.561197300000011, -9.448157699694068 ], [ -63.561534900000019, -9.446708599694107 ] ] ] } },
{ "type": "Feature", "properties": { "NUCOMPTREC": 16.048, "NUDISTBACT": 2491.167, "NUDISTCDAG": 1.201, "NUAREACONT": 138.155, "NUAREAMONT": 321.976, "NUDISTBACC": 2489.965, "NUAREABACC": 396.831, "NUCOMPCDA": 34.171, "Shape__Len": 0, "OBJECTID": 103965, "ID": 91056, "COTRECHO": 91056, "COCURSODAG": "4636282", "COBACIA": "46362823", "NOGENERICO": null, "NOLIGACAO": null, "NOESPECIF": null, "NORIOCOMP": null, "NOORIGINAL": null, "COCDADESAG": "463628", "NUTRJUS": 7617, "NUORDEMCDA": 6, "NUNIVOTTO": 8, "NUNIVOTCDA": 7, "NUSTRAHLER": 2, "DEDOMINIAL": "Estadual", "DSVERSAO": "BHO bho_2017_v_01_05_50k de 2018-06-22" }, "geometry": { "type": "MultiLineString", "coordinates": [ [ [ -63.486835499999977, -9.741142899684929 ], [ -63.496673900000012, -9.733503499685145 ], [ -63.519299199999963, -9.734908999685128 ], [ -63.526692, -9.733027299685173 ], [ -63.53291369999998, -9.723951099685483 ], [ -63.539277099999978, -9.712434399685819 ], [ -63.5415771, -9.699477599686237 ], [ -63.535755900000019, -9.687116399686571 ], [ -63.534584699999989, -9.681363599686774 ], [ -63.5364614, -9.676180199686911 ], [ -63.541817499999979, -9.670703499687102 ], [ -63.543541399999974, -9.659193399687446 ], [ -63.5494689, -9.642622599687963 ], [ -63.55023640000001, -9.640476599688045 ] ] ] } },
{ "type": "Feature", "properties": { "NUCOMPTREC": 17.892, "NUDISTBACT": 2507.215, "NUDISTCDAG": 0.0, "NUAREACONT": 60.767, "NUAREAMONT": 60.767, "NUDISTBACC": 2507.215, "NUAREABACC": 60.767, "NUCOMPCDA": 17.892, "Shape__Len": 0, "OBJECTID": 103966, "ID": 77542, "COTRECHO": 77542, "COCURSODAG": "46362824", "COBACIA": "46362824", "NOGENERICO": null, "NOLIGACAO": null, "NOESPECIF": null, "NORIOCOMP": null, "NOORIGINAL": null, "COCDADESAG": "4636282", "NUTRJUS": 91056, "NUORDEMCDA": 7, "NUNIVOTTO": 8, "NUNIVOTCDA": 8, "NUSTRAHLER": 1, "DEDOMINIAL": "Estadual", "DSVERSAO": "BHO bho_2017_v_01_05_50k de 2018-06-22" }, "geometry": { "type": "MultiLineString", "coordinates": [ [ [ -63.445526700000016, -9.877017399680701 ], [ -63.434448200000013, -9.853428899681417 ], [ -63.4357681, -9.849982299681558 ], [ -63.467220600000012, -9.827640299682226 ], [ -63.4731562, -9.8213018996824 ], [ -63.4763418, -9.815541799682608 ], [ -63.4816634, -9.783305499683602 ], [ -63.480167699999967, -9.753381999684533 ], [ -63.481033799999963, -9.748777499684705 ], [ -63.485071300000016, -9.743464699684859 ], [ -63.486835499999977, -9.741142899684929 ] ] ] } },
{ "type": "Feature", "properties": { "NUCOMPTREC": 12.929, "NUDISTBACT": 2511.265, "NUDISTCDAG": 0.0, "NUAREACONT": 50.553, "NUAREAMONT": 50.553, "NUDISTBACC": 2511.265, "NUAREABACC": 50.553, "NUCOMPCDA": 12.929, "Shape__Len": 0, "OBJECTID": 103967, "ID": 77726, "COTRECHO": 77726, "COCURSODAG": "46362826", "COBACIA": "46362826", "NOGENERICO": null, "NOLIGACAO": null, "NOESPECIF": null, "NORIOCOMP": null, "NOORIGINAL": null, "COCDADESAG": "4636282", "NUTRJUS": 77225, "NUORDEMCDA": 7, "NUNIVOTTO": 8, "NUNIVOTCDA": 8, "NUSTRAHLER": 1, "DEDOMINIAL": "Estadual", "DSVERSAO": "BHO bho_2017_v_01_05_50k de 2018-06-22" }, "geometry": { "type": "MultiLineString", "coordinates": [ [ [ -63.420825799999974, -9.848851099681561 ], [ -63.423705799999986, -9.832589899682093 ], [ -63.427326400000027, -9.827549899682245 ], [ -63.4381942, -9.818757599682531 ], [ -63.441234800000011, -9.81386419968268 ], [ -63.4416503, -9.800625199683084 ], [ -63.4348029, -9.776176699683841 ], [ -63.4358024, -9.764663299684193 ], [ -63.441302899999975, -9.75660159968446 ], [ -63.4505836, -9.750012399684653 ], [ -63.452320199999967, -9.74877919968467 ] ] ] } },
{ "type": "Feature", "properties": { "NUCOMPTREC": 15.224, "NUDISTBACT": 2489.965, "NUDISTCDAG": 10.115, "NUAREACONT": 54.869, "NUAREAMONT": 772.341, "NUDISTBACC": 2479.851, "NUAREABACC": 1225.574, "NUCOMPCDA": 88.331, "Shape__Len": 0, "OBJECTID": 103968, "ID": 90977, "COTRECHO": 90977, "COCURSODAG": "463628", "COBACIA": "4636283", "NOGENERICO": "Igarapé", "NOLIGACAO": null, "NOESPECIF": "Santa Cruz", "NORIOCOMP": "Igarapé Santa Cruz", "NOORIGINAL": "Igarapé Santa Cruz", "COCDADESAG": "46362", "NUTRJUS": 91054, "NUORDEMCDA": 5, "NUNIVOTTO": 7, "NUNIVOTCDA": 6, "NUSTRAHLER": 2, "DEDOMINIAL": "Estadual", "DSVERSAO": "BHO bho_2017_v_01_05_50k de 2018-06-22" }, "geometry": { "type": "MultiLineString", "coordinates": [ [ [ -63.56670470000001, -9.756590599684419 ], [ -63.565247399999976, -9.742099399684868 ], [ -63.571305600000024, -9.715510199685697 ], [ -63.571515200000022, -9.714590399685759 ], [ -63.5742235, -9.695242499686357 ], [ -63.5749634, -9.658354999687464 ], [ -63.571606599999981, -9.645269299687904 ], [ -63.566082699999981, -9.637654299688144 ], [ -63.555384899999964, -9.63122909968833 ], [ -63.554077600000028, -9.630443699688357 ] ] ] } },
{ "type": "Feature", "properties": { "NUCOMPTREC": 16.518, "NUDISTBACT": 2545.519, "NUDISTCDAG": 0.0, "NUAREACONT": 127.849, "NUAREAMONT": 399.554, "NUDISTBACC": 2545.519, "NUAREABACC": 399.554, "NUCOMPCDA": 44.629, "Shape__Len": 0, "OBJECTID": 103969, "ID": 91037, "COTRECHO": 91037, "COCURSODAG": "4636292", "COBACIA": "46362921", "NOGENERICO": null, "NOLIGACAO": null, "NOESPECIF": null, "NORIOCOMP": null, "NOORIGINAL": null, "COCDADESAG": "46362", "NUTRJUS": 91036, "NUORDEMCDA": 5, "NUNIVOTTO": 8, "NUNIVOTCDA": 7, "NUSTRAHLER": 2, "DEDOMINIAL": "Estadual", "DSVERSAO": "BHO bho_2017_v_01_05_50k de 2018-06-22" }, "geometry": { "type": "MultiLineString", "coordinates": [ [ [ -63.8069274, -10.082847099674293 ], [ -63.804531800000014, -10.078782699674425 ], [ -63.8085752, -10.069853099674715 ], [ -63.807716799999987, -10.063825899674889 ], [ -63.80389450000002, -10.056340299675133 ], [ -63.807076199999983, -10.050002499675347 ], [ -63.806919499999985, -10.046550799675416 ], [ -63.80095330000001, -10.03965959967565 ], [ -63.8007778, -10.035544599675758 ], [ -63.806145, -10.026125099676079 ], [ -63.811104399999984, -10.005597199676732 ], [ -63.8076138, -9.999672699676925 ], [ -63.8024487, -9.996783299676991 ], [ -63.79170640000001, -9.997381099676954 ], [ -63.78648029999998, -9.995814399676984 ], [ -63.779922399999975, -9.985612699677318 ], [ -63.7710573, -9.980740399677485 ], [ -63.768789200000022, -9.976704099677599 ], [ -63.768604, -9.976374299677593 ], [ -63.762188900000012, -9.978982699677559 ], [ -63.761695499999966, -9.979183199677555 ] ] ] } },
{ "type": "Feature", "properties": { "NUCOMPTREC": 17.131, "NUDISTBACT": 2562.037, "NUDISTCDAG": 0.0, "NUAREACONT": 100.736, "NUAREAMONT": 100.736, "NUDISTBACC": 2562.037, "NUAREABACC": 100.736, "NUCOMPCDA": 17.131, "Shape__Len": 0, "OBJECTID": 103970, "ID": 91038, "COTRECHO": 91038, "COCURSODAG": "46362922", "COBACIA": "46362922", "NOGENERICO": null, "NOLIGACAO": null, "NOESPECIF": null, "NORIOCOMP": null, "NOORIGINAL": null, "COCDADESAG": "4636292", "NUTRJUS": 91037, "NUORDEMCDA": 6, "NUNIVOTTO": 8, "NUNIVOTCDA": 8, "NUSTRAHLER": 1, "DEDOMINIAL": "Estadual", "DSVERSAO": "BHO bho_2017_v_01_05_50k de 2018-06-22" }, "geometry": { "type": "MultiLineString", "coordinates": [ [ [ -63.888444600000014, -10.187195899671117 ], [ -63.88159730000001, -10.179589199671334 ], [ -63.8738649, -10.165510799671756 ], [ -63.865152, -10.136017199672711 ], [ -63.85340630000001, -10.116359399673309 ], [ -63.8487328, -10.105002699673632 ], [ -63.847653299999976, -10.087650399674146 ], [ -63.8422405, -10.08641919967423 ], [ -63.8343249, -10.091806599674033 ], [ -63.8192219, -10.089394899674128 ], [ -63.809073599999962, -10.083990199674302 ], [ -63.8069274, -10.082847099674293 ] ] ] } },
{ "type": "Feature", "properties": { "NUCOMPTREC": 28.111, "NUDISTBACT": 2562.037, "NUDISTCDAG": 16.518, "NUAREACONT": 170.969, "NUAREAMONT": 170.969, "NUDISTBACC": 2545.519, "NUAREABACC": 399.554, "NUCOMPCDA": 44.629, "Shape__Len": 0, "OBJECTID": 103971, "ID": 91040, "COTRECHO": 91040, "COCURSODAG": "4636292", "COBACIA": "46362923", "NOGENERICO": null, "NOLIGACAO": null, "NOESPECIF": null, "NORIOCOMP": null, "NOORIGINAL": null, "COCDADESAG": "46362", "NUTRJUS": 91037, "NUORDEMCDA": 5, "NUNIVOTTO": 8, "NUNIVOTCDA": 7, "NUSTRAHLER": 1, "DEDOMINIAL": "Estadual", "DSVERSAO": "BHO bho_2017_v_01_05_50k de 2018-06-22" }, "geometry": { "type": "MultiLineString", "coordinates": [ [ [ -63.84111560000003, -10.307880199667373 ], [ -63.8391817, -10.290477199667899 ], [ -63.832326599999988, -10.278983799668254 ], [ -63.835778800000014, -10.266316099668639 ], [ -63.835614899999989, -10.258259299668913 ], [ -63.823933599999975, -10.232965799669666 ], [ -63.8188068, -10.216864599670179 ], [ -63.8183262, -10.198306199670744 ], [ -63.8291673, -10.177131499671383 ], [ -63.8303118, -10.169647099671657 ], [ -63.825207799999987, -10.161893699671882 ], [ -63.811532100000022, -10.151855299672208 ], [ -63.805855399999977, -10.145681399672373 ], [ -63.805848099999977, -10.142659699672489 ], [ -63.812661, -10.138616399672598 ], [ -63.8156977, -10.132710199672795 ], [ -63.810723100000018, -10.11747239967325 ], [ -63.813904799999989, -10.112282299673403 ], [ -63.8138209, -10.106544999673567 ], [ -63.808483500000023, -10.092299899674025 ], [ -63.807741799999967, -10.087794599674156 ], [ -63.8074926, -10.086280899674232 ], [ -63.8069274, -10.082847099674293 ] ] ] } },
{ "type": "Feature", "properties": { "NUCOMPTREC": 22.668, "NUDISTBACT": 2559.562, "NUDISTCDAG": 0.0, "NUAREACONT": 81.159, "NUAREAMONT": 81.159, "NUDISTBACC": 2559.562, "NUAREABACC": 81.159, "NUCOMPCDA": 22.668, "Shape__Len": 0, "OBJECTID": 103972, "ID": 91045, "COTRECHO": 91045, "COCURSODAG": "46362932", "COBACIA": "46362932", "NOGENERICO": "Igarapé", "NOLIGACAO": null, "NOESPECIF": "São Domingos", "NORIOCOMP": "Igarapé São Domingos", "NOORIGINAL": "Igarapé São Domingos", "COCDADESAG": "46362", "NUTRJUS": 91042, "NUORDEMCDA": 5, "NUNIVOTTO": 8, "NUNIVOTCDA": 8, "NUSTRAHLER": 1, "DEDOMINIAL": "Estadual", "DSVERSAO": "BHO bho_2017_v_01_05_50k de 2018-06-22" }, "geometry": { "type": "MultiLineString", "coordinates": [ [ [ -63.7942251, -10.276366699668317 ], [ -63.79589170000002, -10.24601039966926 ], [ -63.7878543, -10.225311499669893 ], [ -63.7863815, -10.217258599670149 ], [ -63.787514199999976, -10.203733499670582 ], [ -63.793064800000025, -10.192284499670965 ], [ -63.793148700000017, -10.186545599671101 ], [ -63.7822119, -10.172673399671551 ], [ -63.776661199999978, -10.159021599671973 ], [ -63.7758716, -10.122140799673126 ], [ -63.767673699999982, -10.104226799673654 ], [ -63.7671103, -10.090804199674055 ], [ -63.7668076, -10.083589999674308 ] ] ] } },
{ "type": "Feature", "properties": { "NUCOMPTREC": 14.257, "NUDISTBACT": 2580.819, "NUDISTCDAG": 0.0, "NUAREACONT": 115.881, "NUAREAMONT": 432.878, "NUDISTBACC": 2580.819, "NUAREABACC": 432.878, "NUCOMPCDA": 39.09, "Shape__Len": 0, "OBJECTID": 103973, "ID": 91048, "COTRECHO": 91048, "COCURSODAG": "4636294", "COBACIA": "46362941", "NOGENERICO": "Igarapé", "NOLIGACAO": null, "NOESPECIF": "Grande", "NORIOCOMP": "Igarapé Grande", "NOORIGINAL": "Igarapé Grande", "COCDADESAG": "46362", "NUTRJUS": 91047, "NUORDEMCDA": 5, "NUNIVOTTO": 8, "NUNIVOTCDA": 7, "NUSTRAHLER": 2, "DEDOMINIAL": "Estadual", "DSVERSAO": "BHO bho_2017_v_01_05_50k de 2018-06-22" }, "geometry": { "type": "MultiLineString", "coordinates": [ [ [ -63.611571700000013, -10.2784906996683 ], [ -63.6116718, -10.278520499668291 ], [ -63.615855599999968, -10.279766199668215 ], [ -63.6205018, -10.2784628996683 ], [ -63.63558519999998, -10.266492199668665 ], [ -63.6402314, -10.26432719966874 ], [ -63.669860500000027, -10.264554799668685 ], [ -63.672618899999961, -10.263543199668744 ], [ -63.684070599999984, -10.251866399669085 ], [ -63.695671300000022, -10.243212399669368 ], [ -63.702640700000025, -10.242480099669404 ], [ -63.712360699999969, -10.24424759966932 ], [ -63.713032, -10.244369599669346 ], [ -63.717277599999989, -10.244653499669338 ], [ -63.725915199999982, -10.242225599669375 ], [ -63.727547200000011, -10.24176669966943 ] ] ] } },
{ "type": "Feature", "properties": { "NUCOMPTREC": 15.037, "NUDISTBACT": 2595.076, "NUDISTCDAG": 0.0, "NUAREACONT": 122.699, "NUAREAMONT": 122.699, "NUDISTBACC": 2595.076, "NUAREABACC": 122.699, "NUCOMPCDA": 15.037, "Shape__Len": 0, "OBJECTID": 103974, "ID": 91051, "COTRECHO": 91051, "COCURSODAG": "46362942", "COBACIA": "46362942", "NOGENERICO": null, "NOLIGACAO": null, "NOESPECIF": null, "NORIOCOMP": null, "NOORIGINAL": null, "COCDADESAG": "4636294", "NUTRJUS": 91048, "NUORDEMCDA": 6, "NUNIVOTTO": 8, "NUNIVOTCDA": 8, "NUSTRAHLER": 1, "DEDOMINIAL": "Estadual", "DSVERSAO": "BHO bho_2017_v_01_05_50k de 2018-06-22" }, "geometry": { "type": "MultiLineString", "coordinates": [ [ [ -63.5245843, -10.326357899666805 ], [ -63.526457100000016, -10.318729499667045 ], [ -63.524382100000025, -10.292260999667848 ], [ -63.528727100000033, -10.28304649966816 ], [ -63.5372871, -10.275553099668388 ], [ -63.544252700000023, -10.272087499668471 ], [ -63.5692279, -10.266581299668633 ], [ -63.578242499999988, -10.271600199668523 ], [ -63.587828699999989, -10.269568999668545 ], [ -63.596541499999987, -10.269552299668526 ], [ -63.601775499999974, -10.270983999668507 ], [ -63.6112527, -10.278246299668258 ], [ -63.611571700000013, -10.2784906996683 ] ] ] } },
{ "type": "Feature", "properties": { "NUCOMPTREC": 37.821, "NUDISTBACT": 2588.018, "NUDISTCDAG": 0.0, "NUAREACONT": 197.446, "NUAREAMONT": 197.446, "NUDISTBACC": 2588.018, "NUAREABACC": 197.446, "NUCOMPCDA": 37.821, "Shape__Len": 0, "OBJECTID": 103975, "ID": 91044, "COTRECHO": 91044, "COCURSODAG": "4636296", "COBACIA": "4636296", "NOGENERICO": null, "NOLIGACAO": null, "NOESPECIF": null, "NORIOCOMP": null, "NOORIGINAL": null, "COCDADESAG": "46362", "NUTRJUS": 91017, "NUORDEMCDA": 5, "NUNIVOTTO": 7, "NUNIVOTCDA": 7, "NUSTRAHLER": 1, "DEDOMINIAL": "Estadual", "DSVERSAO": "BHO bho_2017_v_01_05_50k de 2018-06-22" }, "geometry": { "type": "MultiLineString", "coordinates": [ [ [ -63.626211952994971, -10.395645530439447 ], [ -63.6354028, -10.385296899664985 ], [ -63.6382939, -10.375796199665301 ], [ -63.6465607, -10.368012199665527 ], [ -63.649886700000025, -10.360236099665766 ], [ -63.6559712, -10.352022699666032 ], [ -63.659877900000026, -10.343383699666269 ], [ -63.663013499999977, -10.327580299666787 ], [ -63.6646346, -10.32510359966682 ], [ -63.680595200000027, -10.313849599667208 ], [ -63.691463600000013, -10.300015599667612 ], [ -63.6988604, -10.294246099667802 ], [ -63.7069932, -10.293511599667802 ], [ -63.725601700000027, -10.300665999667569 ], [ -63.7304472, -10.3000309996676 ], [ -63.7328802, -10.299712099667646 ] ] ] } },
{ "type": "Feature", "properties": { "NUCOMPTREC": 23.496, "NUDISTBACT": 2363.521, "NUDISTCDAG": 0.0, "NUAREACONT": 84.212, "NUAREAMONT": 84.212, "NUDISTBACC": 2363.521, "NUAREABACC": 84.212, "NUCOMPCDA": 23.496, "Shape__Len": 0, "OBJECTID": 103982, "ID": 91092, "COTRECHO": 91092, "COCURSODAG": "4636392", "COBACIA": "4636392", "NOGENERICO": "Igarapé", "NOLIGACAO": null, "NOESPECIF": "Prainha", "NORIOCOMP": "Igarapé Prainha", "NOORIGINAL": "Igarapé Prainha", "COCDADESAG": "4636", "NUTRJUS": 91101, "NUORDEMCDA": 4, "NUNIVOTTO": 7, "NUNIVOTCDA": 7, "NUSTRAHLER": 1, "DEDOMINIAL": "Estadual", "DSVERSAO": "BHO bho_2017_v_01_05_50k de 2018-06-22" }, "geometry": { "type": "MultiLineString", "coordinates": [ [ [ -63.245172, -9.502139799692378 ], [ -63.240384100000028, -9.498400999692485 ], [ -63.2354519, -9.489052499692784 ], [ -63.232842399999981, -9.486752599692833 ], [ -63.229893399999987, -9.486788699692809 ], [ -63.222375100000022, -9.492440399692679 ], [ -63.210392800000015, -9.509643899692135 ], [ -63.200688300000031, -9.519145099691828 ], [ -63.19054490000002, -9.522605099691733 ], [ -63.181412500000029, -9.51872399969186 ], [ -63.176334699999984, -9.513692899692026 ], [ -63.173290800000018, -9.507653399692172 ], [ -63.1732869, -9.502327299692341 ], [ -63.176472400000023, -9.494412799692611 ], [ -63.170818499999982, -9.490819399692734 ], [ -63.170380099999974, -9.483339399692934 ], [ -63.166172300000028, -9.476865999693132 ], [ -63.1667445, -9.462765899693604 ], [ -63.1607171, -9.43513689969442 ], [ -63.1583365, -9.428592399694676 ], [ -63.145939100000028, -9.407504199695323 ] ] ] } },
{ "type": "Feature", "properties": { "NUCOMPTREC": 8.007, "NUDISTBACT": 2363.521, "NUDISTCDAG": 188.109, "NUAREACONT": 53.304, "NUAREAMONT": 12853.625, "NUDISTBACC": 2175.413, "NUAREABACC": 29090.417, "NUCOMPCDA": 441.457, "Shape__Len": 0, "OBJECTID": 103985, "ID": 2549, "COTRECHO": 2549, "COCURSODAG": "4636", "COBACIA": "4636393", "NOGENERICO": "Rio", "NOLIGACAO": null, "NOESPECIF": "Jamari", "NORIOCOMP": "Rio Jamari", "NOORIGINAL": "Rio Jamari", "COCDADESAG": "46", "NUTRJUS": 91101, "NUORDEMCDA": 3, "NUNIVOTTO": 7, "NUNIVOTCDA": 4, "NUSTRAHLER": 4, "DEDOMINIAL": "Estadual", "DSVERSAO": "BHO bho_2017_v_01_05_50k de 2018-06-22" }, "geometry": { "type": "MultiLineString", "coordinates": [ [ [ -63.123718, -9.467464399693432 ], [ -63.1257873, -9.448978699694017 ], [ -63.128540199999975, -9.44146559969427 ], [ -63.1257362, -9.430496399694579 ], [ -63.126159500000036, -9.424333499694773 ], [ -63.131896799999978, -9.413073399695111 ], [ -63.145939100000028, -9.407504199695323 ] ] ] } },
{ "type": "Feature", "properties": { "NUCOMPTREC": 12.957, "NUDISTBACT": 2375.095, "NUDISTCDAG": 0.0, "NUAREACONT": 82.779, "NUAREAMONT": 82.779, "NUDISTBACC": 2375.095, "NUAREABACC": 82.779, "NUCOMPCDA": 12.957, "Shape__Len": 0, "OBJECTID": 103988, "ID": 90334, "COTRECHO": 90334, "COCURSODAG": "463642", "COBACIA": "463642", "NOGENERICO": null, "NOLIGACAO": null, "NOESPECIF": null, "NORIOCOMP": null, "NOORIGINAL": null, "COCDADESAG": "46364", "NUTRJUS": 84540, "NUORDEMCDA": 5, "NUNIVOTTO": 6, "NUNIVOTCDA": 6, "NUSTRAHLER": 1, "DEDOMINIAL": "Estadual", "DSVERSAO": "BHO bho_2017_v_01_05_50k de 2018-06-22" }, "geometry": { "type": "MultiLineString", "coordinates": [ [ [ -63.036674, -9.562258599690495 ], [ -63.0379746, -9.553172999690799 ], [ -63.041350700000017, -9.547047399690948 ], [ -63.048800700000022, -9.53848059969123 ], [ -63.0534396, -9.535459499691319 ], [ -63.065902, -9.531716099691415 ], [ -63.083354400000019, -9.521124299691767 ], [ -63.097469699999984, -9.510862899692102 ], [ -63.1002095, -9.507546899692214 ], [ -63.1021013, -9.506375899692253 ], [ -63.101558399999973, -9.502499399692324 ], [ -63.103337, -9.500925799692409 ], [ -63.1014887, -9.498212199692496 ], [ -63.100805200000032, -9.495727699692544 ], [ -63.1019139, -9.492304299692668 ], [ -63.1027, -9.490872699692725 ], [ -63.1055786, -9.491574299692717 ], [ -63.1084212, -9.491895199692676 ], [ -63.109736600000019, -9.488924099692786 ] ] ] } },
{ "type": "Feature", "properties": { "NUCOMPTREC": 11.308, "NUDISTBACT": 2388.1, "NUDISTCDAG": 0.0, "NUAREACONT": 171.287, "NUAREAMONT": 373.075, "NUDISTBACC": 2388.1, "NUAREABACC": 373.075, "NUCOMPCDA": 30.681, "Shape__Len": 0, "OBJECTID": 103990, "ID": 91093, "COTRECHO": 91093, "COCURSODAG": "463644", "COBACIA": "4636441", "NOGENERICO": "Igarapé", "NOLIGACAO": null, "NOESPECIF": "Duas Nações", "NORIOCOMP": "Igarapé Duas Nações", "NOORIGINAL": "Igarapé Duas Nações", "COCDADESAG": "46364", "NUTRJUS": 90719, "NUORDEMCDA": 5, "NUNIVOTTO": 7, "NUNIVOTCDA": 6, "NUSTRAHLER": 2, "DEDOMINIAL": "Estadual", "DSVERSAO": "BHO bho_2017_v_01_05_50k de 2018-06-22" }, "geometry": { "type": "MultiLineString", "coordinates": [ [ [ -62.929990499999981, -9.47128269969334 ], [ -62.936452700000018, -9.469042699693373 ], [ -62.9453757, -9.460717099693662 ], [ -62.96381580000002, -9.45476749969384 ], [ -62.967628400000017, -9.45221519969393 ], [ -62.967863, -9.452057999693944 ], [ -62.9680376, -9.451940899693932 ], [ -62.969744199999965, -9.450795799693948 ], [ -62.969824099999968, -9.450723899693973 ], [ -62.979875900000025, -9.441680199694249 ], [ -62.9852315, -9.441084099694274 ], [ -62.990086399999988, -9.444726399694122 ], [ -62.991181100000013, -9.44554759969412 ], [ -62.992369399999973, -9.446439099694112 ], [ -63.0006967, -9.452386299693911 ], [ -63.017550899999989, -9.45215369969392 ], [ -63.019488, -9.452126799693891 ] ] ] } },
{ "type": "Feature", "properties": { "NUCOMPTREC": 19.373, "NUDISTBACT": 2399.408, "NUDISTCDAG": 11.308, "NUAREACONT": 110.781, "NUAREAMONT": 110.781, "NUDISTBACC": 2388.1, "NUAREABACC": 373.075, "NUCOMPCDA": 30.681, "Shape__Len": 0, "OBJECTID": 103991, "ID": 91094, "COTRECHO": 91094, "COCURSODAG": "463644", "COBACIA": "4636443", "NOGENERICO": "Igarapé", "NOLIGACAO": null, "NOESPECIF": "Taboca", "NORIOCOMP": "Igarapé Taboca", "NOORIGINAL": "Igarapé Taboca", "COCDADESAG": "46364", "NUTRJUS": 91093, "NUORDEMCDA": 5, "NUNIVOTTO": 7, "NUNIVOTCDA": 6, "NUSTRAHLER": 1, "DEDOMINIAL": "Estadual", "DSVERSAO": "BHO bho_2017_v_01_05_50k de 2018-06-22" }, "geometry": { "type": "MultiLineString", "coordinates": [ [ [ -62.799080499999988, -9.510080599692083 ], [ -62.807629399999989, -9.513971699692005 ], [ -62.8203818, -9.51628059969193 ], [ -62.834290800000019, -9.527222799691577 ], [ -62.849362699999979, -9.529817299691482 ], [ -62.861385, -9.537488699691238 ], [ -62.862004500000012, -9.537883899691236 ], [ -62.86849339999997, -9.53558109969131 ], [ -62.876321299999972, -9.526808299691618 ], [ -62.882989599999952, -9.527242699691559 ], [ -62.885598599999966, -9.525661599691604 ], [ -62.88690739999997, -9.515588699691964 ], [ -62.8974892, -9.510271499692092 ], [ -62.906801, -9.508050299692158 ], [ -62.9095577, -9.505258099692252 ], [ -62.9104782, -9.504325799692303 ], [ -62.913434900000027, -9.499196899692459 ], [ -62.913635199999987, -9.496956799692544 ], [ -62.9139154, -9.493824099692599 ], [ -62.914743199999975, -9.490993399692686 ], [ -62.927351, -9.478336099693081 ], [ -62.929705800000029, -9.472043599693302 ], [ -62.929990499999981, -9.47128269969334 ] ] ] } },
{ "type": "Feature", "properties": { "NUCOMPTREC": 18.393, "NUDISTBACT": 2498.579, "NUDISTCDAG": 0.0, "NUAREACONT": 131.41, "NUAREAMONT": 131.41, "NUDISTBACC": 2498.579, "NUAREABACC": 131.41, "NUCOMPCDA": 18.393, "Shape__Len": 0, "OBJECTID": 103992, "ID": 91160, "COTRECHO": 91160, "COCURSODAG": "4636942", "COBACIA": "4636942", "NOGENERICO": "Igarapé", "NOLIGACAO": null, "NOESPECIF": "Boa Vista", "NORIOCOMP": "Igarapé Boa Vista", "NOORIGINAL": "Igarapé Boa Vista", "COCDADESAG": "463694", "NUTRJUS": 91153, "NUORDEMCDA": 5, "NUNIVOTTO": 7, "NUNIVOTCDA": 7, "NUSTRAHLER": 1, "DEDOMINIAL": "Estadual", "DSVERSAO": "BHO bho_2017_v_01_05_50k de 2018-06-22" }, "geometry": { "type": "MultiLineString", "coordinates": [ [ [ -63.452253199999973, -10.353249999665966 ], [ -63.4475992, -10.349372199666098 ], [ -63.444104700000025, -10.343625499666233 ], [ -63.4369562, -10.322340899666905 ], [ -63.430269, -10.317027599667103 ], [ -63.424745, -10.316317599667098 ], [ -63.4142888, -10.318343199667055 ], [ -63.4081855, -10.318060999667047 ], [ -63.399464700000017, -10.313185999667168 ], [ -63.386384099999987, -10.310322099667301 ], [ -63.377084, -10.305581599667425 ], [ -63.3622633, -10.304018299667487 ], [ -63.3227428, -10.294277799667759 ], [ -63.31405280000002, -10.290178999667928 ], [ -63.312405, -10.289401699667927 ] ] ] } },
{ "type": "Feature", "properties": { "NUCOMPTREC": 22.455, "NUDISTBACT": 2411.038, "NUDISTCDAG": 0.0, "NUAREACONT": 62.43, "NUAREAMONT": 62.43, "NUDISTBACC": 2411.038, "NUAREABACC": 62.43, "NUCOMPCDA": 22.455, "Shape__Len": 0, "OBJECTID": 103993, "ID": 91080, "COTRECHO": 91080, "COCURSODAG": "4636462", "COBACIA": "4636462", "NOGENERICO": "Igarapé", "NOLIGACAO": null, "NOESPECIF": "Queixada", "NORIOCOMP": "Igarapé Queixada", "NOORIGINAL": "Igarapé Queixada", "COCDADESAG": "463646", "NUTRJUS": 91079, "NUORDEMCDA": 6, "NUNIVOTTO": 7, "NUNIVOTCDA": 7, "NUSTRAHLER": 1, "DEDOMINIAL": "Estadual", "DSVERSAO": "BHO bho_2017_v_01_05_50k de 2018-06-22" }, "geometry": { "type": "MultiLineString", "coordinates": [ [ [ -62.803201100000024, -9.720674299685548 ], [ -62.807160599999975, -9.703279199686088 ], [ -62.8125394, -9.696179099686326 ], [ -62.8230451, -9.686486699686606 ], [ -62.8321813, -9.68390059968671 ], [ -62.849584199999988, -9.683763899686678 ], [ -62.863504400000011, -9.68578659968661 ], [ -62.8723506, -9.682338199686756 ], [ -62.873079399999988, -9.675430399686945 ], [ -62.866846, -9.665356999687242 ], [ -62.868009299999976, -9.658451399687481 ], [ -62.874826, -9.651548599687729 ], [ -62.888746200000021, -9.647812999687806 ], [ -62.896867900000018, -9.640619499688063 ], [ -62.902670199999989, -9.637745099688154 ], [ -62.914122, -9.636597799688177 ], [ -62.916589699999975, -9.635157799688216 ], [ -62.9181848, -9.629693899688391 ], [ -62.917173600000012, -9.612435999688929 ], [ -62.9189247, -9.606014199689124 ] ] ] } },
{ "type": "Feature", "properties": { "NUCOMPTREC": 13.375, "NUDISTBACT": 2411.038, "NUDISTCDAG": 5.739, "NUAREACONT": 154.221, "NUAREAMONT": 370.369, "NUDISTBACC": 2405.299, "NUAREABACC": 452.916, "NUCOMPCDA": 45.209, "Shape__Len": 0, "OBJECTID": 103994, "ID": 91095, "COTRECHO": 91095, "COCURSODAG": "463646", "COBACIA": "4636463", "NOGENERICO": "Igarapé", "NOLIGACAO": null, "NOESPECIF": "Manteiga", "NORIOCOMP": "Igarapé Manteiga", "NOORIGINAL": "Igarapé Manteiga", "COCDADESAG": "46364", "NUTRJUS": 91079, "NUORDEMCDA": 5, "NUNIVOTTO": 7, "NUNIVOTCDA": 6, "NUSTRAHLER": 2, "DEDOMINIAL": "Estadual", "DSVERSAO": "BHO bho_2017_v_01_05_50k de 2018-06-22" }, "geometry": { "type": "MultiLineString", "coordinates": [ [ [ -62.917307100000016, -9.702998799686092 ], [ -62.922827199999958, -9.695959299686351 ], [ -62.942524699999979, -9.686278199686621 ], [ -62.942889, -9.686099199686625 ], [ -62.943038899999976, -9.685538099686626 ], [ -62.943709099999985, -9.683029199686748 ], [ -62.943748200000023, -9.677104299686901 ], [ -62.9437623, -9.674964199686958 ], [ -62.935881199999983, -9.663449599687308 ], [ -62.933423, -9.653424099687644 ], [ -62.933176600000031, -9.652418999687695 ], [ -62.931539900000011, -9.645753999687889 ], [ -62.9298043, -9.614248199688875 ], [ -62.925455300000017, -9.609212599689 ], [ -62.9189642, -9.606033599689107 ], [ -62.9189247, -9.606014199689124 ] ] ] } },
{ "type": "Feature", "properties": { "NUCOMPTREC": 26.095, "NUDISTBACT": 2424.412, "NUDISTCDAG": 19.114, "NUAREACONT": 162.061, "NUAREAMONT": 162.061, "NUDISTBACC": 2405.299, "NUAREABACC": 452.916, "NUCOMPCDA": 45.209, "Shape__Len": 0, "OBJECTID": 103995, "ID": 91097, "COTRECHO": 91097, "COCURSODAG": "463646", "COBACIA": "4636465", "NOGENERICO": "Igarapé", "NOLIGACAO": null, "NOESPECIF": "Manteiga", "NORIOCOMP": "Igarapé Manteiga", "NOORIGINAL": "Igarapé Manteiga", "COCDADESAG": "46364", "NUTRJUS": 91095, "NUORDEMCDA": 5, "NUNIVOTTO": 7, "NUNIVOTCDA": 6, "NUSTRAHLER": 1, "DEDOMINIAL": "Estadual", "DSVERSAO": "BHO bho_2017_v_01_05_50k de 2018-06-22" }, "geometry": { "type": "MultiLineString", "coordinates": [ [ [ -62.742192499999973, -9.809864599682808 ], [ -62.7486814, -9.810443399682768 ], [ -62.7539148, -9.807761099682844 ], [ -62.765012, -9.774149199683901 ], [ -62.768204799999971, -9.771273099683949 ], [ -62.782128800000017, -9.769268499684051 ], [ -62.803880100000022, -9.775033599683843 ], [ -62.813165299999973, -9.772879599683932 ], [ -62.821145899999976, -9.767275099684118 ], [ -62.8330437, -9.755484499684503 ], [ -62.8458154, -9.734631499685088 ], [ -62.84914939999998, -9.731611999685191 ], [ -62.860753900000027, -9.728738699685305 ], [ -62.877290699999989, -9.714503999685727 ], [ -62.883093, -9.711484499685829 ], [ -62.890050799999983, -9.710621199685855 ], [ -62.899998400000015, -9.713708399685746 ], [ -62.902052099999985, -9.71434559968575 ], [ -62.909773299999969, -9.715234399685697 ], [ -62.911802700000017, -9.714083399685762 ], [ -62.9165577, -9.704507999686038 ], [ -62.917307100000016, -9.702998799686092 ] ] ] } },
{ "type": "Feature", "properties": { "NUCOMPTREC": 17.16, "NUDISTBACT": 2405.299, "NUDISTCDAG": 33.77, "NUAREACONT": 112.994, "NUAREAMONT": 615.627, "NUDISTBACC": 2371.529, "NUAREABACC": 1722.793, "NUCOMPCDA": 81.292, "Shape__Len": 0, "OBJECTID": 103996, "ID": 91081, "COTRECHO": 91081, "COCURSODAG": "46364", "COBACIA": "463647", "NOGENERICO": "Rio", "NOLIGACAO": null, "NOESPECIF": "Preto do Crespo", "NORIOCOMP": "Rio Preto do Crespo", "NOORIGINAL": "Rio Preto do Crespo", "COCDADESAG": "4636", "NUTRJUS": 91078, "NUORDEMCDA": 4, "NUNIVOTTO": 6, "NUNIVOTCDA": 5, "NUSTRAHLER": 3, "DEDOMINIAL": "Estadual", "DSVERSAO": "BHO bho_2017_v_01_05_50k de 2018-06-22" }, "geometry": { "type": "MultiLineString", "coordinates": [ [ [ -62.814770899999985, -9.598058899689388 ], [ -62.8201631, -9.598477199689345 ], [ -62.821332, -9.59856779968937 ], [ -62.82494489999997, -9.598635599689374 ], [ -62.828996, -9.596632299689423 ], [ -62.838925599999982, -9.58889549968964 ], [ -62.8435644, -9.587171599689677 ], [ -62.8576218, -9.592646599689564 ], [ -62.8724075, -9.589199899689623 ], [ -62.874147, -9.590493699689635 ], [ -62.875452, -9.595959299689445 ], [ -62.882554799999987, -9.594955399689477 ], [ -62.888349399999981, -9.59956039968929 ], [ -62.892843299999981, -9.596974299689414 ], [ -62.907194, -9.582847599689831 ], [ -62.909456200000022, -9.580620199689912 ], [ -62.9263363, -9.5620244996905 ], [ -62.9321347, -9.559578299690566 ], [ -62.940031499999975, -9.561642199690493 ], [ -62.941131199999965, -9.560998399690542 ], [ -62.9416554, -9.560691499690554 ], [ -62.942152500000013, -9.560400599690523 ] ] ] } },
{ "type": "Feature", "properties": { "NUCOMPTREC": 14.694, "NUDISTBACT": 2424.587, "NUDISTCDAG": 0.0, "NUAREACONT": 76.45, "NUAREAMONT": 76.45, "NUDISTBACC": 2424.587, "NUAREABACC": 76.45, "NUCOMPCDA": 14.694, "Shape__Len": 0, "OBJECTID": 103997, "ID": 91082, "COTRECHO": 91082, "COCURSODAG": "4636482", "COBACIA": "4636482", "NOGENERICO": "Igarapé", "NOLIGACAO": null, "NOESPECIF": "Lagoa Vermelha", "NORIOCOMP": "Igarapé Lagoa Vermelha", "NOORIGINAL": "Igarapé Lagoa Vermelha", "COCDADESAG": "463648", "NUTRJUS": 91098, "NUORDEMCDA": 6, "NUNIVOTTO": 7, "NUNIVOTCDA": 7, "NUSTRAHLER": 1, "DEDOMINIAL": "Estadual", "DSVERSAO": "BHO bho_2017_v_01_05_50k de 2018-06-22" }, "geometry": { "type": "MultiLineString", "coordinates": [ [ [ -62.798440500000027, -9.7349510996851 ], [ -62.7990355, -9.72781269968535 ], [ -62.7942782, -9.718294299685651 ], [ -62.787732, -9.712940399685776 ], [ -62.787514699999974, -9.692795799686424 ], [ -62.790425299999981, -9.678267399686865 ], [ -62.798409699999979, -9.663308899687348 ], [ -62.795678, -9.626474699688506 ], [ -62.7974213, -9.618419099688712 ], [ -62.802971899999982, -9.612277999688919 ] ] ] } },
{ "type": "Feature", "properties": { "NUCOMPTREC": 4.42, "NUDISTBACT": 2436.204, "NUDISTCDAG": 33.762, "NUAREACONT": 23.032, "NUAREAMONT": 776.335, "NUDISTBACC": 2402.443, "NUAREABACC": 1103.938, "NUCOMPCDA": 110.558, "Shape__Len": 0, "OBJECTID": 103998, "ID": 91105, "COTRECHO": 91105, "COCURSODAG": "463656", "COBACIA": "46365633", "NOGENERICO": "Rio", "NOLIGACAO": null, "NOESPECIF": "Maçangana", "NORIOCOMP": "Rio Maçangana", "NOORIGINAL": "Rio Maçangana", "COCDADESAG": "4636", "NUTRJUS": 90784, "NUORDEMCDA": 4, "NUNIVOTTO": 8, "NUNIVOTCDA": 6, "NUSTRAHLER": 2, "DEDOMINIAL": "Estadual", "DSVERSAO": "BHO bho_2017_v_01_05_50k de 2018-06-22" }, "geometry": { "type": "MultiLineString", "coordinates": [ [ [ -63.334475600000012, -9.864364299681061 ], [ -63.334435699999972, -9.864338999681072 ], [ -63.3288377, -9.860779799681193 ], [ -63.31621819999998, -9.857377599681316 ], [ -63.3089625, -9.853496999681443 ], [ -63.301308300000017, -9.846221899681641 ], [ -63.300196299999989, -9.845164799681713 ] ] ] } },
{ "type": "Feature", "properties": { "NUCOMPTREC": 34.718, "NUDISTBACT": 2424.587, "NUDISTCDAG": 2.128, "NUAREACONT": 152.1, "NUAREAMONT": 152.1, "NUDISTBACC": 2422.458, "NUAREABACC": 235.656, "NUCOMPCDA": 36.846, "Shape__Len": 0, "OBJECTID": 103999, "ID": 91077, "COTRECHO": 91077, "COCURSODAG": "463648", "COBACIA": "4636483", "NOGENERICO": "Igarapé", "NOLIGACAO": null, "NOESPECIF": "Dias Nobre", "NORIOCOMP": "Igarapé Dias Nobre", "NOORIGINAL": "Igarapé Dias Nobre", "COCDADESAG": "46364", "NUTRJUS": 91098, "NUORDEMCDA": 5, "NUNIVOTTO": 7, "NUNIVOTCDA": 6, "NUSTRAHLER": 1, "DEDOMINIAL": "Estadual", "DSVERSAO": "BHO bho_2017_v_01_05_50k de 2018-06-22" }, "geometry": { "type": "MultiLineString", "coordinates": [ [ [ -62.677211899999975, -9.845028799681717 ], [ -62.683617, -9.831690999682092 ], [ -62.700531500000011, -9.819706999682468 ], [ -62.701027599999968, -9.803875699682957 ], [ -62.710030399999987, -9.790361199683401 ], [ -62.7058376, -9.776977199683788 ], [ -62.723843199999976, -9.749659199684643 ], [ -62.720814200000014, -9.733546199685129 ], [ -62.722412500000011, -9.728938499685317 ], [ -62.728073699999975, -9.719736199685594 ], [ -62.735039299999983, -9.713556699685808 ], [ -62.7373587, -9.713559999685748 ], [ -62.737496, -9.724782299685449 ], [ -62.739090499999968, -9.724062899685437 ], [ -62.7434472, -9.715864999685717 ], [ -62.752880600000026, -9.704508799686041 ], [ -62.7586945, -9.691852599686452 ], [ -62.758129899999979, -9.666102399687254 ], [ -62.7645233, -9.6479755996878 ], [ -62.7705694, -9.636648899688183 ], [ -62.771877800000013, -9.634197699688269 ], [ -62.78977290000001, -9.612172399688957 ], [ -62.796730700000019, -9.609874099689023 ], [ -62.802551199999982, -9.612115899688927 ], [ -62.802971899999982, -9.612277999688919 ] ] ] } },
{ "type": "Feature", "properties": { "NUCOMPTREC": 18.014, "NUDISTBACT": 2422.458, "NUDISTCDAG": 50.93, "NUAREACONT": 126.458, "NUAREAMONT": 266.977, "NUDISTBACC": 2371.529, "NUAREABACC": 1722.793, "NUCOMPCDA": 81.292, "Shape__Len": 0, "OBJECTID": 104001, "ID": 91083, "COTRECHO": 91083, "COCURSODAG": "46364", "COBACIA": "4636491", "NOGENERICO": "Rio", "NOLIGACAO": null, "NOESPECIF": "Preto do Crespo", "NORIOCOMP": "Rio Preto do Crespo", "NOORIGINAL": "Rio Preto do Crespo", "COCDADESAG": "4636", "NUTRJUS": 91081, "NUORDEMCDA": 4, "NUNIVOTTO": 7, "NUNIVOTCDA": 5, "NUSTRAHLER": 2, "DEDOMINIAL": "Estadual", "DSVERSAO": "BHO bho_2017_v_01_05_50k de 2018-06-22" }, "geometry": { "type": "MultiLineString", "coordinates": [ [ [ -62.6788136, -9.659068199687445 ], [ -62.684200299999979, -9.655249199687605 ], [ -62.694786, -9.652959699687662 ], [ -62.701317099999969, -9.645339599687892 ], [ -62.70842, -9.643758399687966 ], [ -62.722359, -9.620467699688684 ], [ -62.72569679999998, -9.617307099688784 ], [ -62.7384535, -9.615158199688832 ], [ -62.7523731, -9.610421499688956 ], [ -62.765196600000024, -9.602966599689221 ], [ -62.7658315, -9.602597399689216 ], [ -62.777027700000026, -9.595047899689465 ], [ -62.7852906, -9.591888399689582 ], [ -62.794712899999972, -9.5903122996896 ], [ -62.801670699999988, -9.591751099689573 ], [ -62.814609599999976, -9.597981299689387 ], [ -62.814770899999985, -9.598058899689388 ] ] ] } },
{ "type": "Feature", "properties": { "NUCOMPTREC": 28.289, "NUDISTBACT": 2407.915, "NUDISTCDAG": 5.472, "NUAREACONT": 155.436, "NUAREAMONT": 986.77, "NUDISTBACC": 2402.443, "NUAREABACC": 1103.938, "NUCOMPCDA": 110.558, "Shape__Len": 0, "OBJECTID": 104002, "ID": 90784, "COTRECHO": 90784, "COCURSODAG": "463656", "COBACIA": "46365631", "NOGENERICO": "Rio", "NOLIGACAO": null, "NOESPECIF": "Maçangana", "NORIOCOMP": "Rio Maçangana", "NOORIGINAL": "Rio Maçangana", "COCDADESAG": "4636", "NUTRJUS": 89942, "NUORDEMCDA": 4, "NUNIVOTTO": 8, "NUNIVOTCDA": 6, "NUSTRAHLER": 2, "DEDOMINIAL": "Estadual", "DSVERSAO": "BHO bho_2017_v_01_05_50k de 2018-06-22" }, "geometry": { "type": "MultiLineString", "coordinates": [ [ [ -63.300196299999989, -9.845164799681713 ], [ -63.2947262, -9.833800299682046 ], [ -63.287912699999978, -9.80563459968293 ], [ -63.288290500000016, -9.798654499683135 ], [ -63.2977166, -9.773810999683933 ], [ -63.298292699999983, -9.768773699684063 ], [ -63.2935015, -9.761439799684304 ], [ -63.288854800000024, -9.757560399684396 ], [ -63.272463, -9.748365299684684 ], [ -63.266359500000029, -9.736863099685056 ], [ -63.259546100000016, -9.737875899685029 ], [ -63.251714400000026, -9.734571999685137 ], [ -63.250696, -9.731266399685206 ], [ -63.251684399999981, -9.724650299685445 ], [ -63.2507149, -9.722836299685477 ], [ -63.246858200000027, -9.722933599685458 ], [ -63.2455043, -9.721600199685543 ], [ -63.2446726, -9.705337899686045 ], [ -63.242357, -9.702752399686121 ], [ -63.2348647, -9.699625699686216 ], [ -63.201729899999975, -9.717457599685654 ], [ -63.184941499999972, -9.722315499685475 ], [ -63.1736631, -9.723066499685499 ], [ -63.173253100000011, -9.723093799685499 ] ] ] } },
{ "type": "Feature", "properties": { "NUCOMPTREC": 9.602, "NUDISTBACT": 2440.625, "NUDISTCDAG": 38.182, "NUAREACONT": 98.542, "NUAREAMONT": 696.43, "NUDISTBACC": 2402.443, "NUAREABACC": 1103.938, "NUCOMPCDA": 110.558, "Shape__Len": 0, "OBJECTID": 104003, "ID": 90342, "COTRECHO": 90342, "COCURSODAG": "463656", "COBACIA": "4636565", "NOGENERICO": "Rio", "NOLIGACAO": null, "NOESPECIF": "Maçangana", "NORIOCOMP": "Rio Maçangana", "NOORIGINAL": "Rio Maçangana", "COCDADESAG": "4636", "NUTRJUS": 91105, "NUORDEMCDA": 4, "NUNIVOTTO": 7, "NUNIVOTCDA": 6, "NUSTRAHLER": 2, "DEDOMINIAL": "Estadual", "DSVERSAO": "BHO bho_2017_v_01_05_50k de 2018-06-22" }, "geometry": { "type": "MultiLineString", "coordinates": [ [ [ -63.380035099999986, -9.931285699679005 ], [ -63.361919, -9.905967099679794 ], [ -63.3610493, -9.904751199679854 ], [ -63.3589053, -9.891285499680235 ], [ -63.354247499999978, -9.876472599680712 ], [ -63.3506119, -9.870720399680883 ], [ -63.347999099999974, -9.86813319968096 ], [ -63.334475600000012, -9.864364299681061 ] ] ] } },
{ "type": "Feature", "properties": { "NUCOMPTREC": 12.029, "NUDISTBACT": 2402.443, "NUDISTCDAG": 227.03, "NUAREACONT": 108.851, "NUAREAMONT": 9685.577, "NUDISTBACC": 2175.413, "NUAREABACC": 29090.417, "NUCOMPCDA": 441.457, "Shape__Len": 0, "OBJECTID": 104004, "ID": 91018, "COTRECHO": 91018, "COCURSODAG": "4636", "COBACIA": "463657", "NOGENERICO": "Rio", "NOLIGACAO": null, "NOESPECIF": "Jamari", "NORIOCOMP": "Rio Jamari", "NOORIGINAL": "Rio Jamari", "COCDADESAG": "46", "NUTRJUS": 15, "NUORDEMCDA": 3, "NUNIVOTTO": 6, "NUNIVOTCDA": 4, "NUSTRAHLER": 4, "DEDOMINIAL": "Estadual", "DSVERSAO": "BHO bho_2017_v_01_05_50k de 2018-06-22" }, "geometry": { "type": "MultiLineString", "coordinates": [ [ [ -63.1025775, -9.779972699683682 ], [ -63.1026463, -9.779429499683726 ], [ -63.102739699999972, -9.778691499683729 ], [ -63.104916399999986, -9.761491999684273 ], [ -63.107571399999983, -9.755544799684472 ], [ -63.1118209, -9.753209199684555 ], [ -63.125629899999979, -9.750020199684634 ], [ -63.12924270000002, -9.746621299684765 ], [ -63.1290288, -9.740886799684926 ], [ -63.1245698, -9.728562299685331 ], [ -63.123082, -9.715388399685711 ], [ -63.1255231, -9.702644399686116 ], [ -63.134286900000014, -9.693490499686401 ], [ -63.134909699999987, -9.692839799686416 ], [ -63.135082599999969, -9.692659299686429 ] ] ] } },
{ "type": "Feature", "properties": { "NUCOMPTREC": 16.272, "NUDISTBACT": 2464.941, "NUDISTCDAG": 0.0, "NUAREACONT": 86.453, "NUAREAMONT": 86.453, "NUDISTBACC": 2464.941, "NUAREABACC": 86.453, "NUCOMPCDA": 16.272, "Shape__Len": 0, "OBJECTID": 104005, "ID": 89430, "COTRECHO": 89430, "COCURSODAG": "4636646", "COBACIA": "4636646", "NOGENERICO": "Braço", "NOLIGACAO": null, "NOESPECIF": "Sul", "NORIOCOMP": "Braço Sul", "NOORIGINAL": "Braço Sul", "COCDADESAG": "463664", "NUTRJUS": 89080, "NUORDEMCDA": 6, "NUNIVOTTO": 7, "NUNIVOTCDA": 7, "NUSTRAHLER": 1, "DEDOMINIAL": "Estadual", "DSVERSAO": "BHO bho_2017_v_01_05_50k de 2018-06-22" }, "geometry": { "type": "MultiLineString", "coordinates": [ [ [ -62.754232399999971, -10.122020599673109 ], [ -62.755110100000024, -10.116742199673253 ], [ -62.760790199999981, -10.104842099673631 ], [ -62.76738180000001, -10.100909299673777 ], [ -62.784960399999974, -10.098715299673806 ], [ -62.787573099999982, -10.097279099673857 ], [ -62.7933832, -10.091816299674049 ], [ -62.8048655, -10.071972199674667 ], [ -62.81053, -10.066071599674839 ], [ -62.820257799999979, -10.060324899675033 ], [ -62.8295468, -10.062489899674951 ], [ -62.833758, -10.060333799675041 ], [ -62.835077899999987, -10.038321399675668 ], [ -62.840192600000016, -10.026408799676092 ], [ -62.840265699999961, -10.026238499676056 ] ] ] } },
{ "type": "Feature", "properties": { "NUCOMPTREC": 14.944, "NUDISTBACT": 2478.162, "NUDISTCDAG": 0.0, "NUAREACONT": 51.75, "NUAREAMONT": 51.75, "NUDISTBACC": 2478.162, "NUAREABACC": 51.75, "NUCOMPCDA": 14.944, "Shape__Len": 0, "OBJECTID": 104006, "ID": 89990, "COTRECHO": 89990, "COCURSODAG": "4636824", "COBACIA": "4636824", "NOGENERICO": null, "NOLIGACAO": null, "NOESPECIF": null, "NORIOCOMP": null, "NOORIGINAL": null, "COCDADESAG": "463682", "NUTRJUS": 16695, "NUORDEMCDA": 6, "NUNIVOTTO": 7, "NUNIVOTCDA": 7, "NUSTRAHLER": 1, "DEDOMINIAL": "Estadual", "DSVERSAO": "BHO bho_2017_v_01_05_50k de 2018-06-22" }, "geometry": { "type": "MultiLineString", "coordinates": [ [ [ -62.752077400000026, -10.134232899672707 ], [ -62.757028600000019, -10.139074499672573 ], [ -62.7657375, -10.140374599672514 ], [ -62.784620500000017, -10.131177199672852 ], [ -62.78694380000001, -10.131467699672791 ], [ -62.7888322, -10.134488299672714 ], [ -62.7908539, -10.150028399672234 ], [ -62.796515100000022, -10.152765599672167 ], [ -62.8078413, -10.154068999672102 ], [ -62.815386499999974, -10.160113399671928 ], [ -62.8188731, -10.159539999671932 ], [ -62.827444800000023, -10.149908299672241 ], [ -62.8342693, -10.149764899672231 ], [ -62.8392061, -10.157968299672001 ], [ -62.84031920000001, -10.174492899671502 ], [ -62.840320099999985, -10.17450619967148 ] ] ] } },
{ "type": "Feature", "properties": { "NUCOMPTREC": 0.21, "NUDISTBACT": 2478.162, "NUDISTCDAG": 31.951, "NUAREACONT": 0.049, "NUAREAMONT": 417.837, "NUDISTBACC": 2446.21, "NUAREABACC": 962.899, "NUCOMPCDA": 63.843, "Shape__Len": 0, "OBJECTID": 104007, "ID": 2550, "COTRECHO": 2550, "COCURSODAG": "463682", "COBACIA": "4636825", "NOGENERICO": "Rio", "NOLIGACAO": null, "NOESPECIF": "Quatro Cachoeiras", "NORIOCOMP": "Rio Quatro Cachoeiras", "NOORIGINAL": "Rio Quatro Cachoeiras", "COCDADESAG": "46368", "NUTRJUS": 16695, "NUORDEMCDA": 5, "NUNIVOTTO": 7, "NUNIVOTCDA": 6, "NUSTRAHLER": 2, "DEDOMINIAL": "Estadual", "DSVERSAO": "BHO bho_2017_v_01_05_50k de 2018-06-22" }, "geometry": { "type": "MultiLineString", "coordinates": [ [ [ -62.8387861, -10.175637299671454 ], [ -62.840320099999985, -10.17450619967148 ] ] ] } },
{ "type": "Feature", "properties": { "NUCOMPTREC": 18.103, "NUDISTBACT": 2464.941, "NUDISTCDAG": 23.524, "NUAREACONT": 91.039, "NUAREAMONT": 91.039, "NUDISTBACC": 2441.417, "NUAREABACC": 465.139, "NUCOMPCDA": 41.627, "Shape__Len": 0, "OBJECTID": 104008, "ID": 89626, "COTRECHO": 89626, "COCURSODAG": "463664", "COBACIA": "4636647", "NOGENERICO": "Braço", "NOLIGACAO": null, "NOESPECIF": "Sul Rio Branco", "NORIOCOMP": "Braço Sul Rio Branco", "NOORIGINAL": "Braço Sul Rio Branco", "COCDADESAG": "46366", "NUTRJUS": 89080, "NUORDEMCDA": 5, "NUNIVOTTO": 7, "NUNIVOTCDA": 6, "NUSTRAHLER": 1, "DEDOMINIAL": "Estadual", "DSVERSAO": "BHO bho_2017_v_01_05_50k de 2018-06-22" }, "geometry": { "type": "MultiLineString", "coordinates": [ [ [ -62.7330799, -10.121068899673149 ], [ -62.7363833, -10.113011099673374 ], [ -62.747686199999961, -10.099959299673824 ], [ -62.7493917, -10.090939199674049 ], [ -62.748716100000024, -10.084410299674269 ], [ -62.7550756, -10.071072899674677 ], [ -62.7607368, -10.068056799674803 ], [ -62.7700251, -10.069642399674757 ], [ -62.7763119, -10.068551699674767 ], [ -62.7806263, -10.062889499674919 ], [ -62.785280199999981, -10.051671599675299 ], [ -62.7944281, -10.043766499675536 ], [ -62.795740299999977, -10.038443699675701 ], [ -62.805757599999978, -10.035430299675765 ], [ -62.8169388, -10.027522499676014 ], [ -62.8252127, -10.02479359967613 ], [ -62.839905900000019, -10.02620399967609 ], [ -62.840265699999961, -10.026238499676056 ] ] ] } },
{ "type": "Feature", "properties": { "NUCOMPTREC": 18.246, "NUDISTBACT": 2441.417, "NUDISTCDAG": 17.07, "NUAREACONT": 123.04, "NUAREAMONT": 518.489, "NUDISTBACC": 2424.348, "NUAREABACC": 1238.507, "NUCOMPCDA": 73.723, "Shape__Len": 0, "OBJECTID": 104009, "ID": 91113, "COTRECHO": 91113, "COCURSODAG": "46366", "COBACIA": "463665", "NOGENERICO": "Rio", "NOLIGACAO": null, "NOESPECIF": "São João", "NORIOCOMP": "Rio São João", "NOORIGINAL": "Rio São João", "COCDADESAG": "4636", "NUTRJUS": 91088, "NUORDEMCDA": 4, "NUNIVOTTO": 6, "NUNIVOTCDA": 5, "NUSTRAHLER": 2, "DEDOMINIAL": "Estadual", "DSVERSAO": "BHO bho_2017_v_01_05_50k de 2018-06-22" }, "geometry": { "type": "MultiLineString", "coordinates": [ [ [ -62.827864, -9.870908599680888 ], [ -62.8332924, -9.864096299681121 ], [ -62.837092199999972, -9.863752199681128 ], [ -62.840483, -9.863445099681096 ], [ -62.8438663, -9.865257399681079 ], [ -62.8472042, -9.864540699681113 ], [ -62.8506875, -9.86022959968124 ], [ -62.856203100000016, -9.856775099681318 ], [ -62.8635999, -9.85994339968124 ], [ -62.865919299999959, -9.859367299681226 ], [ -62.881010600000032, -9.85103109968151 ], [ -62.896677899999986, -9.850747699681509 ], [ -62.902479700000022, -9.853631499681434 ], [ -62.9062525, -9.857655999681326 ], [ -62.9126271, -9.878375599680686 ], [ -62.919878900000015, -9.886291099680404 ], [ -62.9282945, -9.89161669968024 ], [ -62.945555800000015, -9.89564509968015 ], [ -62.957194800000025, -9.904362399679879 ] ] ] } },
{ "type": "Feature", "properties": { "NUCOMPTREC": 21.228, "NUDISTBACT": 2459.663, "NUDISTCDAG": 0.0, "NUAREACONT": 108.001, "NUAREAMONT": 108.001, "NUDISTBACC": 2459.663, "NUAREABACC": 108.001, "NUCOMPCDA": 21.228, "Shape__Len": 0, "OBJECTID": 104010, "ID": 90004, "COTRECHO": 90004, "COCURSODAG": "463666", "COBACIA": "463666", "NOGENERICO": "Igarapé", "NOLIGACAO": "do", "NOESPECIF": "Retiro", "NORIOCOMP": "Igarapé do Retiro", "NOORIGINAL": "Igarapé do Retiro", "COCDADESAG": "46366", "NUTRJUS": 91113, "NUORDEMCDA": 5, "NUNIVOTTO": 6, "NUNIVOTCDA": 6, "NUSTRAHLER": 1, "DEDOMINIAL": "Estadual", "DSVERSAO": "BHO bho_2017_v_01_05_50k de 2018-06-22" }, "geometry": { "type": "MultiLineString", "coordinates": [ [ [ -62.680500400000028, -9.88850919968033 ], [ -62.701828900000017, -9.87220779968087 ], [ -62.707550599999976, -9.866168399681026 ], [ -62.7157451, -9.854173799681435 ], [ -62.7164773, -9.845542099681657 ], [ -62.720544, -9.839929799681842 ], [ -62.7312824, -9.836488599681951 ], [ -62.754346, -9.838375199681877 ], [ -62.7653666, -9.842267999681763 ], [ -62.807996600000024, -9.881142599680556 ], [ -62.813657799999987, -9.879416499680614 ], [ -62.82135169999998, -9.872372499680839 ], [ -62.8257486, -9.871384199680895 ], [ -62.827864, -9.870908599680888 ] ] ] } },
{ "type": "Feature", "properties": { "NUCOMPTREC": 11.027, "NUDISTBACT": 2424.348, "NUDISTCDAG": 248.935, "NUAREACONT": 82.836, "NUAREAMONT": 8148.32, "NUDISTBACC": 2175.413, "NUAREABACC": 29090.417, "NUCOMPCDA": 441.457, "Shape__Len": 0, "OBJECTID": 104011, "ID": 91114, "COTRECHO": 91114, "COCURSODAG": "4636", "COBACIA": "46367", "NOGENERICO": "Rio", "NOLIGACAO": null, "NOESPECIF": "Jamari", "NORIOCOMP": "Rio Jamari", "NOORIGINAL": "Rio Jamari", "COCDADESAG": "46", "NUTRJUS": 87764, "NUORDEMCDA": 3, "NUNIVOTTO": 5, "NUNIVOTCDA": 4, "NUSTRAHLER": 4, "DEDOMINIAL": "Estadual", "DSVERSAO": "BHO bho_2017_v_01_05_50k de 2018-06-22" }, "geometry": { "type": "MultiLineString", "coordinates": [ [ [ -63.062584800000018, -9.935491099678854 ], [ -63.061081399999964, -9.933996099678938 ], [ -63.060597, -9.928924999679085 ], [ -63.0678643, -9.920322099679373 ], [ -63.0690237, -9.915142699679507 ], [ -63.068298700000021, -9.911835399679594 ], [ -63.062783, -9.905650299679788 ], [ -63.060024699999971, -9.899891399679987 ], [ -63.06307240000001, -9.891549699680231 ], [ -63.0699697, -9.881739099680559 ], [ -63.06933249999998, -9.875790099680758 ], [ -63.0714575, -9.86474449968105 ], [ -63.069115, -9.858656699681253 ], [ -63.0682685, -9.85645669968136 ], [ -63.064694700000018, -9.847560199681592 ], [ -63.0645224, -9.847131099681629 ] ] ] } },
{ "type": "Feature", "properties": { "NUCOMPTREC": 14.086, "NUDISTBACT": 2477.66, "NUDISTCDAG": 0.0, "NUAREACONT": 53.478, "NUAREAMONT": 53.478, "NUDISTBACC": 2477.66, "NUAREABACC": 53.478, "NUCOMPCDA": 14.086, "Shape__Len": 0, "OBJECTID": 104012, "ID": 91133, "COTRECHO": 91133, "COCURSODAG": "4636842", "COBACIA": "4636842", "NOGENERICO": null, "NOLIGACAO": null, "NOESPECIF": null, "NORIOCOMP": null, "NOORIGINAL": null, "COCDADESAG": "463684", "NUTRJUS": 91130, "NUORDEMCDA": 6, "NUNIVOTTO": 7, "NUNIVOTCDA": 7, "NUSTRAHLER": 1, "DEDOMINIAL": "Estadual", "DSVERSAO": "BHO bho_2017_v_01_05_50k de 2018-06-22" }, "geometry": { "type": "MultiLineString", "coordinates": [ [ [ -62.8681791, -10.331627699666644 ], [ -62.868766900000033, -10.314793699667144 ], [ -62.87356190000002, -10.307894799667345 ], [ -62.900730399999986, -10.300131899667598 ], [ -62.9123578, -10.291647899667847 ], [ -62.924271200000021, -10.288052299667976 ], [ -62.930809599999968, -10.284027799668097 ], [ -62.943302500000023, -10.27022039966856 ], [ -62.9488225, -10.26676479966862 ], [ -62.95245419999997, -10.266479799668668 ], [ -62.96259, -10.269165399668584 ], [ -62.962906499999981, -10.269249299668571 ] ] ] } },
{ "type": "Feature", "properties": { "NUCOMPTREC": 23.961, "NUDISTBACT": 2476.532, "NUDISTCDAG": 0.0, "NUAREACONT": 151.12, "NUAREAMONT": 151.12, "NUDISTBACC": 2476.532, "NUAREABACC": 151.12, "NUCOMPCDA": 23.961, "Shape__Len": 0, "OBJECTID": 104013, "ID": 89926, "COTRECHO": 89926, "COCURSODAG": "4636822", "COBACIA": "4636822", "NOGENERICO": null, "NOLIGACAO": null, "NOESPECIF": null, "NORIOCOMP": null, "NOORIGINAL": null, "COCDADESAG": "463682", "NUTRJUS": 91115, "NUORDEMCDA": 6, "NUNIVOTTO": 7, "NUNIVOTCDA": 7, "NUSTRAHLER": 1, "DEDOMINIAL": "Estadual", "DSVERSAO": "BHO bho_2017_v_01_05_50k de 2018-06-22" }, "geometry": { "type": "MultiLineString", "coordinates": [ [ [ -62.777625, -10.368547199665519 ], [ -62.777628900000032, -10.358983799665769 ], [ -62.7818444, -10.345402499666189 ], [ -62.780402200000019, -10.33277629966658 ], [ -62.7817332, -10.329714099666688 ], [ -62.7897294, -10.323246199666922 ], [ -62.804694499999989, -10.316923399667093 ], [ -62.808768499999978, -10.312033899667245 ], [ -62.812694, -10.301248799667572 ], [ -62.8196747, -10.28873369966799 ], [ -62.826071899999974, -10.279675299668252 ], [ -62.833484100000021, -10.273920799668403 ], [ -62.8392975, -10.26702069966862 ], [ -62.8391525, -10.260976799668795 ], [ -62.834510200000018, -10.25234179966909 ], [ -62.8316107, -10.24169609966942 ], [ -62.831904599999966, -10.232344399669683 ], [ -62.837142400000012, -10.21522759967022 ], [ -62.850012100000015, -10.185218499671178 ], [ -62.8501807, -10.184825099671178 ] ] ] } },
{ "type": "Feature", "properties": { "NUCOMPTREC": 28.312, "NUDISTBACT": 2498.579, "NUDISTCDAG": 8.957, "NUAREACONT": 169.07, "NUAREAMONT": 169.07, "NUDISTBACC": 2489.623, "NUAREABACC": 327.001, "NUCOMPCDA": 37.269, "Shape__Len": 0, "OBJECTID": 104014, "ID": 91167, "COTRECHO": 91167, "COCURSODAG": "463694", "COBACIA": "4636943", "NOGENERICO": null, "NOLIGACAO": null, "NOESPECIF": null, "NORIOCOMP": null, "NOORIGINAL": null, "COCDADESAG": "4636", "NUTRJUS": 91153, "NUORDEMCDA": 4, "NUNIVOTTO": 7, "NUNIVOTCDA": 6, "NUSTRAHLER": 1, "DEDOMINIAL": "Estadual", "DSVERSAO": "BHO bho_2017_v_01_05_50k de 2018-06-22" }, "geometry": { "type": "MultiLineString", "coordinates": [ [ [ -63.462503500000011, -10.401689199664503 ], [ -63.4503117, -10.412494299664139 ], [ -63.4447955, -10.414515399664106 ], [ -63.434621600000014, -10.413665399664119 ], [ -63.428228100000013, -10.416264399664014 ], [ -63.4196642, -10.423609999663782 ], [ -63.405283, -10.428088399663638 ], [ -63.39685960000002, -10.433421199663497 ], [ -63.389882899999961, -10.433716799663502 ], [ -63.383775, -10.430270199663589 ], [ -63.373731, -10.416761799664036 ], [ -63.368920399999986, -10.403241099664426 ], [ -63.358888, -10.397064399664611 ], [ -63.3567018, -10.389730499664834 ], [ -63.347393899999979, -10.383269399665073 ], [ -63.342579899999976, -10.364137599665622 ], [ -63.3305059, -10.352929799666001 ], [ -63.326287, -10.347176399666175 ], [ -63.322643500000012, -10.334520799666555 ], [ -63.320881199999974, -10.31438119966719 ], [ -63.3128744, -10.298994499667636 ], [ -63.312506900000024, -10.291483399667884 ], [ -63.312405, -10.289401699667927 ] ] ] } },
{ "type": "Feature", "properties": { "NUCOMPTREC": 18.107, "NUDISTBACT": 2484.032, "NUDISTCDAG": 0.0, "NUAREACONT": 81.72, "NUAREAMONT": 81.72, "NUDISTBACC": 2484.032, "NUAREABACC": 81.72, "NUCOMPCDA": 18.107, "Shape__Len": 0, "OBJECTID": 104016, "ID": 91109, "COTRECHO": 91109, "COCURSODAG": "4636828", "COBACIA": "4636828", "NOGENERICO": "Rio", "NOLIGACAO": null, "NOESPECIF": "Quatro Cachoeiras", "NORIOCOMP": "Rio Quatro Cachoeiras", "NOORIGINAL": "Rio Quatro Cachoeiras", "COCDADESAG": "463682", "NUTRJUS": 91117, "NUORDEMCDA": 6, "NUNIVOTTO": 7, "NUNIVOTCDA": 7, "NUSTRAHLER": 1, "DEDOMINIAL": "Estadual", "DSVERSAO": "BHO bho_2017_v_01_05_50k de 2018-06-22" }, "geometry": { "type": "MultiLineString", "coordinates": [ [ [ -62.672761400000013, -10.233198199669671 ], [ -62.676732500000014, -10.223254199669965 ], [ -62.682027500000011, -10.219144799670083 ], [ -62.685800299999983, -10.219291399670068 ], [ -62.692769899999959, -10.222894799670003 ], [ -62.702348900000011, -10.230528099669769 ], [ -62.717890099999977, -10.229679699669807 ], [ -62.721231900000021, -10.230976999669739 ], [ -62.725004099999964, -10.233856999669644 ], [ -62.7320386, -10.244214799669345 ], [ -62.736007500000021, -10.245197099669285 ], [ -62.7374481, -10.2455536996693 ], [ -62.746237099999966, -10.235641299669584 ], [ -62.7501699, -10.221113999670052 ], [ -62.7532221, -10.217952299670122 ], [ -62.764402800000028, -10.216231799670197 ], [ -62.7766062, -10.210057699670392 ], [ -62.797423499999965, -10.208610899670434 ], [ -62.7996814, -10.20845379967041 ] ] ] } },
{ "type": "Feature", "properties": { "NUCOMPTREC": 8.547, "NUDISTBACT": 2458.097, "NUDISTCDAG": 22.723, "NUAREACONT": 33.22, "NUAREAMONT": 1010.389, "NUDISTBACC": 2435.374, "NUAREABACC": 3072.383, "NUCOMPCDA": 109.538, "Shape__Len": 0, "OBJECTID": 104017, "ID": 90202, "COTRECHO": 90202, "COCURSODAG": "46368", "COBACIA": "4636851", "NOGENERICO": "Rio", "NOLIGACAO": null, "NOESPECIF": "Canaã", "NORIOCOMP": "Rio Canaã", "NOORIGINAL": "Rio Canaã", "COCDADESAG": "4636", "NUTRJUS": 91118, "NUORDEMCDA": 4, "NUNIVOTTO": 7, "NUNIVOTCDA": 5, "NUSTRAHLER": 2, "DEDOMINIAL": "Estadual", "DSVERSAO": "BHO bho_2017_v_01_05_50k de 2018-06-22" }, "geometry": { "type": "MultiLineString", "coordinates": [ [ [ -63.117368899999974, -10.177135899671404 ], [ -63.1143705, -10.169959199671631 ], [ -63.100011400000028, -10.162353599671876 ], [ -63.0969597, -10.157465299672028 ], [ -63.096307399999986, -10.151724699672179 ], [ -63.090570099999965, -10.144091899672405 ], [ -63.0728544, -10.137761399672621 ], [ -63.0629748, -10.129613799672891 ], [ -63.06257369999998, -10.129282999672869 ] ] ] } },
{ "type": "Feature", "properties": { "NUCOMPTREC": 26.021, "NUDISTBACT": 2484.032, "NUDISTCDAG": 37.821, "NUAREACONT": 170.15, "NUAREAMONT": 170.15, "NUDISTBACC": 2446.21, "NUAREABACC": 962.899, "NUCOMPCDA": 63.843, "Shape__Len": 0, "OBJECTID": 104018, "ID": 91132, "COTRECHO": 91132, "COCURSODAG": "463682", "COBACIA": "4636829", "NOGENERICO": null, "NOLIGACAO": null, "NOESPECIF": null, "NORIOCOMP": null, "NOORIGINAL": null, "COCDADESAG": "46368", "NUTRJUS": 91117, "NUORDEMCDA": 5, "NUNIVOTTO": 7, "NUNIVOTCDA": 6, "NUSTRAHLER": 1, "DEDOMINIAL": "Estadual", "DSVERSAO": "BHO bho_2017_v_01_05_50k de 2018-06-22" }, "geometry": { "type": "MultiLineString", "coordinates": [ [ [ -62.711321199999972, -10.415862099664057 ], [ -62.71424339999998, -10.390995799664783 ], [ -62.7141444, -10.36591729966556 ], [ -62.715891100000029, -10.360163399665733 ], [ -62.725786700000015, -10.340463199666345 ], [ -62.7377189, -10.32105089966695 ], [ -62.743543900000027, -10.299186799667611 ], [ -62.75082279999998, -10.283081099668145 ], [ -62.757220099999984, -10.275170499668389 ], [ -62.7768391, -10.260367499668805 ], [ -62.784544700000012, -10.250587999669122 ], [ -62.792254199999988, -10.231028899669756 ], [ -62.796507500000018, -10.212894999670302 ], [ -62.798198099999972, -10.210529399670355 ], [ -62.7996814, -10.20845379967041 ] ] ] } },
{ "type": "Feature", "properties": { "NUCOMPTREC": 19.563, "NUDISTBACT": 2458.097, "NUDISTCDAG": 0.0, "NUAREACONT": 215.574, "NUAREAMONT": 936.158, "NUDISTBACC": 2458.097, "NUAREABACC": 936.158, "NUCOMPCDA": 63.038, "Shape__Len": 0, "OBJECTID": 104019, "ID": 91130, "COTRECHO": 91130, "COCURSODAG": "463684", "COBACIA": "4636841", "NOGENERICO": "Rio", "NOLIGACAO": null, "NOESPECIF": "Pardo", "NORIOCOMP": "Rio Pardo", "NOORIGINAL": "Rio Pardo", "COCDADESAG": "46368", "NUTRJUS": 91118, "NUORDEMCDA": 5, "NUNIVOTTO": 7, "NUNIVOTCDA": 6, "NUSTRAHLER": 2, "DEDOMINIAL": "Estadual", "DSVERSAO": "BHO bho_2017_v_01_05_50k de 2018-06-22" }, "geometry": { "type": "MultiLineString", "coordinates": [ [ [ -62.962906499999981, -10.269249299668571 ], [ -62.973240499999974, -10.260626999668819 ], [ -62.98573, -10.246812899669267 ], [ -63.011727399999984, -10.227679899669846 ], [ -63.020589200000018, -10.217610999670129 ], [ -63.034085300000015, -10.194440799670858 ], [ -63.040092300000012, -10.176597399671419 ], [ -63.040680899999984, -10.174848899671437 ], [ -63.046574799999966, -10.156899899672011 ], [ -63.06257369999998, -10.129282999672869 ] ] ] } },
{ "type": "Feature", "properties": { "NUCOMPTREC": 13.565, "NUDISTBACT": 2477.66, "NUDISTCDAG": 19.563, "NUAREACONT": 137.617, "NUAREAMONT": 667.105, "NUDISTBACC": 2458.097, "NUAREABACC": 936.158, "NUCOMPCDA": 63.038, "Shape__Len": 0, "OBJECTID": 104020, "ID": 91119, "COTRECHO": 91119, "COCURSODAG": "463684", "COBACIA": "4636843", "NOGENERICO": "Rio", "NOLIGACAO": null, "NOESPECIF": "Pardo", "NORIOCOMP": "Rio Pardo", "NOORIGINAL": "Rio Pardo", "COCDADESAG": "46368", "NUTRJUS": 91130, "NUORDEMCDA": 5, "NUNIVOTTO": 7, "NUNIVOTCDA": 6, "NUSTRAHLER": 2, "DEDOMINIAL": "Estadual", "DSVERSAO": "BHO bho_2017_v_01_05_50k de 2018-06-22" }, "geometry": { "type": "MultiLineString", "coordinates": [ [ [ -62.922306499999976, -10.378046199665233 ], [ -62.929207599999984, -10.362036599665705 ], [ -62.9379243, -10.356284899665862 ], [ -62.9444666, -10.347658199666151 ], [ -62.9467932, -10.340751399666329 ], [ -62.949257600000017, -10.302613999667534 ], [ -62.954088899999988, -10.297738599667685 ], [ -62.9555138, -10.296300599667727 ], [ -62.957551, -10.290544999667915 ], [ -62.958424299999983, -10.277455999668287 ], [ -62.9627582, -10.269520899668537 ], [ -62.962906499999981, -10.269249299668571 ] ] ] } },
{ "type": "Feature", "properties": { "NUCOMPTREC": 21.371, "NUDISTBACT": 2493.871, "NUDISTCDAG": 0.0, "NUAREACONT": 172.5, "NUAREAMONT": 172.5, "NUDISTBACC": 2493.871, "NUAREABACC": 172.5, "NUCOMPCDA": 21.371, "Shape__Len": 0, "OBJECTID": 104021, "ID": 90861, "COTRECHO": 90861, "COCURSODAG": "4636846", "COBACIA": "4636846", "NOGENERICO": null, "NOLIGACAO": null, "NOESPECIF": null, "NORIOCOMP": null, "NOORIGINAL": null, "COCDADESAG": "463684", "NUTRJUS": 91120, "NUORDEMCDA": 6, "NUNIVOTTO": 7, "NUNIVOTCDA": 7, "NUSTRAHLER": 1, "DEDOMINIAL": "Estadual", "DSVERSAO": "BHO bho_2017_v_01_05_50k de 2018-06-22" }, "geometry": { "type": "MultiLineString", "coordinates": [ [ [ -62.762095699999975, -10.462509499662604 ], [ -62.770816299999979, -10.434397099663482 ], [ -62.775752399999988, -10.426842599663678 ], [ -62.788215200000025, -10.413734599664098 ], [ -62.801444300000014, -10.407699599664294 ], [ -62.817291, -10.395912299664669 ], [ -62.824557799999987, -10.394190499664685 ], [ -62.8338584, -10.394193199664725 ], [ -62.840835200000015, -10.391321599664826 ], [ -62.846359099999972, -10.387438199664937 ], [ -62.8542097, -10.378523199665203 ], [ -62.862060299999982, -10.373059699665349 ], [ -62.8678704, -10.37076019966543 ], [ -62.872520399999978, -10.370902399665397 ], [ -62.8777505, -10.374357499665292 ], [ -62.8919874, -10.390045799664836 ], [ -62.899272100000012, -10.3916289996648 ], [ -62.902716199999979, -10.392377399664744 ], [ -62.903427500000021, -10.392531899664744 ] ] ] } },
{ "type": "Feature", "properties": { "NUCOMPTREC": 13.834, "NUDISTBACT": 2475.372, "NUDISTCDAG": 39.998, "NUAREACONT": 127.875, "NUAREAMONT": 804.78, "NUDISTBACC": 2435.374, "NUAREABACC": 3072.383, "NUCOMPCDA": 109.538, "Shape__Len": 0, "OBJECTID": 104022, "ID": 90615, "COTRECHO": 90615, "COCURSODAG": "46368", "COBACIA": "463687", "NOGENERICO": "Rio", "NOLIGACAO": null, "NOESPECIF": "Canaã", "NORIOCOMP": "Rio Canaã", "NOORIGINAL": "Rio Canaã", "COCDADESAG": "4636", "NUTRJUS": 89251, "NUORDEMCDA": 4, "NUNIVOTTO": 6, "NUNIVOTCDA": 5, "NUSTRAHLER": 2, "DEDOMINIAL": "Estadual", "DSVERSAO": "BHO bho_2017_v_01_05_50k de 2018-06-22" }, "geometry": { "type": "MultiLineString", "coordinates": [ [ [ -63.1346995, -10.339626399666376 ], [ -63.143939, -10.333241899666593 ], [ -63.1452435, -10.32979299966668 ], [ -63.143351199999977, -10.321732899666911 ], [ -63.145258399999982, -10.304114499667509 ], [ -63.1440951, -10.297512799667683 ], [ -63.1372361, -10.287210499668019 ], [ -63.133311, -10.275708199668358 ], [ -63.13025870000002, -10.272397099668432 ], [ -63.126772, -10.270098699668534 ], [ -63.104399, -10.263921599668727 ], [ -63.101350700000012, -10.259890399668866 ], [ -63.098878899999988, -10.252123699669118 ], [ -63.094764100000027, -10.248968399669213 ], [ -63.094451100000022, -10.248728399669194 ], [ -63.093065, -10.247665399669255 ] ] ] } },
{ "type": "Feature", "properties": { "NUCOMPTREC": 20.926, "NUDISTBACT": 2489.206, "NUDISTCDAG": 0.0, "NUAREACONT": 100.219, "NUAREAMONT": 100.219, "NUDISTBACC": 2489.206, "NUAREABACC": 100.219, "NUCOMPCDA": 20.926, "Shape__Len": 0, "OBJECTID": 104023, "ID": 91135, "COTRECHO": 91135, "COCURSODAG": "463688", "COBACIA": "463688", "NOGENERICO": null, "NOLIGACAO": null, "NOESPECIF": null, "NORIOCOMP": null, "NOORIGINAL": null, "COCDADESAG": "46368", "NUTRJUS": 90615, "NUORDEMCDA": 5, "NUNIVOTTO": 6, "NUNIVOTCDA": 6, "NUSTRAHLER": 1, "DEDOMINIAL": "Estadual", "DSVERSAO": "BHO bho_2017_v_01_05_50k de 2018-06-22" }, "geometry": { "type": "MultiLineString", "coordinates": [ [ [ -63.147490699999977, -10.486274099661875 ], [ -63.1285927, -10.479952399662064 ], [ -63.114928099999972, -10.480100799662067 ], [ -63.111586400000022, -10.478087999662133 ], [ -63.1107131, -10.475065699662226 ], [ -63.1157903, -10.453485599662903 ], [ -63.110262400000018, -10.435937099663404 ], [ -63.110545100000024, -10.405725199664349 ], [ -63.1150462, -10.395654599664656 ], [ -63.133059100000025, -10.380396699665134 ], [ -63.133929099999975, -10.376082199665243 ], [ -63.1317429, -10.361694899665681 ], [ -63.1362446, -10.351335999666038 ], [ -63.134948800000025, -10.341515499666338 ], [ -63.1346995, -10.339626399666376 ] ] ] } },
{ "type": "Feature", "properties": { "NUCOMPTREC": 9.885, "NUDISTBACT": 2439.756, "NUDISTCDAG": 0.0, "NUAREACONT": 102.923, "NUAREAMONT": 460.671, "NUDISTBACC": 2439.756, "NUAREABACC": 460.671, "NUCOMPCDA": 51.249, "Shape__Len": 0, "OBJECTID": 104025, "ID": 90318, "COTRECHO": 90318, "COCURSODAG": "463692", "COBACIA": "4636921", "NOGENERICO": "Igarapé", "NOLIGACAO": null, "NOESPECIF": "Itapoana", "NORIOCOMP": "Igarapé Itapoana", "NOORIGINAL": "Igarapé Itapoana", "COCDADESAG": "4636", "NUTRJUS": 7621, "NUORDEMCDA": 4, "NUNIVOTTO": 7, "NUNIVOTCDA": 6, "NUSTRAHLER": 2, "DEDOMINIAL": "Estadual", "DSVERSAO": "BHO bho_2017_v_01_05_50k de 2018-06-22" }, "geometry": { "type": "MultiLineString", "coordinates": [ [ [ -63.168035299999985, -9.957573199678221 ], [ -63.1618424, -9.948082599678516 ], [ -63.160287400000023, -9.945699299678564 ], [ -63.160013799999987, -9.945363099678584 ], [ -63.1573925, -9.942143099678692 ], [ -63.150006800000035, -9.937909799678811 ], [ -63.136655, -9.936190399678853 ], [ -63.12766, -9.939790499678772 ], [ -63.119679799999979, -9.940945999678714 ], [ -63.112428099999988, -9.949577199678465 ], [ -63.104737600000021, -9.954186099678324 ], [ -63.099656400000015, -9.953037199678317 ], [ -63.0977469, -9.950940699678391 ], [ -63.0958946, -9.948906699678485 ] ] ] } },
{ "type": "Feature", "properties": { "NUCOMPTREC": 29.249, "NUDISTBACT": 2439.756, "NUDISTCDAG": 264.344, "NUAREACONT": 221.323, "NUAREAMONT": 4519.722, "NUDISTBACC": 2175.413, "NUAREABACC": 29090.417, "NUCOMPCDA": 441.457, "Shape__Len": 0, "OBJECTID": 104026, "ID": 91122, "COTRECHO": 91122, "COCURSODAG": "4636", "COBACIA": "4636931", "NOGENERICO": "Rio", "NOLIGACAO": null, "NOESPECIF": "Jamari", "NORIOCOMP": "Rio Jamari", "NOORIGINAL": "Rio Jamari", "COCDADESAG": "46", "NUTRJUS": 7621, "NUORDEMCDA": 3, "NUNIVOTTO": 7, "NUNIVOTCDA": 4, "NUSTRAHLER": 4, "DEDOMINIAL": "Estadual", "DSVERSAO": "BHO bho_2017_v_01_05_50k de 2018-06-22" }, "geometry": { "type": "MultiLineString", "coordinates": [ [ [ -63.208304100000021, -10.146584399672355 ], [ -63.2082532, -10.146546499672347 ], [ -63.2047758, -10.143961599672437 ], [ -63.194384500000012, -10.142990999672456 ], [ -63.186106100000011, -10.138098199672614 ], [ -63.172892, -10.135374899672689 ], [ -63.1719954, -10.130249899672872 ], [ -63.174772599999976, -10.125015999673028 ], [ -63.173754200000019, -10.117678199673245 ], [ -63.170122499999977, -10.114226999673393 ], [ -63.158067899999985, -10.109197099673523 ], [ -63.149641099999982, -10.098554199673858 ], [ -63.1480428, -10.093232499673997 ], [ -63.147454900000021, -10.076544099674491 ], [ -63.134237, -10.056693399675105 ], [ -63.123635700000015, -10.047922199675424 ], [ -63.1194168, -10.029937699675962 ], [ -63.113465599999977, -10.025195499676107 ], [ -63.111142799999989, -10.02087819967627 ], [ -63.114327800000012, -10.003757599676744 ], [ -63.107938199999978, -9.984479099677346 ], [ -63.112142100000014, -9.977430099677582 ], [ -63.112431500000014, -9.971386799677777 ], [ -63.1088004, -9.96879729967786 ], [ -63.100674799999972, -9.966785099677894 ], [ -63.098203, -9.957435599678208 ], [ -63.0951546, -9.953982299678325 ], [ -63.095427500000028, -9.952110799678389 ], [ -63.0958946, -9.948906699678485 ] ] ] } },
{ "type": "Feature", "properties": { "NUCOMPTREC": 22.077, "NUDISTBACT": 2469.005, "NUDISTCDAG": 0.0, "NUAREACONT": 108.098, "NUAREAMONT": 108.098, "NUDISTBACC": 2469.005, "NUAREABACC": 108.098, "NUCOMPCDA": 22.077, "Shape__Len": 0, "OBJECTID": 104027, "ID": 91123, "COTRECHO": 91123, "COCURSODAG": "4636932", "COBACIA": "4636932", "NOGENERICO": "Igarapé", "NOLIGACAO": null, "NOESPECIF": "Bom Futuro", "NORIOCOMP": "Igarapé Bom Futuro", "NOORIGINAL": "Igarapé Bom Futuro", "COCDADESAG": "4636", "NUTRJUS": 91122, "NUORDEMCDA": 4, "NUNIVOTTO": 7, "NUNIVOTCDA": 7, "NUSTRAHLER": 1, "DEDOMINIAL": "Estadual", "DSVERSAO": "BHO bho_2017_v_01_05_50k de 2018-06-22" }, "geometry": { "type": "MultiLineString", "coordinates": [ [ [ -63.3878449, -10.19264569967094 ], [ -63.3763586, -10.181721299671262 ], [ -63.366478500000035, -10.17612239967143 ], [ -63.3512311, -10.177433599671362 ], [ -63.3433877, -10.175139199671452 ], [ -63.3336448, -10.160765199671943 ], [ -63.330738100000019, -10.15904079967197 ], [ -63.319415699999979, -10.159916299671956 ], [ -63.305183399999969, -10.15647469967203 ], [ -63.295600499999964, -10.160800299671925 ], [ -63.2903744, -10.161668599671875 ], [ -63.2773014, -10.156499799672051 ], [ -63.2635075, -10.155790899672063 ], [ -63.251742799999988, -10.148608099672273 ], [ -63.24477330000002, -10.148758699672262 ], [ -63.2258903, -10.142153099672464 ], [ -63.215441399999968, -10.147192699672328 ], [ -63.208304100000021, -10.146584399672355 ] ] ] } },
{ "type": "Feature", "properties": { "NUCOMPTREC": 13.885, "NUDISTBACT": 2521.041, "NUDISTCDAG": 0.0, "NUAREACONT": 96.202, "NUAREAMONT": 434.424, "NUDISTBACC": 2521.041, "NUAREABACC": 434.424, "NUCOMPCDA": 48.004, "Shape__Len": 0, "OBJECTID": 104028, "ID": 79940, "COTRECHO": 79940, "COCURSODAG": "4636962", "COBACIA": "46369621", "NOGENERICO": "Igarapé", "NOLIGACAO": null, "NOESPECIF": "São Raimundo", "NORIOCOMP": "Igarapé São Raimundo", "NOORIGINAL": "Igarapé São Raimundo", "COCDADESAG": "463696", "NUTRJUS": 16699, "NUORDEMCDA": 5, "NUNIVOTTO": 8, "NUNIVOTCDA": 7, "NUSTRAHLER": 2, "DEDOMINIAL": "Estadual", "DSVERSAO": "BHO bho_2017_v_01_05_50k de 2018-06-22" }, "geometry": { "type": "MultiLineString", "coordinates": [ [ [ -63.328697543130595, -10.547302923773803 ], [ -63.3283665, -10.545729999660034 ], [ -63.3213819, -10.537681699660283 ], [ -63.299706099999987, -10.520727099660794 ], [ -63.295197200000018, -10.514978199660961 ], [ -63.291405499999989, -10.503185399661348 ], [ -63.289357, -10.48764859966183 ], [ -63.281153, -10.473296899662246 ], [ -63.2804302, -10.472032399662295 ] ] ] } },
{ "type": "Feature", "properties": { "NUCOMPTREC": 15.647, "NUDISTBACT": 2521.041, "NUDISTCDAG": 5.811, "NUAREACONT": 92.862, "NUAREAMONT": 605.086, "NUDISTBACC": 2515.23, "NUAREABACC": 1062.985, "NUCOMPCDA": 64.402, "Shape__Len": 0, "OBJECTID": 104032, "ID": 91174, "COTRECHO": 91174, "COCURSODAG": "463696", "COBACIA": "4636963", "NOGENERICO": "Rio", "NOLIGACAO": null, "NOESPECIF": "Nova Floresta", "NORIOCOMP": "Rio Nova Floresta", "NOORIGINAL": "Rio Nova Floresta", "COCDADESAG": "4636", "NUTRJUS": 16699, "NUORDEMCDA": 4, "NUNIVOTTO": 7, "NUNIVOTCDA": 6, "NUSTRAHLER": 2, "DEDOMINIAL": "Estadual", "DSVERSAO": "BHO bho_2017_v_01_05_50k de 2018-06-22" }, "geometry": { "type": "MultiLineString", "coordinates": [ [ [ -63.388500933445165, -10.518740032091301 ], [ -63.381399199999969, -10.518338999660902 ], [ -63.369481800000017, -10.519362499660849 ], [ -63.362500599999976, -10.515343599660959 ], [ -63.353471099999986, -10.502405699661358 ], [ -63.340097, -10.499686299661459 ], [ -63.3107233, -10.489497999661799 ], [ -63.3014155, -10.483325799661946 ], [ -63.2910887, -10.473262399662277 ], [ -63.2804302, -10.472032399662295 ] ] ] } },
{ "type": "Feature", "properties": { "NUCOMPTREC": 15.25, "NUDISTBACT": 2526.27, "NUDISTCDAG": 0.0, "NUAREACONT": 63.72, "NUAREAMONT": 63.72, "NUDISTBACC": 2526.27, "NUAREABACC": 63.72, "NUCOMPCDA": 15.25, "Shape__Len": 0, "OBJECTID": 104033, "ID": 86175, "COTRECHO": 86175, "COCURSODAG": "4636972", "COBACIA": "4636972", "NOGENERICO": null, "NOLIGACAO": null, "NOESPECIF": null, "NORIOCOMP": null, "NOORIGINAL": null, "COCDADESAG": "4636", "NUTRJUS": 91162, "NUORDEMCDA": 4, "NUNIVOTTO": 7, "NUNIVOTCDA": 7, "NUSTRAHLER": 1, "DEDOMINIAL": "Estadual", "DSVERSAO": "BHO bho_2017_v_01_05_50k de 2018-06-22" }, "geometry": { "type": "MultiLineString", "coordinates": [ [ [ -63.11040965909914, -10.567100238130218 ], [ -63.11481, -10.554190699659774 ], [ -63.12149340000002, -10.545986199660053 ], [ -63.1283257, -10.545263899660057 ], [ -63.137050199999962, -10.546985599660029 ], [ -63.1675833, -10.54898499965995 ], [ -63.1792686, -10.544520799660063 ], [ -63.180504, -10.544048799660077 ] ] ] } },
{ "type": "Feature", "properties": { "NUCOMPTREC": 22.68, "NUDISTBACT": 2451.606, "NUDISTCDAG": 3.418, "NUAREACONT": 108.175, "NUAREAMONT": 108.175, "NUDISTBACC": 2448.189, "NUAREABACC": 215.246, "NUCOMPCDA": 26.098, "Shape__Len": 0, "OBJECTID": 104076, "ID": 91199, "COTRECHO": 91199, "COCURSODAG": "4637444", "COBACIA": "46374443", "NOGENERICO": null, "NOLIGACAO": null, "NOESPECIF": null, "NORIOCOMP": null, "NOORIGINAL": null, "COCDADESAG": "463744", "NUTRJUS": 91316, "NUORDEMCDA": 5, "NUNIVOTTO": 8, "NUNIVOTCDA": 7, "NUSTRAHLER": 1, "DEDOMINIAL": "Estadual", "DSVERSAO": "BHO bho_2017_v_01_05_50k de 2018-06-22" }, "geometry": { "type": "MultiLineString", "coordinates": [ [ [ -63.879043299999985, -9.598776499689336 ], [ -63.894222300000031, -9.581759099689872 ], [ -63.898750099999958, -9.578675199689991 ], [ -63.9074018, -9.577410199689984 ], [ -63.916541900000027, -9.580406799689907 ], [ -63.920990300000035, -9.587397399689685 ], [ -63.9365771, -9.591715699689576 ], [ -63.9400561, -9.59156459968961 ], [ -63.949612300000013, -9.586502899689753 ], [ -63.951539914499129, -9.586496516482942 ] ] ] } },
{ "type": "Feature", "properties": { "NUCOMPTREC": 36.475, "NUDISTBACT": 2467.512, "NUDISTCDAG": 1.401, "NUAREACONT": 262.157, "NUAREAMONT": 262.157, "NUDISTBACC": 2466.111, "NUAREABACC": 464.55, "NUCOMPCDA": 37.876, "Shape__Len": 0, "OBJECTID": 104077, "ID": 91323, "COTRECHO": 91323, "COCURSODAG": "4637446", "COBACIA": "46374463", "NOGENERICO": "Rio", "NOLIGACAO": null, "NOESPECIF": "Pardo", "NORIOCOMP": "Rio Pardo", "NOORIGINAL": "Rio Pardo", "COCDADESAG": "463744", "NUTRJUS": 15720, "NUORDEMCDA": 5, "NUNIVOTTO": 8, "NUNIVOTCDA": 7, "NUSTRAHLER": 1, "DEDOMINIAL": "Estadual", "DSVERSAO": "BHO bho_2017_v_01_05_50k de 2018-06-22" }, "geometry": { "type": "MultiLineString", "coordinates": [ [ [ -63.8175279, -9.84118269968179 ], [ -63.8314514, -9.871830699680835 ], [ -63.835620899999988, -9.879112899680628 ], [ -63.837940399999987, -9.880351299680566 ], [ -63.8532378, -9.879687299680619 ], [ -63.870629099999974, -9.872450499680857 ], [ -63.877884699999974, -9.872862799680837 ], [ -63.890618099999969, -9.861033199681211 ], [ -63.894829800000025, -9.862747599681121 ], [ -63.9003222, -9.86776089968099 ], [ -63.901547, -9.868878799680962 ], [ -63.9056594, -9.86564489968106 ], [ -63.91273990000002, -9.854834199681415 ], [ -63.924042799999981, -9.851209199681529 ], [ -63.9307073, -9.847449599681623 ], [ -63.935769, -9.842400199681759 ], [ -63.944001300000032, -9.830004999682181 ], [ -63.961412, -9.83153669968212 ], [ -63.967206499999975, -9.828788899682205 ], [ -63.967555, -9.827313999682245 ], [ -63.9680037, -9.825414899682288 ], [ -63.969617, -9.818589399682534 ], [ -63.980187699999988, -9.804146999682958 ], [ -63.981622, -9.798389199683115 ], [ -63.981580300000012, -9.784865199683571 ], [ -63.983312, -9.781409099683691 ], [ -63.984980016304334, -9.779867826469413 ] ] ] } },
{ "type": "Feature", "properties": { "NUCOMPTREC": 24.663, "NUDISTBACT": 2509.154, "NUDISTCDAG": 33.835, "NUAREACONT": 91.271, "NUAREAMONT": 91.271, "NUDISTBACC": 2475.319, "NUAREABACC": 393.714, "NUCOMPCDA": 58.498, "Shape__Len": 0, "OBJECTID": 104078, "ID": 91331, "COTRECHO": 91331, "COCURSODAG": "4637448", "COBACIA": "46374483", "NOGENERICO": "Igarapé", "NOLIGACAO": "da", "NOESPECIF": "Onça", "NORIOCOMP": "Igarapé da Onça", "NOORIGINAL": "Igarapé da Onça", "COCDADESAG": "463744", "NUTRJUS": 91324, "NUORDEMCDA": 5, "NUNIVOTTO": 8, "NUNIVOTCDA": 7, "NUSTRAHLER": 1, "DEDOMINIAL": "Estadual", "DSVERSAO": "BHO bho_2017_v_01_05_50k de 2018-06-22" }, "geometry": { "type": "MultiLineString", "coordinates": [ [ [ -63.911668500000012, -10.136728799672662 ], [ -63.917630799999984, -10.132881599672784 ], [ -63.9301092, -10.117792499673248 ], [ -63.934675299999988, -10.101327999673769 ], [ -63.940603099999983, -10.092820099673997 ], [ -63.982500099999974, -10.072125999674675 ], [ -63.98481570000002, -10.069245399674731 ], [ -63.983347299999984, -10.063637599674909 ], [ -63.974046699999981, -10.060066999675033 ], [ -63.969236599999988, -10.054038699675191 ], [ -63.968488799999989, -10.046416899675455 ], [ -63.974904900000013, -10.033415199675826 ], [ -63.973436600000014, -10.025862299676067 ], [ -63.9653604, -10.018511299676302 ], [ -63.940507299999979, -10.007074599676679 ], [ -63.9348311, -10.001621799676848 ], [ -63.9281155, -9.986612899677311 ], [ -63.92739269999997, -9.984997199677368 ] ] ] } },
{ "type": "Feature", "properties": { "NUCOMPTREC": 20.581, "NUDISTBACT": 2514.742, "NUDISTCDAG": 0.0, "NUAREACONT": 87.729, "NUAREAMONT": 87.729, "NUDISTBACC": 2514.742, "NUAREABACC": 87.729, "NUCOMPCDA": 20.581, "Shape__Len": 0, "OBJECTID": 104080, "ID": 90673, "COTRECHO": 90673, "COCURSODAG": "46374494", "COBACIA": "46374494", "NOGENERICO": null, "NOLIGACAO": null, "NOESPECIF": null, "NORIOCOMP": null, "NOORIGINAL": null, "COCDADESAG": "463744", "NUTRJUS": 90603, "NUORDEMCDA": 5, "NUNIVOTTO": 8, "NUNIVOTCDA": 8, "NUSTRAHLER": 1, "DEDOMINIAL": "Estadual", "DSVERSAO": "BHO bho_2017_v_01_05_50k de 2018-06-22" }, "geometry": { "type": "MultiLineString", "coordinates": [ [ [ -63.902009799999966, -10.209318299670411 ], [ -63.92662990000003, -10.183640199671206 ], [ -63.944883399999981, -10.168772299671659 ], [ -63.951845699999971, -10.16573169967174 ], [ -63.96186524141514, -10.163351155914022 ] ], [ [ -63.978631366742974, -10.128109524936313 ], [ -63.979018100000012, -10.125651499673003 ], [ -63.979311399999979, -10.123786899673087 ], [ -63.980997365402018, -10.121826847726995 ] ] ] } },
{ "type": "Feature", "properties": { "NUCOMPTREC": 5.66, "NUDISTBACT": 2478.372, "NUDISTCDAG": 32.162, "NUAREACONT": 10.627, "NUAREAMONT": 262.498, "NUDISTBACC": 2446.21, "NUAREABACC": 962.899, "NUCOMPCDA": 63.843, "Shape__Len": 0, "OBJECTID": 106322, "ID": 91117, "COTRECHO": 91117, "COCURSODAG": "463682", "COBACIA": "4636827", "NOGENERICO": "Rio", "NOLIGACAO": null, "NOESPECIF": "Quatro Cachoeiras", "NORIOCOMP": "Rio Quatro Cachoeiras", "NOORIGINAL": "Rio Quatro Cachoeiras", "COCDADESAG": "46368", "NUTRJUS": 2550, "NUORDEMCDA": 5, "NUNIVOTTO": 7, "NUNIVOTCDA": 6, "NUSTRAHLER": 2, "DEDOMINIAL": "Estadual", "DSVERSAO": "BHO bho_2017_v_01_05_50k de 2018-06-22" }, "geometry": { "type": "MultiLineString", "coordinates": [ [ [ -62.7996814, -10.20845379967041 ], [ -62.809581, -10.19842369967072 ], [ -62.826754400000027, -10.18644239967109 ], [ -62.8378672, -10.176462699671436 ], [ -62.8387861, -10.175637299671454 ] ] ] } },
{ "type": "Feature", "properties": { "NUCOMPTREC": 13.922, "NUDISTBACT": 2436.204, "NUDISTCDAG": 0.0, "NUAREACONT": 54.999, "NUAREAMONT": 54.999, "NUDISTBACC": 2436.204, "NUAREABACC": 54.999, "NUCOMPCDA": 13.922, "Shape__Len": 0, "OBJECTID": 113792, "ID": 89939, "COTRECHO": 89939, "COCURSODAG": "46365632", "COBACIA": "46365632", "NOGENERICO": null, "NOLIGACAO": null, "NOESPECIF": null, "NORIOCOMP": null, "NOORIGINAL": null, "COCDADESAG": "463656", "NUTRJUS": 90784, "NUORDEMCDA": 5, "NUNIVOTTO": 8, "NUNIVOTCDA": 8, "NUSTRAHLER": 1, "DEDOMINIAL": "Estadual", "DSVERSAO": "BHO bho_2017_v_01_05_50k de 2018-06-22" }, "geometry": { "type": "MultiLineString", "coordinates": [ [ [ -63.288565399999975, -9.95542559967828 ], [ -63.28122250000002, -9.947968299678513 ], [ -63.278983, -9.939833899678742 ], [ -63.274332800000025, -9.89144399968022 ], [ -63.276644499999968, -9.88266619968055 ], [ -63.2841823, -9.872156699680858 ], [ -63.284315699999965, -9.858056599681289 ], [ -63.2960612, -9.851859299681486 ], [ -63.299192399999974, -9.846790099681643 ], [ -63.300196299999989, -9.845164799681713 ] ] ] } }
]
}
